question,answer,category,solution
"What is Xchanger?","Vermeg Xchanger is a comprehensive regulatory reporting platform that helps financial institutions manage their regulatory obligations efficiently.","general_info","Xchanger"
"Tell me about Xchanger","Vermeg Xchanger is a comprehensive regulatory reporting platform that helps financial institutions manage their regulatory obligations efficiently. It offers comprehensive functionality to help organizations improve their operations and meet regulatory requirements.","general_info","Xchanger"
"What does Xchanger do?","Xchanger vermeg xchanger is a comprehensive regulatory reporting platform that helps financial institutions manage their regulatory obligations efficiently. The solution helps organizations streamline their processes and achieve better outcomes.","functionality","Xchanger"
"Can you explain Xchanger?","Certainly! Vermeg Xchanger is a comprehensive regulatory reporting platform that helps financial institutions manage their regulatory obligations efficiently. This makes it an ideal choice for organizations looking to enhance their operational capabilities.","general_info","Xchanger"
"What are the features of Xchanger?","The key features of Xchanger include: Automated regulatory reporting, Multi-jurisdiction compliance, Real-time data validation, Flexible data transformation, Comprehensive audit trail.","features","Xchanger"
"What capabilities does Xchanger have?","Xchanger offers the following capabilities: Automated regulatory reporting, Multi-jurisdiction compliance, Real-time data validation, Flexible data transformation, Comprehensive audit trail.","features","Xchanger"
"What functionality does Xchanger provide?","Xchanger provides comprehensive functionality including: Automated regulatory reporting, Multi-jurisdiction compliance, Real-time data validation, Flexible data transformation, Comprehensive audit trail.","features","Xchanger"
"What are the benefits of using Xchanger?","The key benefits of Xchanger include: Reduces compliance costs, Minimizes regulatory risk, Improves data quality, Accelerates reporting processes, Ensures regulatory compliance.","benefits","Xchanger"
"Why should I choose Xchanger?","You should choose Xchanger because it provides: Reduces compliance costs, Minimizes regulatory risk, Improves data quality, Accelerates reporting processes, Ensures regulatory compliance. These advantages help organizations achieve their business objectives more effectively.","benefits","Xchanger"
"How can Xchanger help my organization?","Xchanger can help your organization by providing: Reduces compliance costs, Minimizes regulatory risk, Improves data quality, Accelerates reporting processes, Ensures regulatory compliance. This leads to improved performance and better business outcomes.","benefits","Xchanger"
"What are the use cases for Xchanger?","Xchanger is commonly used for: Regulatory reporting, Risk management, Data quality management, Compliance monitoring.","use_cases","Xchanger"
"When should I use Xchanger?","You should consider Xchanger for: Regulatory reporting, Risk management, Data quality management, Compliance monitoring. It's particularly effective in these scenarios.","use_cases","Xchanger"
"What problems does Xchanger solve?","Xchanger helps solve challenges related to: Regulatory reporting, Risk management, Data quality management, Compliance monitoring. It provides comprehensive solutions for these business needs.","use_cases","Xchanger"
"How can I get Xchanger?","To implement Xchanger, please contact Vermeg directly. Our team will assess your specific needs and provide detailed information about implementation, pricing, and support options.","acquisition","Xchanger"
"Is Xchanger suitable for my business?","Xchanger is designed to meet diverse business requirements in the financial services industry. To determine if it's suitable for your specific needs, please contact Vermeg for a detailed consultation and assessment.","suitability","Xchanger"
"How long does it take to implement Xchanger?","Implementation time for Xchanger varies depending on your specific requirements and organizational complexity. Vermeg's implementation team will work with you to develop a timeline that meets your needs.","implementation","Xchanger"
"What is Xchanger?","Vermeg Xchanger is a comprehensive regulatory reporting platform that helps financial institutions manage their regulatory obligations efficiently.","general_info","Xchanger"
"Tell me about Xchanger","Vermeg Xchanger is a comprehensive regulatory reporting platform that helps financial institutions manage their regulatory obligations efficiently. It offers comprehensive functionality to help organizations improve their operations and meet regulatory requirements.","general_info","Xchanger"
"What does Xchanger do?","Xchanger vermeg xchanger is a comprehensive regulatory reporting platform that helps financial institutions manage their regulatory obligations efficiently. The solution helps organizations streamline their processes and achieve better outcomes.","functionality","Xchanger"
"Can you explain Xchanger?","Certainly! Vermeg Xchanger is a comprehensive regulatory reporting platform that helps financial institutions manage their regulatory obligations efficiently. This makes it an ideal choice for organizations looking to enhance their operational capabilities.","general_info","Xchanger"
"What are the features of Xchanger?","The key features of Xchanger include: Automated regulatory reporting, Multi-jurisdiction compliance, Real-time data validation, Flexible data transformation, Comprehensive audit trail.","features","Xchanger"
"What capabilities does Xchanger have?","Xchanger offers the following capabilities: Automated regulatory reporting, Multi-jurisdiction compliance, Real-time data validation, Flexible data transformation, Comprehensive audit trail.","features","Xchanger"
"What functionality does Xchanger provide?","Xchanger provides comprehensive functionality including: Automated regulatory reporting, Multi-jurisdiction compliance, Real-time data validation, Flexible data transformation, Comprehensive audit trail.","features","Xchanger"
"What are the benefits of using Xchanger?","The key benefits of Xchanger include: Reduces compliance costs, Minimizes regulatory risk, Improves data quality, Accelerates reporting processes, Ensures regulatory compliance.","benefits","Xchanger"
"Why should I choose Xchanger?","You should choose Xchanger because it provides: Reduces compliance costs, Minimizes regulatory risk, Improves data quality, Accelerates reporting processes, Ensures regulatory compliance. These advantages help organizations achieve their business objectives more effectively.","benefits","Xchanger"
"How can Xchanger help my organization?","Xchanger can help your organization by providing: Reduces compliance costs, Minimizes regulatory risk, Improves data quality, Accelerates reporting processes, Ensures regulatory compliance. This leads to improved performance and better business outcomes.","benefits","Xchanger"
"What are the use cases for Xchanger?","Xchanger is commonly used for: Regulatory reporting, Risk management, Data quality management, Compliance monitoring.","use_cases","Xchanger"
"When should I use Xchanger?","You should consider Xchanger for: Regulatory reporting, Risk management, Data quality management, Compliance monitoring. It's particularly effective in these scenarios.","use_cases","Xchanger"
"What problems does Xchanger solve?","Xchanger helps solve challenges related to: Regulatory reporting, Risk management, Data quality management, Compliance monitoring. It provides comprehensive solutions for these business needs.","use_cases","Xchanger"
"How can I get Xchanger?","To implement Xchanger, please contact Vermeg directly. Our team will assess your specific needs and provide detailed information about implementation, pricing, and support options.","acquisition","Xchanger"
"Is Xchanger suitable for my business?","Xchanger is designed to meet diverse business requirements in the financial services industry. To determine if it's suitable for your specific needs, please contact Vermeg for a detailed consultation and assessment.","suitability","Xchanger"
"How long does it take to implement Xchanger?","Implementation time for Xchanger varies depending on your specific requirements and organizational complexity. Vermeg's implementation team will work with you to develop a timeline that meets your needs.","implementation","Xchanger"
"What is Client Data Collector?","Vermeg Client Data Collector is a solution for efficient collection and management of client data across multiple channels.","general_info","Client Data Collector"
"Tell me about Client Data Collector","Vermeg Client Data Collector is a solution for efficient collection and management of client data across multiple channels. It offers comprehensive functionality to help organizations improve their operations and meet regulatory requirements.","general_info","Client Data Collector"
"What does Client Data Collector do?","Client Data Collector vermeg client data collector is a solution for efficient collection and management of client data across multiple channels. The solution helps organizations streamline their processes and achieve better outcomes.","functionality","Client Data Collector"
"Can you explain Client Data Collector?","Certainly! Vermeg Client Data Collector is a solution for efficient collection and management of client data across multiple channels. This makes it an ideal choice for organizations looking to enhance their operational capabilities.","general_info","Client Data Collector"
"What are the features of Client Data Collector?","The key features of Client Data Collector include: Multi-channel data collection, Data validation, Automated workflows, Integration capabilities, Compliance tracking.","features","Client Data Collector"
"What capabilities does Client Data Collector have?","Client Data Collector offers the following capabilities: Multi-channel data collection, Data validation, Automated workflows, Integration capabilities, Compliance tracking.","features","Client Data Collector"
"What functionality does Client Data Collector provide?","Client Data Collector provides comprehensive functionality including: Multi-channel data collection, Data validation, Automated workflows, Integration capabilities, Compliance tracking.","features","Client Data Collector"
"What are the benefits of using Client Data Collector?","The key benefits of Client Data Collector include: Improved data quality, Faster onboarding, Enhanced compliance, Reduced manual effort, Better customer experience.","benefits","Client Data Collector"
"Why should I choose Client Data Collector?","You should choose Client Data Collector because it provides: Improved data quality, Faster onboarding, Enhanced compliance, Reduced manual effort, Better customer experience. These advantages help organizations achieve their business objectives more effectively.","benefits","Client Data Collector"
"How can Client Data Collector help my organization?","Client Data Collector can help your organization by providing: Improved data quality, Faster onboarding, Enhanced compliance, Reduced manual effort, Better customer experience. This leads to improved performance and better business outcomes.","benefits","Client Data Collector"
"What are the use cases for Client Data Collector?","Client Data Collector is commonly used for: Customer onboarding, KYC processes, Data management, Compliance monitoring.","use_cases","Client Data Collector"
"When should I use Client Data Collector?","You should consider Client Data Collector for: Customer onboarding, KYC processes, Data management, Compliance monitoring. It's particularly effective in these scenarios.","use_cases","Client Data Collector"
"What problems does Client Data Collector solve?","Client Data Collector helps solve challenges related to: Customer onboarding, KYC processes, Data management, Compliance monitoring. It provides comprehensive solutions for these business needs.","use_cases","Client Data Collector"
"How can I get Client Data Collector?","To implement Client Data Collector, please contact Vermeg directly. Our team will assess your specific needs and provide detailed information about implementation, pricing, and support options.","acquisition","Client Data Collector"
"Is Client Data Collector suitable for my business?","Client Data Collector is designed to meet diverse business requirements in the financial services industry. To determine if it's suitable for your specific needs, please contact Vermeg for a detailed consultation and assessment.","suitability","Client Data Collector"
"How long does it take to implement Client Data Collector?","Implementation time for Client Data Collector varies depending on your specific requirements and organizational complexity. Vermeg's implementation team will work with you to develop a timeline that meets your needs.","implementation","Client Data Collector"
"What is Collateral Email Channel Automation?","Vermeg Collateral Email Channel Automation is a professional solution designed to meet the specific needs of financial institutions.","general_info","Collateral Email Channel Automation"
"Tell me about Collateral Email Channel Automation","Vermeg Collateral Email Channel Automation is a professional solution designed to meet the specific needs of financial institutions. It offers comprehensive functionality to help organizations improve their operations and meet regulatory requirements.","general_info","Collateral Email Channel Automation"
"What does Collateral Email Channel Automation do?","Collateral Email Channel Automation vermeg collateral email channel automation is a professional solution designed to meet the specific needs of financial institutions. The solution helps organizations streamline their processes and achieve better outcomes.","functionality","Collateral Email Channel Automation"
"Can you explain Collateral Email Channel Automation?","Certainly! Vermeg Collateral Email Channel Automation is a professional solution designed to meet the specific needs of financial institutions. This makes it an ideal choice for organizations looking to enhance their operational capabilities.","general_info","Collateral Email Channel Automation"
"What are the features of Collateral Email Channel Automation?","The key features of Collateral Email Channel Automation include: Professional-grade functionality, Integration capabilities, Compliance support, User-friendly interface, Scalable architecture.","features","Collateral Email Channel Automation"
"What capabilities does Collateral Email Channel Automation have?","Collateral Email Channel Automation offers the following capabilities: Professional-grade functionality, Integration capabilities, Compliance support, User-friendly interface, Scalable architecture.","features","Collateral Email Channel Automation"
"What functionality does Collateral Email Channel Automation provide?","Collateral Email Channel Automation provides comprehensive functionality including: Professional-grade functionality, Integration capabilities, Compliance support, User-friendly interface, Scalable architecture.","features","Collateral Email Channel Automation"
"What are the benefits of using Collateral Email Channel Automation?","The key benefits of Collateral Email Channel Automation include: Improved operational efficiency, Enhanced compliance, Reduced operational risk, Better customer service, Cost optimization.","benefits","Collateral Email Channel Automation"
"Why should I choose Collateral Email Channel Automation?","You should choose Collateral Email Channel Automation because it provides: Improved operational efficiency, Enhanced compliance, Reduced operational risk, Better customer service, Cost optimization. These advantages help organizations achieve their business objectives more effectively.","benefits","Collateral Email Channel Automation"
"How can Collateral Email Channel Automation help my organization?","Collateral Email Channel Automation can help your organization by providing: Improved operational efficiency, Enhanced compliance, Reduced operational risk, Better customer service, Cost optimization. This leads to improved performance and better business outcomes.","benefits","Collateral Email Channel Automation"
"What are the use cases for Collateral Email Channel Automation?","Collateral Email Channel Automation is commonly used for: Business process optimization, Compliance management, Risk management, Customer service enhancement.","use_cases","Collateral Email Channel Automation"
"When should I use Collateral Email Channel Automation?","You should consider Collateral Email Channel Automation for: Business process optimization, Compliance management, Risk management, Customer service enhancement. It's particularly effective in these scenarios.","use_cases","Collateral Email Channel Automation"
"What problems does Collateral Email Channel Automation solve?","Collateral Email Channel Automation helps solve challenges related to: Business process optimization, Compliance management, Risk management, Customer service enhancement. It provides comprehensive solutions for these business needs.","use_cases","Collateral Email Channel Automation"
"How can I get Collateral Email Channel Automation?","To implement Collateral Email Channel Automation, please contact Vermeg directly. Our team will assess your specific needs and provide detailed information about implementation, pricing, and support options.","acquisition","Collateral Email Channel Automation"
"Is Collateral Email Channel Automation suitable for my business?","Collateral Email Channel Automation is designed to meet diverse business requirements in the financial services industry. To determine if it's suitable for your specific needs, please contact Vermeg for a detailed consultation and assessment.","suitability","Collateral Email Channel Automation"
"How long does it take to implement Collateral Email Channel Automation?","Implementation time for Collateral Email Channel Automation varies depending on your specific requirements and organizational complexity. Vermeg's implementation team will work with you to develop a timeline that meets your needs.","implementation","Collateral Email Channel Automation"
"What is Default Management?","Vermeg Default Management is a professional solution designed to meet the specific needs of financial institutions.","general_info","Default Management"
"Tell me about Default Management","Vermeg Default Management is a professional solution designed to meet the specific needs of financial institutions. It offers comprehensive functionality to help organizations improve their operations and meet regulatory requirements.","general_info","Default Management"
"What does Default Management do?","Default Management vermeg default management is a professional solution designed to meet the specific needs of financial institutions. The solution helps organizations streamline their processes and achieve better outcomes.","functionality","Default Management"
"Can you explain Default Management?","Certainly! Vermeg Default Management is a professional solution designed to meet the specific needs of financial institutions. This makes it an ideal choice for organizations looking to enhance their operational capabilities.","general_info","Default Management"
"What are the features of Default Management?","The key features of Default Management include: Professional-grade functionality, Integration capabilities, Compliance support, User-friendly interface, Scalable architecture.","features","Default Management"
"What capabilities does Default Management have?","Default Management offers the following capabilities: Professional-grade functionality, Integration capabilities, Compliance support, User-friendly interface, Scalable architecture.","features","Default Management"
"What functionality does Default Management provide?","Default Management provides comprehensive functionality including: Professional-grade functionality, Integration capabilities, Compliance support, User-friendly interface, Scalable architecture.","features","Default Management"
"What are the benefits of using Default Management?","The key benefits of Default Management include: Improved operational efficiency, Enhanced compliance, Reduced operational risk, Better customer service, Cost optimization.","benefits","Default Management"
"Why should I choose Default Management?","You should choose Default Management because it provides: Improved operational efficiency, Enhanced compliance, Reduced operational risk, Better customer service, Cost optimization. These advantages help organizations achieve their business objectives more effectively.","benefits","Default Management"
"How can Default Management help my organization?","Default Management can help your organization by providing: Improved operational efficiency, Enhanced compliance, Reduced operational risk, Better customer service, Cost optimization. This leads to improved performance and better business outcomes.","benefits","Default Management"
"What are the use cases for Default Management?","Default Management is commonly used for: Business process optimization, Compliance management, Risk management, Customer service enhancement.","use_cases","Default Management"
"When should I use Default Management?","You should consider Default Management for: Business process optimization, Compliance management, Risk management, Customer service enhancement. It's particularly effective in these scenarios.","use_cases","Default Management"
"What problems does Default Management solve?","Default Management helps solve challenges related to: Business process optimization, Compliance management, Risk management, Customer service enhancement. It provides comprehensive solutions for these business needs.","use_cases","Default Management"
"How can I get Default Management?","To implement Default Management, please contact Vermeg directly. Our team will assess your specific needs and provide detailed information about implementation, pricing, and support options.","acquisition","Default Management"
"Is Default Management suitable for my business?","Default Management is designed to meet diverse business requirements in the financial services industry. To determine if it's suitable for your specific needs, please contact Vermeg for a detailed consultation and assessment.","suitability","Default Management"
"How long does it take to implement Default Management?","Implementation time for Default Management varies depending on your specific requirements and organizational complexity. Vermeg's implementation team will work with you to develop a timeline that meets your needs.","implementation","Default Management"
"What is Digital Commercial Agreement?","Vermeg Digital Commercial Agreement is a professional solution designed to meet the specific needs of financial institutions.","general_info","Digital Commercial Agreement"
"Tell me about Digital Commercial Agreement","Vermeg Digital Commercial Agreement is a professional solution designed to meet the specific needs of financial institutions. It offers comprehensive functionality to help organizations improve their operations and meet regulatory requirements.","general_info","Digital Commercial Agreement"
"What does Digital Commercial Agreement do?","Digital Commercial Agreement vermeg digital commercial agreement is a professional solution designed to meet the specific needs of financial institutions. The solution helps organizations streamline their processes and achieve better outcomes.","functionality","Digital Commercial Agreement"
"Can you explain Digital Commercial Agreement?","Certainly! Vermeg Digital Commercial Agreement is a professional solution designed to meet the specific needs of financial institutions. This makes it an ideal choice for organizations looking to enhance their operational capabilities.","general_info","Digital Commercial Agreement"
"What are the features of Digital Commercial Agreement?","The key features of Digital Commercial Agreement include: Professional-grade functionality, Integration capabilities, Compliance support, User-friendly interface, Scalable architecture.","features","Digital Commercial Agreement"
"What capabilities does Digital Commercial Agreement have?","Digital Commercial Agreement offers the following capabilities: Professional-grade functionality, Integration capabilities, Compliance support, User-friendly interface, Scalable architecture.","features","Digital Commercial Agreement"
"What functionality does Digital Commercial Agreement provide?","Digital Commercial Agreement provides comprehensive functionality including: Professional-grade functionality, Integration capabilities, Compliance support, User-friendly interface, Scalable architecture.","features","Digital Commercial Agreement"
"What are the benefits of using Digital Commercial Agreement?","The key benefits of Digital Commercial Agreement include: Improved operational efficiency, Enhanced compliance, Reduced operational risk, Better customer service, Cost optimization.","benefits","Digital Commercial Agreement"
"Why should I choose Digital Commercial Agreement?","You should choose Digital Commercial Agreement because it provides: Improved operational efficiency, Enhanced compliance, Reduced operational risk, Better customer service, Cost optimization. These advantages help organizations achieve their business objectives more effectively.","benefits","Digital Commercial Agreement"
"How can Digital Commercial Agreement help my organization?","Digital Commercial Agreement can help your organization by providing: Improved operational efficiency, Enhanced compliance, Reduced operational risk, Better customer service, Cost optimization. This leads to improved performance and better business outcomes.","benefits","Digital Commercial Agreement"
"What are the use cases for Digital Commercial Agreement?","Digital Commercial Agreement is commonly used for: Business process optimization, Compliance management, Risk management, Customer service enhancement.","use_cases","Digital Commercial Agreement"
"When should I use Digital Commercial Agreement?","You should consider Digital Commercial Agreement for: Business process optimization, Compliance management, Risk management, Customer service enhancement. It's particularly effective in these scenarios.","use_cases","Digital Commercial Agreement"
"What problems does Digital Commercial Agreement solve?","Digital Commercial Agreement helps solve challenges related to: Business process optimization, Compliance management, Risk management, Customer service enhancement. It provides comprehensive solutions for these business needs.","use_cases","Digital Commercial Agreement"
"How can I get Digital Commercial Agreement?","To implement Digital Commercial Agreement, please contact Vermeg directly. Our team will assess your specific needs and provide detailed information about implementation, pricing, and support options.","acquisition","Digital Commercial Agreement"
"Is Digital Commercial Agreement suitable for my business?","Digital Commercial Agreement is designed to meet diverse business requirements in the financial services industry. To determine if it's suitable for your specific needs, please contact Vermeg for a detailed consultation and assessment.","suitability","Digital Commercial Agreement"
"How long does it take to implement Digital Commercial Agreement?","Implementation time for Digital Commercial Agreement varies depending on your specific requirements and organizational complexity. Vermeg's implementation team will work with you to develop a timeline that meets your needs.","implementation","Digital Commercial Agreement"
"What is Easy Agreement?","Vermeg Easy Agreement is a digital contract management solution that streamlines the agreement process.","general_info","Easy Agreement"
"Tell me about Easy Agreement","Vermeg Easy Agreement is a digital contract management solution that streamlines the agreement process. It offers comprehensive functionality to help organizations improve their operations and meet regulatory requirements.","general_info","Easy Agreement"
"What does Easy Agreement do?","Easy Agreement vermeg easy agreement is a digital contract management solution that streamlines the agreement process. The solution helps organizations streamline their processes and achieve better outcomes.","functionality","Easy Agreement"
"Can you explain Easy Agreement?","Certainly! Vermeg Easy Agreement is a digital contract management solution that streamlines the agreement process. This makes it an ideal choice for organizations looking to enhance their operational capabilities.","general_info","Easy Agreement"
"What are the features of Easy Agreement?","The key features of Easy Agreement include: Digital contract creation, Electronic signatures, Workflow automation, Template management, Compliance tracking.","features","Easy Agreement"
"What capabilities does Easy Agreement have?","Easy Agreement offers the following capabilities: Digital contract creation, Electronic signatures, Workflow automation, Template management, Compliance tracking.","features","Easy Agreement"
"What functionality does Easy Agreement provide?","Easy Agreement provides comprehensive functionality including: Digital contract creation, Electronic signatures, Workflow automation, Template management, Compliance tracking.","features","Easy Agreement"
"What are the benefits of using Easy Agreement?","The key benefits of Easy Agreement include: Faster contract processing, Reduced paper usage, Improved compliance, Enhanced efficiency, Better customer experience.","benefits","Easy Agreement"
"Why should I choose Easy Agreement?","You should choose Easy Agreement because it provides: Faster contract processing, Reduced paper usage, Improved compliance, Enhanced efficiency, Better customer experience. These advantages help organizations achieve their business objectives more effectively.","benefits","Easy Agreement"
"How can Easy Agreement help my organization?","Easy Agreement can help your organization by providing: Faster contract processing, Reduced paper usage, Improved compliance, Enhanced efficiency, Better customer experience. This leads to improved performance and better business outcomes.","benefits","Easy Agreement"
"What are the use cases for Easy Agreement?","Easy Agreement is commonly used for: Contract management, Digital agreements, Signature workflows, Compliance tracking.","use_cases","Easy Agreement"
"When should I use Easy Agreement?","You should consider Easy Agreement for: Contract management, Digital agreements, Signature workflows, Compliance tracking. It's particularly effective in these scenarios.","use_cases","Easy Agreement"
"What problems does Easy Agreement solve?","Easy Agreement helps solve challenges related to: Contract management, Digital agreements, Signature workflows, Compliance tracking. It provides comprehensive solutions for these business needs.","use_cases","Easy Agreement"
"How can I get Easy Agreement?","To implement Easy Agreement, please contact Vermeg directly. Our team will assess your specific needs and provide detailed information about implementation, pricing, and support options.","acquisition","Easy Agreement"
"Is Easy Agreement suitable for my business?","Easy Agreement is designed to meet diverse business requirements in the financial services industry. To determine if it's suitable for your specific needs, please contact Vermeg for a detailed consultation and assessment.","suitability","Easy Agreement"
"How long does it take to implement Easy Agreement?","Implementation time for Easy Agreement varies depending on your specific requirements and organizational complexity. Vermeg's implementation team will work with you to develop a timeline that meets your needs.","implementation","Easy Agreement"
"What is Easy Collateral?","Vermeg Easy Collateral is a professional solution designed to meet the specific needs of financial institutions.","general_info","Easy Collateral"
"Tell me about Easy Collateral","Vermeg Easy Collateral is a professional solution designed to meet the specific needs of financial institutions. It offers comprehensive functionality to help organizations improve their operations and meet regulatory requirements.","general_info","Easy Collateral"
"What does Easy Collateral do?","Easy Collateral vermeg easy collateral is a professional solution designed to meet the specific needs of financial institutions. The solution helps organizations streamline their processes and achieve better outcomes.","functionality","Easy Collateral"
"Can you explain Easy Collateral?","Certainly! Vermeg Easy Collateral is a professional solution designed to meet the specific needs of financial institutions. This makes it an ideal choice for organizations looking to enhance their operational capabilities.","general_info","Easy Collateral"
"What are the features of Easy Collateral?","The key features of Easy Collateral include: Professional-grade functionality, Integration capabilities, Compliance support, User-friendly interface, Scalable architecture.","features","Easy Collateral"
"What capabilities does Easy Collateral have?","Easy Collateral offers the following capabilities: Professional-grade functionality, Integration capabilities, Compliance support, User-friendly interface, Scalable architecture.","features","Easy Collateral"
"What functionality does Easy Collateral provide?","Easy Collateral provides comprehensive functionality including: Professional-grade functionality, Integration capabilities, Compliance support, User-friendly interface, Scalable architecture.","features","Easy Collateral"
"What are the benefits of using Easy Collateral?","The key benefits of Easy Collateral include: Improved operational efficiency, Enhanced compliance, Reduced operational risk, Better customer service, Cost optimization.","benefits","Easy Collateral"
"Why should I choose Easy Collateral?","You should choose Easy Collateral because it provides: Improved operational efficiency, Enhanced compliance, Reduced operational risk, Better customer service, Cost optimization. These advantages help organizations achieve their business objectives more effectively.","benefits","Easy Collateral"
"How can Easy Collateral help my organization?","Easy Collateral can help your organization by providing: Improved operational efficiency, Enhanced compliance, Reduced operational risk, Better customer service, Cost optimization. This leads to improved performance and better business outcomes.","benefits","Easy Collateral"
"What are the use cases for Easy Collateral?","Easy Collateral is commonly used for: Business process optimization, Compliance management, Risk management, Customer service enhancement.","use_cases","Easy Collateral"
"When should I use Easy Collateral?","You should consider Easy Collateral for: Business process optimization, Compliance management, Risk management, Customer service enhancement. It's particularly effective in these scenarios.","use_cases","Easy Collateral"
"What problems does Easy Collateral solve?","Easy Collateral helps solve challenges related to: Business process optimization, Compliance management, Risk management, Customer service enhancement. It provides comprehensive solutions for these business needs.","use_cases","Easy Collateral"
"How can I get Easy Collateral?","To implement Easy Collateral, please contact Vermeg directly. Our team will assess your specific needs and provide detailed information about implementation, pricing, and support options.","acquisition","Easy Collateral"
"Is Easy Collateral suitable for my business?","Easy Collateral is designed to meet diverse business requirements in the financial services industry. To determine if it's suitable for your specific needs, please contact Vermeg for a detailed consultation and assessment.","suitability","Easy Collateral"
"How long does it take to implement Easy Collateral?","Implementation time for Easy Collateral varies depending on your specific requirements and organizational complexity. Vermeg's implementation team will work with you to develop a timeline that meets your needs.","implementation","Easy Collateral"
"What is Easy Collateral?","Vermeg Easy Collateral is a professional solution designed to meet the specific needs of financial institutions.","general_info","Easy Collateral"
"Tell me about Easy Collateral","Vermeg Easy Collateral is a professional solution designed to meet the specific needs of financial institutions. It offers comprehensive functionality to help organizations improve their operations and meet regulatory requirements.","general_info","Easy Collateral"
"What does Easy Collateral do?","Easy Collateral vermeg easy collateral is a professional solution designed to meet the specific needs of financial institutions. The solution helps organizations streamline their processes and achieve better outcomes.","functionality","Easy Collateral"
"Can you explain Easy Collateral?","Certainly! Vermeg Easy Collateral is a professional solution designed to meet the specific needs of financial institutions. This makes it an ideal choice for organizations looking to enhance their operational capabilities.","general_info","Easy Collateral"
"What are the features of Easy Collateral?","The key features of Easy Collateral include: Professional-grade functionality, Integration capabilities, Compliance support, User-friendly interface, Scalable architecture.","features","Easy Collateral"
"What capabilities does Easy Collateral have?","Easy Collateral offers the following capabilities: Professional-grade functionality, Integration capabilities, Compliance support, User-friendly interface, Scalable architecture.","features","Easy Collateral"
"What functionality does Easy Collateral provide?","Easy Collateral provides comprehensive functionality including: Professional-grade functionality, Integration capabilities, Compliance support, User-friendly interface, Scalable architecture.","features","Easy Collateral"
"What are the benefits of using Easy Collateral?","The key benefits of Easy Collateral include: Improved operational efficiency, Enhanced compliance, Reduced operational risk, Better customer service, Cost optimization.","benefits","Easy Collateral"
"Why should I choose Easy Collateral?","You should choose Easy Collateral because it provides: Improved operational efficiency, Enhanced compliance, Reduced operational risk, Better customer service, Cost optimization. These advantages help organizations achieve their business objectives more effectively.","benefits","Easy Collateral"
"How can Easy Collateral help my organization?","Easy Collateral can help your organization by providing: Improved operational efficiency, Enhanced compliance, Reduced operational risk, Better customer service, Cost optimization. This leads to improved performance and better business outcomes.","benefits","Easy Collateral"
"What are the use cases for Easy Collateral?","Easy Collateral is commonly used for: Business process optimization, Compliance management, Risk management, Customer service enhancement.","use_cases","Easy Collateral"
"When should I use Easy Collateral?","You should consider Easy Collateral for: Business process optimization, Compliance management, Risk management, Customer service enhancement. It's particularly effective in these scenarios.","use_cases","Easy Collateral"
"What problems does Easy Collateral solve?","Easy Collateral helps solve challenges related to: Business process optimization, Compliance management, Risk management, Customer service enhancement. It provides comprehensive solutions for these business needs.","use_cases","Easy Collateral"
"How can I get Easy Collateral?","To implement Easy Collateral, please contact Vermeg directly. Our team will assess your specific needs and provide detailed information about implementation, pricing, and support options.","acquisition","Easy Collateral"
"Is Easy Collateral suitable for my business?","Easy Collateral is designed to meet diverse business requirements in the financial services industry. To determine if it's suitable for your specific needs, please contact Vermeg for a detailed consultation and assessment.","suitability","Easy Collateral"
"How long does it take to implement Easy Collateral?","Implementation time for Easy Collateral varies depending on your specific requirements and organizational complexity. Vermeg's implementation team will work with you to develop a timeline that meets your needs.","implementation","Easy Collateral"
"What is Fast Track?","Vermeg Fast Track is a professional solution designed to meet the specific needs of financial institutions.","general_info","Fast Track"
"Tell me about Fast Track","Vermeg Fast Track is a professional solution designed to meet the specific needs of financial institutions. It offers comprehensive functionality to help organizations improve their operations and meet regulatory requirements.","general_info","Fast Track"
"What does Fast Track do?","Fast Track vermeg fast track is a professional solution designed to meet the specific needs of financial institutions. The solution helps organizations streamline their processes and achieve better outcomes.","functionality","Fast Track"
"Can you explain Fast Track?","Certainly! Vermeg Fast Track is a professional solution designed to meet the specific needs of financial institutions. This makes it an ideal choice for organizations looking to enhance their operational capabilities.","general_info","Fast Track"
"What are the features of Fast Track?","The key features of Fast Track include: Professional-grade functionality, Integration capabilities, Compliance support, User-friendly interface, Scalable architecture.","features","Fast Track"
"What capabilities does Fast Track have?","Fast Track offers the following capabilities: Professional-grade functionality, Integration capabilities, Compliance support, User-friendly interface, Scalable architecture.","features","Fast Track"
"What functionality does Fast Track provide?","Fast Track provides comprehensive functionality including: Professional-grade functionality, Integration capabilities, Compliance support, User-friendly interface, Scalable architecture.","features","Fast Track"
"What are the benefits of using Fast Track?","The key benefits of Fast Track include: Improved operational efficiency, Enhanced compliance, Reduced operational risk, Better customer service, Cost optimization.","benefits","Fast Track"
"Why should I choose Fast Track?","You should choose Fast Track because it provides: Improved operational efficiency, Enhanced compliance, Reduced operational risk, Better customer service, Cost optimization. These advantages help organizations achieve their business objectives more effectively.","benefits","Fast Track"
"How can Fast Track help my organization?","Fast Track can help your organization by providing: Improved operational efficiency, Enhanced compliance, Reduced operational risk, Better customer service, Cost optimization. This leads to improved performance and better business outcomes.","benefits","Fast Track"
"What are the use cases for Fast Track?","Fast Track is commonly used for: Business process optimization, Compliance management, Risk management, Customer service enhancement.","use_cases","Fast Track"
"When should I use Fast Track?","You should consider Fast Track for: Business process optimization, Compliance management, Risk management, Customer service enhancement. It's particularly effective in these scenarios.","use_cases","Fast Track"
"What problems does Fast Track solve?","Fast Track helps solve challenges related to: Business process optimization, Compliance management, Risk management, Customer service enhancement. It provides comprehensive solutions for these business needs.","use_cases","Fast Track"
"How can I get Fast Track?","To implement Fast Track, please contact Vermeg directly. Our team will assess your specific needs and provide detailed information about implementation, pricing, and support options.","acquisition","Fast Track"
"Is Fast Track suitable for my business?","Fast Track is designed to meet diverse business requirements in the financial services industry. To determine if it's suitable for your specific needs, please contact Vermeg for a detailed consultation and assessment.","suitability","Fast Track"
"How long does it take to implement Fast Track?","Implementation time for Fast Track varies depending on your specific requirements and organizational complexity. Vermeg's implementation team will work with you to develop a timeline that meets your needs.","implementation","Fast Track"
"What is Group Insurance Member Enrolment?","Vermeg Group Insurance Member Enrolment is a professional solution designed to meet the specific needs of financial institutions.","general_info","Group Insurance Member Enrolment"
"Tell me about Group Insurance Member Enrolment","Vermeg Group Insurance Member Enrolment is a professional solution designed to meet the specific needs of financial institutions. It offers comprehensive functionality to help organizations improve their operations and meet regulatory requirements.","general_info","Group Insurance Member Enrolment"
"What does Group Insurance Member Enrolment do?","Group Insurance Member Enrolment vermeg group insurance member enrolment is a professional solution designed to meet the specific needs of financial institutions. The solution helps organizations streamline their processes and achieve better outcomes.","functionality","Group Insurance Member Enrolment"
"Can you explain Group Insurance Member Enrolment?","Certainly! Vermeg Group Insurance Member Enrolment is a professional solution designed to meet the specific needs of financial institutions. This makes it an ideal choice for organizations looking to enhance their operational capabilities.","general_info","Group Insurance Member Enrolment"
"What are the features of Group Insurance Member Enrolment?","The key features of Group Insurance Member Enrolment include: Professional-grade functionality, Integration capabilities, Compliance support, User-friendly interface, Scalable architecture.","features","Group Insurance Member Enrolment"
"What capabilities does Group Insurance Member Enrolment have?","Group Insurance Member Enrolment offers the following capabilities: Professional-grade functionality, Integration capabilities, Compliance support, User-friendly interface, Scalable architecture.","features","Group Insurance Member Enrolment"
"What functionality does Group Insurance Member Enrolment provide?","Group Insurance Member Enrolment provides comprehensive functionality including: Professional-grade functionality, Integration capabilities, Compliance support, User-friendly interface, Scalable architecture.","features","Group Insurance Member Enrolment"
"What are the benefits of using Group Insurance Member Enrolment?","The key benefits of Group Insurance Member Enrolment include: Improved operational efficiency, Enhanced compliance, Reduced operational risk, Better customer service, Cost optimization.","benefits","Group Insurance Member Enrolment"
"Why should I choose Group Insurance Member Enrolment?","You should choose Group Insurance Member Enrolment because it provides: Improved operational efficiency, Enhanced compliance, Reduced operational risk, Better customer service, Cost optimization. These advantages help organizations achieve their business objectives more effectively.","benefits","Group Insurance Member Enrolment"
"How can Group Insurance Member Enrolment help my organization?","Group Insurance Member Enrolment can help your organization by providing: Improved operational efficiency, Enhanced compliance, Reduced operational risk, Better customer service, Cost optimization. This leads to improved performance and better business outcomes.","benefits","Group Insurance Member Enrolment"
"What are the use cases for Group Insurance Member Enrolment?","Group Insurance Member Enrolment is commonly used for: Business process optimization, Compliance management, Risk management, Customer service enhancement.","use_cases","Group Insurance Member Enrolment"
"When should I use Group Insurance Member Enrolment?","You should consider Group Insurance Member Enrolment for: Business process optimization, Compliance management, Risk management, Customer service enhancement. It's particularly effective in these scenarios.","use_cases","Group Insurance Member Enrolment"
"What problems does Group Insurance Member Enrolment solve?","Group Insurance Member Enrolment helps solve challenges related to: Business process optimization, Compliance management, Risk management, Customer service enhancement. It provides comprehensive solutions for these business needs.","use_cases","Group Insurance Member Enrolment"
"How can I get Group Insurance Member Enrolment?","To implement Group Insurance Member Enrolment, please contact Vermeg directly. Our team will assess your specific needs and provide detailed information about implementation, pricing, and support options.","acquisition","Group Insurance Member Enrolment"
"Is Group Insurance Member Enrolment suitable for my business?","Group Insurance Member Enrolment is designed to meet diverse business requirements in the financial services industry. To determine if it's suitable for your specific needs, please contact Vermeg for a detailed consultation and assessment.","suitability","Group Insurance Member Enrolment"
"How long does it take to implement Group Insurance Member Enrolment?","Implementation time for Group Insurance Member Enrolment varies depending on your specific requirements and organizational complexity. Vermeg's implementation team will work with you to develop a timeline that meets your needs.","implementation","Group Insurance Member Enrolment"
"What is Individual Life & Health Insurance?","Vermeg Individual Life & Health Insurance is a professional solution designed to meet the specific needs of financial institutions.","general_info","Individual Life & Health Insurance"
"Tell me about Individual Life & Health Insurance","Vermeg Individual Life & Health Insurance is a professional solution designed to meet the specific needs of financial institutions. It offers comprehensive functionality to help organizations improve their operations and meet regulatory requirements.","general_info","Individual Life & Health Insurance"
"What does Individual Life & Health Insurance do?","Individual Life & Health Insurance vermeg individual life & health insurance is a professional solution designed to meet the specific needs of financial institutions. The solution helps organizations streamline their processes and achieve better outcomes.","functionality","Individual Life & Health Insurance"
"Can you explain Individual Life & Health Insurance?","Certainly! Vermeg Individual Life & Health Insurance is a professional solution designed to meet the specific needs of financial institutions. This makes it an ideal choice for organizations looking to enhance their operational capabilities.","general_info","Individual Life & Health Insurance"
"What are the features of Individual Life & Health Insurance?","The key features of Individual Life & Health Insurance include: Professional-grade functionality, Integration capabilities, Compliance support, User-friendly interface, Scalable architecture.","features","Individual Life & Health Insurance"
"What capabilities does Individual Life & Health Insurance have?","Individual Life & Health Insurance offers the following capabilities: Professional-grade functionality, Integration capabilities, Compliance support, User-friendly interface, Scalable architecture.","features","Individual Life & Health Insurance"
"What functionality does Individual Life & Health Insurance provide?","Individual Life & Health Insurance provides comprehensive functionality including: Professional-grade functionality, Integration capabilities, Compliance support, User-friendly interface, Scalable architecture.","features","Individual Life & Health Insurance"
"What are the benefits of using Individual Life & Health Insurance?","The key benefits of Individual Life & Health Insurance include: Improved operational efficiency, Enhanced compliance, Reduced operational risk, Better customer service, Cost optimization.","benefits","Individual Life & Health Insurance"
"Why should I choose Individual Life & Health Insurance?","You should choose Individual Life & Health Insurance because it provides: Improved operational efficiency, Enhanced compliance, Reduced operational risk, Better customer service, Cost optimization. These advantages help organizations achieve their business objectives more effectively.","benefits","Individual Life & Health Insurance"
"How can Individual Life & Health Insurance help my organization?","Individual Life & Health Insurance can help your organization by providing: Improved operational efficiency, Enhanced compliance, Reduced operational risk, Better customer service, Cost optimization. This leads to improved performance and better business outcomes.","benefits","Individual Life & Health Insurance"
"What are the use cases for Individual Life & Health Insurance?","Individual Life & Health Insurance is commonly used for: Business process optimization, Compliance management, Risk management, Customer service enhancement.","use_cases","Individual Life & Health Insurance"
"When should I use Individual Life & Health Insurance?","You should consider Individual Life & Health Insurance for: Business process optimization, Compliance management, Risk management, Customer service enhancement. It's particularly effective in these scenarios.","use_cases","Individual Life & Health Insurance"
"What problems does Individual Life & Health Insurance solve?","Individual Life & Health Insurance helps solve challenges related to: Business process optimization, Compliance management, Risk management, Customer service enhancement. It provides comprehensive solutions for these business needs.","use_cases","Individual Life & Health Insurance"
"How can I get Individual Life & Health Insurance?","To implement Individual Life & Health Insurance, please contact Vermeg directly. Our team will assess your specific needs and provide detailed information about implementation, pricing, and support options.","acquisition","Individual Life & Health Insurance"
"Is Individual Life & Health Insurance suitable for my business?","Individual Life & Health Insurance is designed to meet diverse business requirements in the financial services industry. To determine if it's suitable for your specific needs, please contact Vermeg for a detailed consultation and assessment.","suitability","Individual Life & Health Insurance"
"How long does it take to implement Individual Life & Health Insurance?","Implementation time for Individual Life & Health Insurance varies depending on your specific requirements and organizational complexity. Vermeg's implementation team will work with you to develop a timeline that meets your needs.","implementation","Individual Life & Health Insurance"
"What is Individual Life & Health Insurance?","Vermeg Individual Life & Health Insurance is a professional solution designed to meet the specific needs of financial institutions.","general_info","Individual Life & Health Insurance"
"Tell me about Individual Life & Health Insurance","Vermeg Individual Life & Health Insurance is a professional solution designed to meet the specific needs of financial institutions. It offers comprehensive functionality to help organizations improve their operations and meet regulatory requirements.","general_info","Individual Life & Health Insurance"
"What does Individual Life & Health Insurance do?","Individual Life & Health Insurance vermeg individual life & health insurance is a professional solution designed to meet the specific needs of financial institutions. The solution helps organizations streamline their processes and achieve better outcomes.","functionality","Individual Life & Health Insurance"
"Can you explain Individual Life & Health Insurance?","Certainly! Vermeg Individual Life & Health Insurance is a professional solution designed to meet the specific needs of financial institutions. This makes it an ideal choice for organizations looking to enhance their operational capabilities.","general_info","Individual Life & Health Insurance"
"What are the features of Individual Life & Health Insurance?","The key features of Individual Life & Health Insurance include: Professional-grade functionality, Integration capabilities, Compliance support, User-friendly interface, Scalable architecture.","features","Individual Life & Health Insurance"
"What capabilities does Individual Life & Health Insurance have?","Individual Life & Health Insurance offers the following capabilities: Professional-grade functionality, Integration capabilities, Compliance support, User-friendly interface, Scalable architecture.","features","Individual Life & Health Insurance"
"What functionality does Individual Life & Health Insurance provide?","Individual Life & Health Insurance provides comprehensive functionality including: Professional-grade functionality, Integration capabilities, Compliance support, User-friendly interface, Scalable architecture.","features","Individual Life & Health Insurance"
"What are the benefits of using Individual Life & Health Insurance?","The key benefits of Individual Life & Health Insurance include: Improved operational efficiency, Enhanced compliance, Reduced operational risk, Better customer service, Cost optimization.","benefits","Individual Life & Health Insurance"
"Why should I choose Individual Life & Health Insurance?","You should choose Individual Life & Health Insurance because it provides: Improved operational efficiency, Enhanced compliance, Reduced operational risk, Better customer service, Cost optimization. These advantages help organizations achieve their business objectives more effectively.","benefits","Individual Life & Health Insurance"
"How can Individual Life & Health Insurance help my organization?","Individual Life & Health Insurance can help your organization by providing: Improved operational efficiency, Enhanced compliance, Reduced operational risk, Better customer service, Cost optimization. This leads to improved performance and better business outcomes.","benefits","Individual Life & Health Insurance"
"What are the use cases for Individual Life & Health Insurance?","Individual Life & Health Insurance is commonly used for: Business process optimization, Compliance management, Risk management, Customer service enhancement.","use_cases","Individual Life & Health Insurance"
"When should I use Individual Life & Health Insurance?","You should consider Individual Life & Health Insurance for: Business process optimization, Compliance management, Risk management, Customer service enhancement. It's particularly effective in these scenarios.","use_cases","Individual Life & Health Insurance"
"What problems does Individual Life & Health Insurance solve?","Individual Life & Health Insurance helps solve challenges related to: Business process optimization, Compliance management, Risk management, Customer service enhancement. It provides comprehensive solutions for these business needs.","use_cases","Individual Life & Health Insurance"
"How can I get Individual Life & Health Insurance?","To implement Individual Life & Health Insurance, please contact Vermeg directly. Our team will assess your specific needs and provide detailed information about implementation, pricing, and support options.","acquisition","Individual Life & Health Insurance"
"Is Individual Life & Health Insurance suitable for my business?","Individual Life & Health Insurance is designed to meet diverse business requirements in the financial services industry. To determine if it's suitable for your specific needs, please contact Vermeg for a detailed consultation and assessment.","suitability","Individual Life & Health Insurance"
"How long does it take to implement Individual Life & Health Insurance?","Implementation time for Individual Life & Health Insurance varies depending on your specific requirements and organizational complexity. Vermeg's implementation team will work with you to develop a timeline that meets your needs.","implementation","Individual Life & Health Insurance"
"What is Money for Life?","Vermeg Money for Life is a professional solution designed to meet the specific needs of financial institutions.","general_info","Money for Life"
"Tell me about Money for Life","Vermeg Money for Life is a professional solution designed to meet the specific needs of financial institutions. It offers comprehensive functionality to help organizations improve their operations and meet regulatory requirements.","general_info","Money for Life"
"What does Money for Life do?","Money for Life vermeg money for life is a professional solution designed to meet the specific needs of financial institutions. The solution helps organizations streamline their processes and achieve better outcomes.","functionality","Money for Life"
"Can you explain Money for Life?","Certainly! Vermeg Money for Life is a professional solution designed to meet the specific needs of financial institutions. This makes it an ideal choice for organizations looking to enhance their operational capabilities.","general_info","Money for Life"
"What are the features of Money for Life?","The key features of Money for Life include: Professional-grade functionality, Integration capabilities, Compliance support, User-friendly interface, Scalable architecture.","features","Money for Life"
"What capabilities does Money for Life have?","Money for Life offers the following capabilities: Professional-grade functionality, Integration capabilities, Compliance support, User-friendly interface, Scalable architecture.","features","Money for Life"
"What functionality does Money for Life provide?","Money for Life provides comprehensive functionality including: Professional-grade functionality, Integration capabilities, Compliance support, User-friendly interface, Scalable architecture.","features","Money for Life"
"What are the benefits of using Money for Life?","The key benefits of Money for Life include: Improved operational efficiency, Enhanced compliance, Reduced operational risk, Better customer service, Cost optimization.","benefits","Money for Life"
"Why should I choose Money for Life?","You should choose Money for Life because it provides: Improved operational efficiency, Enhanced compliance, Reduced operational risk, Better customer service, Cost optimization. These advantages help organizations achieve their business objectives more effectively.","benefits","Money for Life"
"How can Money for Life help my organization?","Money for Life can help your organization by providing: Improved operational efficiency, Enhanced compliance, Reduced operational risk, Better customer service, Cost optimization. This leads to improved performance and better business outcomes.","benefits","Money for Life"
"What are the use cases for Money for Life?","Money for Life is commonly used for: Business process optimization, Compliance management, Risk management, Customer service enhancement.","use_cases","Money for Life"
"When should I use Money for Life?","You should consider Money for Life for: Business process optimization, Compliance management, Risk management, Customer service enhancement. It's particularly effective in these scenarios.","use_cases","Money for Life"
"What problems does Money for Life solve?","Money for Life helps solve challenges related to: Business process optimization, Compliance management, Risk management, Customer service enhancement. It provides comprehensive solutions for these business needs.","use_cases","Money for Life"
"How can I get Money for Life?","To implement Money for Life, please contact Vermeg directly. Our team will assess your specific needs and provide detailed information about implementation, pricing, and support options.","acquisition","Money for Life"
"Is Money for Life suitable for my business?","Money for Life is designed to meet diverse business requirements in the financial services industry. To determine if it's suitable for your specific needs, please contact Vermeg for a detailed consultation and assessment.","suitability","Money for Life"
"How long does it take to implement Money for Life?","Implementation time for Money for Life varies depending on your specific requirements and organizational complexity. Vermeg's implementation team will work with you to develop a timeline that meets your needs.","implementation","Money for Life"
"What is Optimizer?","Vermeg Optimizer is a professional solution designed to meet the specific needs of financial institutions.","general_info","Optimizer"
"Tell me about Optimizer","Vermeg Optimizer is a professional solution designed to meet the specific needs of financial institutions. It offers comprehensive functionality to help organizations improve their operations and meet regulatory requirements.","general_info","Optimizer"
"What does Optimizer do?","Optimizer vermeg optimizer is a professional solution designed to meet the specific needs of financial institutions. The solution helps organizations streamline their processes and achieve better outcomes.","functionality","Optimizer"
"Can you explain Optimizer?","Certainly! Vermeg Optimizer is a professional solution designed to meet the specific needs of financial institutions. This makes it an ideal choice for organizations looking to enhance their operational capabilities.","general_info","Optimizer"
"What are the features of Optimizer?","The key features of Optimizer include: Professional-grade functionality, Integration capabilities, Compliance support, User-friendly interface, Scalable architecture.","features","Optimizer"
"What capabilities does Optimizer have?","Optimizer offers the following capabilities: Professional-grade functionality, Integration capabilities, Compliance support, User-friendly interface, Scalable architecture.","features","Optimizer"
"What functionality does Optimizer provide?","Optimizer provides comprehensive functionality including: Professional-grade functionality, Integration capabilities, Compliance support, User-friendly interface, Scalable architecture.","features","Optimizer"
"What are the benefits of using Optimizer?","The key benefits of Optimizer include: Improved operational efficiency, Enhanced compliance, Reduced operational risk, Better customer service, Cost optimization.","benefits","Optimizer"
"Why should I choose Optimizer?","You should choose Optimizer because it provides: Improved operational efficiency, Enhanced compliance, Reduced operational risk, Better customer service, Cost optimization. These advantages help organizations achieve their business objectives more effectively.","benefits","Optimizer"
"How can Optimizer help my organization?","Optimizer can help your organization by providing: Improved operational efficiency, Enhanced compliance, Reduced operational risk, Better customer service, Cost optimization. This leads to improved performance and better business outcomes.","benefits","Optimizer"
"What are the use cases for Optimizer?","Optimizer is commonly used for: Business process optimization, Compliance management, Risk management, Customer service enhancement.","use_cases","Optimizer"
"When should I use Optimizer?","You should consider Optimizer for: Business process optimization, Compliance management, Risk management, Customer service enhancement. It's particularly effective in these scenarios.","use_cases","Optimizer"
"What problems does Optimizer solve?","Optimizer helps solve challenges related to: Business process optimization, Compliance management, Risk management, Customer service enhancement. It provides comprehensive solutions for these business needs.","use_cases","Optimizer"
"How can I get Optimizer?","To implement Optimizer, please contact Vermeg directly. Our team will assess your specific needs and provide detailed information about implementation, pricing, and support options.","acquisition","Optimizer"
"Is Optimizer suitable for my business?","Optimizer is designed to meet diverse business requirements in the financial services industry. To determine if it's suitable for your specific needs, please contact Vermeg for a detailed consultation and assessment.","suitability","Optimizer"
"How long does it take to implement Optimizer?","Implementation time for Optimizer varies depending on your specific requirements and organizational complexity. Vermeg's implementation team will work with you to develop a timeline that meets your needs.","implementation","Optimizer"
"What is Oversight Limits?","Vermeg Oversight Limits is a professional solution designed to meet the specific needs of financial institutions.","general_info","Oversight Limits"
"Tell me about Oversight Limits","Vermeg Oversight Limits is a professional solution designed to meet the specific needs of financial institutions. It offers comprehensive functionality to help organizations improve their operations and meet regulatory requirements.","general_info","Oversight Limits"
"What does Oversight Limits do?","Oversight Limits vermeg oversight limits is a professional solution designed to meet the specific needs of financial institutions. The solution helps organizations streamline their processes and achieve better outcomes.","functionality","Oversight Limits"
"Can you explain Oversight Limits?","Certainly! Vermeg Oversight Limits is a professional solution designed to meet the specific needs of financial institutions. This makes it an ideal choice for organizations looking to enhance their operational capabilities.","general_info","Oversight Limits"
"What are the features of Oversight Limits?","The key features of Oversight Limits include: Professional-grade functionality, Integration capabilities, Compliance support, User-friendly interface, Scalable architecture.","features","Oversight Limits"
"What capabilities does Oversight Limits have?","Oversight Limits offers the following capabilities: Professional-grade functionality, Integration capabilities, Compliance support, User-friendly interface, Scalable architecture.","features","Oversight Limits"
"What functionality does Oversight Limits provide?","Oversight Limits provides comprehensive functionality including: Professional-grade functionality, Integration capabilities, Compliance support, User-friendly interface, Scalable architecture.","features","Oversight Limits"
"What are the benefits of using Oversight Limits?","The key benefits of Oversight Limits include: Improved operational efficiency, Enhanced compliance, Reduced operational risk, Better customer service, Cost optimization.","benefits","Oversight Limits"
"Why should I choose Oversight Limits?","You should choose Oversight Limits because it provides: Improved operational efficiency, Enhanced compliance, Reduced operational risk, Better customer service, Cost optimization. These advantages help organizations achieve their business objectives more effectively.","benefits","Oversight Limits"
"How can Oversight Limits help my organization?","Oversight Limits can help your organization by providing: Improved operational efficiency, Enhanced compliance, Reduced operational risk, Better customer service, Cost optimization. This leads to improved performance and better business outcomes.","benefits","Oversight Limits"
"What are the use cases for Oversight Limits?","Oversight Limits is commonly used for: Business process optimization, Compliance management, Risk management, Customer service enhancement.","use_cases","Oversight Limits"
"When should I use Oversight Limits?","You should consider Oversight Limits for: Business process optimization, Compliance management, Risk management, Customer service enhancement. It's particularly effective in these scenarios.","use_cases","Oversight Limits"
"What problems does Oversight Limits solve?","Oversight Limits helps solve challenges related to: Business process optimization, Compliance management, Risk management, Customer service enhancement. It provides comprehensive solutions for these business needs.","use_cases","Oversight Limits"
"How can I get Oversight Limits?","To implement Oversight Limits, please contact Vermeg directly. Our team will assess your specific needs and provide detailed information about implementation, pricing, and support options.","acquisition","Oversight Limits"
"Is Oversight Limits suitable for my business?","Oversight Limits is designed to meet diverse business requirements in the financial services industry. To determine if it's suitable for your specific needs, please contact Vermeg for a detailed consultation and assessment.","suitability","Oversight Limits"
"How long does it take to implement Oversight Limits?","Implementation time for Oversight Limits varies depending on your specific requirements and organizational complexity. Vermeg's implementation team will work with you to develop a timeline that meets your needs.","implementation","Oversight Limits"
"What is Xchanger?","Vermeg Xchanger is a comprehensive regulatory reporting platform that helps financial institutions manage their regulatory obligations efficiently.","general_info","Xchanger"
"Tell me about Xchanger","Vermeg Xchanger is a comprehensive regulatory reporting platform that helps financial institutions manage their regulatory obligations efficiently. It offers comprehensive functionality to help organizations improve their operations and meet regulatory requirements.","general_info","Xchanger"
"What does Xchanger do?","Xchanger vermeg xchanger is a comprehensive regulatory reporting platform that helps financial institutions manage their regulatory obligations efficiently. The solution helps organizations streamline their processes and achieve better outcomes.","functionality","Xchanger"
"Can you explain Xchanger?","Certainly! Vermeg Xchanger is a comprehensive regulatory reporting platform that helps financial institutions manage their regulatory obligations efficiently. This makes it an ideal choice for organizations looking to enhance their operational capabilities.","general_info","Xchanger"
"What are the features of Xchanger?","The key features of Xchanger include: Automated regulatory reporting, Multi-jurisdiction compliance, Real-time data validation, Flexible data transformation, Comprehensive audit trail.","features","Xchanger"
"What capabilities does Xchanger have?","Xchanger offers the following capabilities: Automated regulatory reporting, Multi-jurisdiction compliance, Real-time data validation, Flexible data transformation, Comprehensive audit trail.","features","Xchanger"
"What functionality does Xchanger provide?","Xchanger provides comprehensive functionality including: Automated regulatory reporting, Multi-jurisdiction compliance, Real-time data validation, Flexible data transformation, Comprehensive audit trail.","features","Xchanger"
"What are the benefits of using Xchanger?","The key benefits of Xchanger include: Reduces compliance costs, Minimizes regulatory risk, Improves data quality, Accelerates reporting processes, Ensures regulatory compliance.","benefits","Xchanger"
"Why should I choose Xchanger?","You should choose Xchanger because it provides: Reduces compliance costs, Minimizes regulatory risk, Improves data quality, Accelerates reporting processes, Ensures regulatory compliance. These advantages help organizations achieve their business objectives more effectively.","benefits","Xchanger"
"How can Xchanger help my organization?","Xchanger can help your organization by providing: Reduces compliance costs, Minimizes regulatory risk, Improves data quality, Accelerates reporting processes, Ensures regulatory compliance. This leads to improved performance and better business outcomes.","benefits","Xchanger"
"What are the use cases for Xchanger?","Xchanger is commonly used for: Regulatory reporting, Risk management, Data quality management, Compliance monitoring.","use_cases","Xchanger"
"When should I use Xchanger?","You should consider Xchanger for: Regulatory reporting, Risk management, Data quality management, Compliance monitoring. It's particularly effective in these scenarios.","use_cases","Xchanger"
"What problems does Xchanger solve?","Xchanger helps solve challenges related to: Regulatory reporting, Risk management, Data quality management, Compliance monitoring. It provides comprehensive solutions for these business needs.","use_cases","Xchanger"
"How can I get Xchanger?","To implement Xchanger, please contact Vermeg directly. Our team will assess your specific needs and provide detailed information about implementation, pricing, and support options.","acquisition","Xchanger"
"Is Xchanger suitable for my business?","Xchanger is designed to meet diverse business requirements in the financial services industry. To determine if it's suitable for your specific needs, please contact Vermeg for a detailed consultation and assessment.","suitability","Xchanger"
"How long does it take to implement Xchanger?","Implementation time for Xchanger varies depending on your specific requirements and organizational complexity. Vermeg's implementation team will work with you to develop a timeline that meets your needs.","implementation","Xchanger"
"What is Colline?","Vermeg Colline is a powerful insurance and pension administration platform designed to manage the complete lifecycle of insurance products.","general_info","Colline"
"Tell me about Colline","Vermeg Colline is a powerful insurance and pension administration platform designed to manage the complete lifecycle of insurance products. It offers comprehensive functionality to help organizations improve their operations and meet regulatory requirements.","general_info","Colline"
"What does Colline do?","Colline vermeg colline is a powerful insurance and pension administration platform designed to manage the complete lifecycle of insurance products. The solution helps organizations streamline their processes and achieve better outcomes.","functionality","Colline"
"Can you explain Colline?","Certainly! Vermeg Colline is a powerful insurance and pension administration platform designed to manage the complete lifecycle of insurance products. This makes it an ideal choice for organizations looking to enhance their operational capabilities.","general_info","Colline"
"What are the features of Colline?","The key features of Colline include: Policy administration, Claims management, Premium calculation, Workflow automation, Multi-product support.","features","Colline"
"What capabilities does Colline have?","Colline offers the following capabilities: Policy administration, Claims management, Premium calculation, Workflow automation, Multi-product support.","features","Colline"
"What functionality does Colline provide?","Colline provides comprehensive functionality including: Policy administration, Claims management, Premium calculation, Workflow automation, Multi-product support.","features","Colline"
"What are the benefits of using Colline?","The key benefits of Colline include: Streamlines operations, Reduces processing time, Improves customer service, Enhances operational efficiency, Supports business growth.","benefits","Colline"
"Why should I choose Colline?","You should choose Colline because it provides: Streamlines operations, Reduces processing time, Improves customer service, Enhances operational efficiency, Supports business growth. These advantages help organizations achieve their business objectives more effectively.","benefits","Colline"
"How can Colline help my organization?","Colline can help your organization by providing: Streamlines operations, Reduces processing time, Improves customer service, Enhances operational efficiency, Supports business growth. This leads to improved performance and better business outcomes.","benefits","Colline"
"What are the use cases for Colline?","Colline is commonly used for: Life insurance administration, Pension fund management, Claims processing, Customer relationship management.","use_cases","Colline"
"When should I use Colline?","You should consider Colline for: Life insurance administration, Pension fund management, Claims processing, Customer relationship management. It's particularly effective in these scenarios.","use_cases","Colline"
"What problems does Colline solve?","Colline helps solve challenges related to: Life insurance administration, Pension fund management, Claims processing, Customer relationship management. It provides comprehensive solutions for these business needs.","use_cases","Colline"
"How can I get Colline?","To implement Colline, please contact Vermeg directly. Our team will assess your specific needs and provide detailed information about implementation, pricing, and support options.","acquisition","Colline"
"Is Colline suitable for my business?","Colline is designed to meet diverse business requirements in the financial services industry. To determine if it's suitable for your specific needs, please contact Vermeg for a detailed consultation and assessment.","suitability","Colline"
"How long does it take to implement Colline?","Implementation time for Colline varies depending on your specific requirements and organizational complexity. Vermeg's implementation team will work with you to develop a timeline that meets your needs.","implementation","Colline"
"What is General?","Vermeg General is a professional solution designed to meet the specific needs of financial institutions.","general_info","General"
"Tell me about General","Vermeg General is a professional solution designed to meet the specific needs of financial institutions. It offers comprehensive functionality to help organizations improve their operations and meet regulatory requirements.","general_info","General"
"What does General do?","General vermeg general is a professional solution designed to meet the specific needs of financial institutions. The solution helps organizations streamline their processes and achieve better outcomes.","functionality","General"
"Can you explain General?","Certainly! Vermeg General is a professional solution designed to meet the specific needs of financial institutions. This makes it an ideal choice for organizations looking to enhance their operational capabilities.","general_info","General"
"What are the features of General?","The key features of General include: Professional-grade functionality, Integration capabilities, Compliance support, User-friendly interface, Scalable architecture.","features","General"
"What capabilities does General have?","General offers the following capabilities: Professional-grade functionality, Integration capabilities, Compliance support, User-friendly interface, Scalable architecture.","features","General"
"What functionality does General provide?","General provides comprehensive functionality including: Professional-grade functionality, Integration capabilities, Compliance support, User-friendly interface, Scalable architecture.","features","General"
"What are the benefits of using General?","The key benefits of General include: Improved operational efficiency, Enhanced compliance, Reduced operational risk, Better customer service, Cost optimization.","benefits","General"
"Why should I choose General?","You should choose General because it provides: Improved operational efficiency, Enhanced compliance, Reduced operational risk, Better customer service, Cost optimization. These advantages help organizations achieve their business objectives more effectively.","benefits","General"
"How can General help my organization?","General can help your organization by providing: Improved operational efficiency, Enhanced compliance, Reduced operational risk, Better customer service, Cost optimization. This leads to improved performance and better business outcomes.","benefits","General"
"What are the use cases for General?","General is commonly used for: Business process optimization, Compliance management, Risk management, Customer service enhancement.","use_cases","General"
"When should I use General?","You should consider General for: Business process optimization, Compliance management, Risk management, Customer service enhancement. It's particularly effective in these scenarios.","use_cases","General"
"What problems does General solve?","General helps solve challenges related to: Business process optimization, Compliance management, Risk management, Customer service enhancement. It provides comprehensive solutions for these business needs.","use_cases","General"
"How can I get General?","To implement General, please contact Vermeg directly. Our team will assess your specific needs and provide detailed information about implementation, pricing, and support options.","acquisition","General"
"Is General suitable for my business?","General is designed to meet diverse business requirements in the financial services industry. To determine if it's suitable for your specific needs, please contact Vermeg for a detailed consultation and assessment.","suitability","General"
"How long does it take to implement General?","Implementation time for General varies depending on your specific requirements and organizational complexity. Vermeg's implementation team will work with you to develop a timeline that meets your needs.","implementation","General"
"What is Megara?","Vermeg Megara is an advanced analytics and risk management platform that provides comprehensive insights for financial institutions.","general_info","Megara"
"Tell me about Megara","Vermeg Megara is an advanced analytics and risk management platform that provides comprehensive insights for financial institutions. It offers comprehensive functionality to help organizations improve their operations and meet regulatory requirements.","general_info","Megara"
"What does Megara do?","Megara vermeg megara is an advanced analytics and risk management platform that provides comprehensive insights for financial institutions. The solution helps organizations streamline their processes and achieve better outcomes.","functionality","Megara"
"Can you explain Megara?","Certainly! Vermeg Megara is an advanced analytics and risk management platform that provides comprehensive insights for financial institutions. This makes it an ideal choice for organizations looking to enhance their operational capabilities.","general_info","Megara"
"What are the features of Megara?","The key features of Megara include: Advanced analytics, Risk assessment, Portfolio management, Stress testing, Real-time monitoring.","features","Megara"
"What capabilities does Megara have?","Megara offers the following capabilities: Advanced analytics, Risk assessment, Portfolio management, Stress testing, Real-time monitoring.","features","Megara"
"What functionality does Megara provide?","Megara provides comprehensive functionality including: Advanced analytics, Risk assessment, Portfolio management, Stress testing, Real-time monitoring.","features","Megara"
"What are the benefits of using Megara?","The key benefits of Megara include: Enhanced risk visibility, Better decision making, Improved portfolio performance, Regulatory compliance, Operational efficiency.","benefits","Megara"
"Why should I choose Megara?","You should choose Megara because it provides: Enhanced risk visibility, Better decision making, Improved portfolio performance, Regulatory compliance, Operational efficiency. These advantages help organizations achieve their business objectives more effectively.","benefits","Megara"
"How can Megara help my organization?","Megara can help your organization by providing: Enhanced risk visibility, Better decision making, Improved portfolio performance, Regulatory compliance, Operational efficiency. This leads to improved performance and better business outcomes.","benefits","Megara"
"What are the use cases for Megara?","Megara is commonly used for: Risk management, Portfolio optimization, Regulatory reporting, Stress testing.","use_cases","Megara"
"When should I use Megara?","You should consider Megara for: Risk management, Portfolio optimization, Regulatory reporting, Stress testing. It's particularly effective in these scenarios.","use_cases","Megara"
"What problems does Megara solve?","Megara helps solve challenges related to: Risk management, Portfolio optimization, Regulatory reporting, Stress testing. It provides comprehensive solutions for these business needs.","use_cases","Megara"
"How can I get Megara?","To implement Megara, please contact Vermeg directly. Our team will assess your specific needs and provide detailed information about implementation, pricing, and support options.","acquisition","Megara"
"Is Megara suitable for my business?","Megara is designed to meet diverse business requirements in the financial services industry. To determine if it's suitable for your specific needs, please contact Vermeg for a detailed consultation and assessment.","suitability","Megara"
"How long does it take to implement Megara?","Implementation time for Megara varies depending on your specific requirements and organizational complexity. Vermeg's implementation team will work with you to develop a timeline that meets your needs.","implementation","Megara"
"What is Soliam?","Vermeg Soliam is a comprehensive asset management platform that provides end-to-end portfolio management capabilities.","general_info","Soliam"
"Tell me about Soliam","Vermeg Soliam is a comprehensive asset management platform that provides end-to-end portfolio management capabilities. It offers comprehensive functionality to help organizations improve their operations and meet regulatory requirements.","general_info","Soliam"
"What does Soliam do?","Soliam vermeg soliam is a comprehensive asset management platform that provides end-to-end portfolio management capabilities. The solution helps organizations streamline their processes and achieve better outcomes.","functionality","Soliam"
"Can you explain Soliam?","Certainly! Vermeg Soliam is a comprehensive asset management platform that provides end-to-end portfolio management capabilities. This makes it an ideal choice for organizations looking to enhance their operational capabilities.","general_info","Soliam"
"What are the features of Soliam?","The key features of Soliam include: Portfolio management, Trade execution, Risk monitoring, Performance analysis, Compliance management.","features","Soliam"
"What capabilities does Soliam have?","Soliam offers the following capabilities: Portfolio management, Trade execution, Risk monitoring, Performance analysis, Compliance management.","features","Soliam"
"What functionality does Soliam provide?","Soliam provides comprehensive functionality including: Portfolio management, Trade execution, Risk monitoring, Performance analysis, Compliance management.","features","Soliam"
"What are the benefits of using Soliam?","The key benefits of Soliam include: Optimized investment performance, Reduced operational risk, Enhanced compliance, Improved efficiency, Better client service.","benefits","Soliam"
"Why should I choose Soliam?","You should choose Soliam because it provides: Optimized investment performance, Reduced operational risk, Enhanced compliance, Improved efficiency, Better client service. These advantages help organizations achieve their business objectives more effectively.","benefits","Soliam"
"How can Soliam help my organization?","Soliam can help your organization by providing: Optimized investment performance, Reduced operational risk, Enhanced compliance, Improved efficiency, Better client service. This leads to improved performance and better business outcomes.","benefits","Soliam"
"What are the use cases for Soliam?","Soliam is commonly used for: Asset management, Portfolio optimization, Risk management, Performance monitoring.","use_cases","Soliam"
"When should I use Soliam?","You should consider Soliam for: Asset management, Portfolio optimization, Risk management, Performance monitoring. It's particularly effective in these scenarios.","use_cases","Soliam"
"What problems does Soliam solve?","Soliam helps solve challenges related to: Asset management, Portfolio optimization, Risk management, Performance monitoring. It provides comprehensive solutions for these business needs.","use_cases","Soliam"
"How can I get Soliam?","To implement Soliam, please contact Vermeg directly. Our team will assess your specific needs and provide detailed information about implementation, pricing, and support options.","acquisition","Soliam"
"Is Soliam suitable for my business?","Soliam is designed to meet diverse business requirements in the financial services industry. To determine if it's suitable for your specific needs, please contact Vermeg for a detailed consultation and assessment.","suitability","Soliam"
"How long does it take to implement Soliam?","Implementation time for Soliam varies depending on your specific requirements and organizational complexity. Vermeg's implementation team will work with you to develop a timeline that meets your needs.","implementation","Soliam"
"What is Solife?","Vermeg Solife is a comprehensive life insurance platform that manages the entire lifecycle of life insurance products.","general_info","Solife"
"Tell me about Solife","Vermeg Solife is a comprehensive life insurance platform that manages the entire lifecycle of life insurance products. It offers comprehensive functionality to help organizations improve their operations and meet regulatory requirements.","general_info","Solife"
"What does Solife do?","Solife vermeg solife is a comprehensive life insurance platform that manages the entire lifecycle of life insurance products. The solution helps organizations streamline their processes and achieve better outcomes.","functionality","Solife"
"Can you explain Solife?","Certainly! Vermeg Solife is a comprehensive life insurance platform that manages the entire lifecycle of life insurance products. This makes it an ideal choice for organizations looking to enhance their operational capabilities.","general_info","Solife"
"What are the features of Solife?","The key features of Solife include: Policy administration, Premium management, Claims processing, Regulatory compliance, Customer management.","features","Solife"
"What capabilities does Solife have?","Solife offers the following capabilities: Policy administration, Premium management, Claims processing, Regulatory compliance, Customer management.","features","Solife"
"What functionality does Solife provide?","Solife provides comprehensive functionality including: Policy administration, Premium management, Claims processing, Regulatory compliance, Customer management.","features","Solife"
"What are the benefits of using Solife?","The key benefits of Solife include: Streamlined operations, Improved customer experience, Regulatory compliance, Reduced costs, Enhanced efficiency.","benefits","Solife"
"Why should I choose Solife?","You should choose Solife because it provides: Streamlined operations, Improved customer experience, Regulatory compliance, Reduced costs, Enhanced efficiency. These advantages help organizations achieve their business objectives more effectively.","benefits","Solife"
"How can Solife help my organization?","Solife can help your organization by providing: Streamlined operations, Improved customer experience, Regulatory compliance, Reduced costs, Enhanced efficiency. This leads to improved performance and better business outcomes.","benefits","Solife"
"What are the use cases for Solife?","Solife is commonly used for: Life insurance administration, Policy management, Claims processing, Customer service.","use_cases","Solife"
"When should I use Solife?","You should consider Solife for: Life insurance administration, Policy management, Claims processing, Customer service. It's particularly effective in these scenarios.","use_cases","Solife"
"What problems does Solife solve?","Solife helps solve challenges related to: Life insurance administration, Policy management, Claims processing, Customer service. It provides comprehensive solutions for these business needs.","use_cases","Solife"
"How can I get Solife?","To implement Solife, please contact Vermeg directly. Our team will assess your specific needs and provide detailed information about implementation, pricing, and support options.","acquisition","Solife"
"Is Solife suitable for my business?","Solife is designed to meet diverse business requirements in the financial services industry. To determine if it's suitable for your specific needs, please contact Vermeg for a detailed consultation and assessment.","suitability","Solife"
"How long does it take to implement Solife?","Implementation time for Solife varies depending on your specific requirements and organizational complexity. Vermeg's implementation team will work with you to develop a timeline that meets your needs.","implementation","Solife"
"What is Vermeg?","Vermeg is a leading provider of innovative software solutions for the financial services industry. We specialize in regulatory compliance, risk management, digital transformation, and insurance solutions, helping financial institutions optimize their operations and meet regulatory requirements.","general_company","general"
"What solutions does Vermeg offer?","Vermeg offers a comprehensive portfolio of solutions including: Xchanger, Xchanger, Client Data Collector, Collateral Email Channel Automation, Default Management, Digital Commercial Agreement, Easy Agreement, Easy Collateral, Easy Collateral, Fast Track, Group Insurance Member Enrolment, Individual Life & Health Insurance, Individual Life & Health Insurance, Money for Life, Optimizer.... These solutions cover regulatory compliance, risk management, insurance, asset management, and digital transformation.","general_company","general"
"What industries does Vermeg serve?","Vermeg primarily serves the financial services industry, including commercial banks, investment banks, insurance companies, pension funds, asset managers, and other financial institutions. Our solutions help these organizations with regulatory compliance, risk management, and operational efficiency.","general_company","general"
"How can I contact Vermeg?","You can contact Vermeg through our website at vermeg.com or reach out to our sales team directly. We have offices in multiple locations worldwide and our team is ready to discuss how our solutions can benefit your organization.","contact","general"
"What makes Vermeg different?","Vermeg stands out through our deep expertise in financial services, comprehensive solution portfolio, strong regulatory knowledge, and commitment to innovation. We combine industry experience with cutting-edge technology to deliver solutions that truly meet our clients' needs.","general_company","general"
"Does Vermeg provide support?","Yes, Vermeg provides comprehensive support including implementation services, training, ongoing technical support, and maintenance. Our support team works closely with clients to ensure successful deployment and optimal use of our solutions.","support","general"
"What digital solutions does Vermeg offer?","Vermeg's digital solutions include: Xchanger, Xchanger, Client Data Collector, Collateral Email Channel Automation, Default Management, Digital Commercial Agreement, Easy Agreement, Easy Collateral, Easy Collateral, Fast Track, Group Insurance Member Enrolment, Individual Life & Health Insurance, Individual Life & Health Insurance, Money for Life, Optimizer, Oversight Limits, Xchanger. These solutions help organizations digitize their processes, improve operational efficiency, and enhance customer experience.","digital_solutions","general"
"How can Vermeg help with digital transformation?","Vermeg supports digital transformation through solutions like: Xchanger, Xchanger, Client Data Collector, Collateral Email Channel Automation, Default Management.... These tools help organizations modernize their operations, automate processes, and improve customer service.","digital_solutions","general"
"What are Vermeg's core solutions?","Vermeg's core solutions include: Colline, General, Megara, Soliam, Solife. These are our fundamental platform solutions that provide comprehensive functionality for financial institutions.","core_solutions","general"
"What platforms does Vermeg offer?","Vermeg offers several comprehensive platforms including: Colline, General, Megara, Soliam, Solife. These platforms provide end-to-end functionality for various financial services operations.","core_solutions","general"
"How does Vermeg help with regulatory compliance?","Vermeg helps organizations achieve regulatory compliance through specialized solutions like Xchanger for regulatory reporting, comprehensive risk management tools, and automated compliance monitoring. Our solutions are designed to meet various regulatory requirements including MiFID II, EMIR, Solvency II, and many others.","compliance","general"
"What regulatory frameworks does Vermeg support?","Vermeg supports numerous regulatory frameworks including MiFID II, EMIR, Solvency II, Basel III, IFRS, GDPR, and many others. Our solutions are regularly updated to ensure compliance with evolving regulatory requirements.","compliance","general"
