question,answer,category,solution
Provide details about Money for Life,Vermeg Money for Life is a professional solution designed to meet the specific needs of financial institutions.,general_info,Money for Life
What types of organizations use Fast Track?,"You should consider Fast Track for: Business process optimization, Compliance management, Risk management, Customer service enhancement. It's particularly effective in these scenarios.",use_cases,Fast Track
For what purposes is Colline designed?,"Colline helps solve challenges related to: Life insurance administration, Pension fund management, Claims processing, Customer relationship management. It provides comprehensive solutions for these business needs.",use_cases,Colline
Help me understand Optimizer,Vermeg Optimizer is a professional solution designed to meet the specific needs of financial institutions. It offers comprehensive functionality to help organizations improve their operations and meet regulatory requirements.,general_info,Optimizer
What types of organizations use Colline?,"Colline is commonly used for: Life insurance administration, Pension fund management, Claims processing, Customer relationship management.",use_cases,Colline
When is Default Management most effective?,"You should consider Default Management for: Business process optimization, Compliance management, Risk management, Customer service enhancement. It's particularly effective in these scenarios.",use_cases,Default Management
List the features of Xchanger,"The key features of Xchanger include: Automated regulatory reporting, Multi-jurisdiction compliance, Real-time data validation, Flexible data transformation, Comprehensive audit trail.",features,Xchanger
What are Collateral Email Channel Automation's key features?,"Collateral Email Channel Automation offers the following capabilities: Professional-grade functionality, Integration capabilities, Compliance support, User-friendly interface, Scalable architecture.",features,Collateral Email Channel Automation
Tell me about Colline,Vermeg Colline is a powerful insurance and pension administration platform designed to manage the complete lifecycle of insurance products. It offers comprehensive functionality to help organizations improve their operations and meet regulatory requirements.,general_info,Colline
Could you describe Client Data Collector?,Vermeg Client Data Collector is a solution for efficient collection and management of client data across multiple channels.,general_info,Client Data Collector
What tools does General provide?,"General provides comprehensive functionality including: Professional-grade functionality, Integration capabilities, Compliance support, User-friendly interface, Scalable architecture.",features,General
How can I get Digital Commercial Agreement?,"To implement Digital Commercial Agreement, please contact Vermeg directly. Our team will assess your specific needs and provide detailed information about implementation, pricing, and support options.",acquisition,Digital Commercial Agreement
What functions does Optimizer offer?,"The key features of Optimizer include: Professional-grade functionality, Integration capabilities, Compliance support, User-friendly interface, Scalable architecture.",features,Optimizer
What functionality is included in Solife?,"Solife offers the following capabilities: Policy administration, Premium management, Claims processing, Regulatory compliance, Customer management.",features,Solife
When can we expect Soliam to be ready?,Implementation time for Soliam varies depending on your specific requirements and organizational complexity. Vermeg's implementation team will work with you to develop a timeline that meets your needs.,implementation,Soliam
What types of organizations use Soliam?,"Soliam is commonly used for: Asset management, Portfolio optimization, Risk management, Performance monitoring.",use_cases,Soliam
What functionality does Group Insurance Member Enrolment provide?,"Group Insurance Member Enrolment provides comprehensive functionality including: Professional-grade functionality, Integration capabilities, Compliance support, User-friendly interface, Scalable architecture.",features,Group Insurance Member Enrolment
What are the business benefits of Colline?,"The key benefits of Colline include: Streamlines operations, Reduces processing time, Improves customer service, Enhances operational efficiency, Supports business growth.",benefits,Colline
How is Solife typically implemented?,"Solife helps solve challenges related to: Life insurance administration, Policy management, Claims processing, Customer service. It provides comprehensive solutions for these business needs.",use_cases,Solife
What is the purpose of Oversight Limits?,Oversight Limits vermeg oversight limits is a professional solution designed to meet the specific needs of financial institutions. The solution helps organizations streamline their processes and achieve better outcomes.,functionality,Oversight Limits
What are the features of Money for Life?,"The key features of Money for Life include: Professional-grade functionality, Integration capabilities, Compliance support, User-friendly interface, Scalable architecture.",features,Money for Life
What types of organizations use Megara?,"You should consider Megara for: Risk management, Portfolio optimization, Regulatory reporting, Stress testing. It's particularly effective in these scenarios.",use_cases,Megara
How can I get Colline?,"To implement Colline, please contact Vermeg directly. Our team will assess your specific needs and provide detailed information about implementation, pricing, and support options.",acquisition,Colline
What job does Megara do?,Megara vermeg megara is an advanced analytics and risk management platform that provides comprehensive insights for financial institutions. The solution helps organizations streamline their processes and achieve better outcomes.,functionality,Megara
What functionality does General provide?,"General provides comprehensive functionality including: Professional-grade functionality, Integration capabilities, Compliance support, User-friendly interface, Scalable architecture.",features,General
What are the technical capabilities of Collateral Email Channel Automation?,"The key features of Collateral Email Channel Automation include: Professional-grade functionality, Integration capabilities, Compliance support, User-friendly interface, Scalable architecture.",features,Collateral Email Channel Automation
What problems does Oversight Limits solve?,"Oversight Limits helps solve challenges related to: Business process optimization, Compliance management, Risk management, Customer service enhancement. It provides comprehensive solutions for these business needs.",use_cases,Oversight Limits
How long does Default Management take to go live?,Implementation time for Default Management varies depending on your specific requirements and organizational complexity. Vermeg's implementation team will work with you to develop a timeline that meets your needs.,implementation,Default Management
What makes Vermeg different?,"Vermeg stands out through our deep expertise in financial services, comprehensive solution portfolio, strong regulatory knowledge, and commitment to innovation. We combine industry experience with cutting-edge technology to deliver solutions that truly meet our clients' needs.",general_company,general
What can I do with Client Data Collector?,"Client Data Collector offers the following capabilities: Multi-channel data collection, Data validation, Automated workflows, Integration capabilities, Compliance tracking.",features,Client Data Collector
I need information on Money for Life,Vermeg Money for Life is a professional solution designed to meet the specific needs of financial institutions. It offers comprehensive functionality to help organizations improve their operations and meet regulatory requirements.,general_info,Money for Life
Is Money for Life suitable for my business?,"Money for Life is designed to meet diverse business requirements in the financial services industry. To determine if it's suitable for your specific needs, please contact Vermeg for a detailed consultation and assessment.",suitability,Money for Life
For what purposes is Easy Collateral designed?,"Easy Collateral is commonly used for: Business process optimization, Compliance management, Risk management, Customer service enhancement.",use_cases,Easy Collateral
Is Easy Agreement compatible with our business?,"Easy Agreement is designed to meet diverse business requirements in the financial services industry. To determine if it's suitable for your specific needs, please contact Vermeg for a detailed consultation and assessment.",suitability,Easy Agreement
What are the technical capabilities of Fast Track?,"Fast Track offers the following capabilities: Professional-grade functionality, Integration capabilities, Compliance support, User-friendly interface, Scalable architecture.",features,Fast Track
What scenarios is General designed for?,"General is commonly used for: Business process optimization, Compliance management, Risk management, Customer service enhancement.",use_cases,General
What positive impact can Solife have?,"The key benefits of Solife include: Streamlined operations, Improved customer experience, Regulatory compliance, Reduced costs, Enhanced efficiency.",benefits,Solife
How can Default Management help my organization?,"Default Management can help your organization by providing: Improved operational efficiency, Enhanced compliance, Reduced operational risk, Better customer service, Cost optimization. This leads to improved performance and better business outcomes.",benefits,Default Management
What ROI can I expect from Default Management?,"You should choose Default Management because it provides: Improved operational efficiency, Enhanced compliance, Reduced operational risk, Better customer service, Cost optimization. These advantages help organizations achieve their business objectives more effectively.",benefits,Default Management
How can I purchase Fast Track?,"To implement Fast Track, please contact Vermeg directly. Our team will assess your specific needs and provide detailed information about implementation, pricing, and support options.",acquisition,Fast Track
Tell me about Optimizer,Vermeg Optimizer is a professional solution designed to meet the specific needs of financial institutions. It offers comprehensive functionality to help organizations improve their operations and meet regulatory requirements.,general_info,Optimizer
What types of organizations use Individual Life & Health Insurance?,"Individual Life & Health Insurance helps solve challenges related to: Business process optimization, Compliance management, Risk management, Customer service enhancement. It provides comprehensive solutions for these business needs.",use_cases,Individual Life & Health Insurance
Can you explain Digital Commercial Agreement?,Certainly! Vermeg Digital Commercial Agreement is a professional solution designed to meet the specific needs of financial institutions. This makes it an ideal choice for organizations looking to enhance their operational capabilities.,general_info,Digital Commercial Agreement
What support does Vermeg provide for Easy Collateral?,"Vermeg provides comprehensive support for Easy Collateral including implementation services, training, ongoing technical support, maintenance, and updates. Our support team has deep expertise in Easy Collateral and is committed to ensuring your success with the platform.",support,Easy Collateral
What's Money for Life all about?,Vermeg Money for Life is a professional solution designed to meet the specific needs of financial institutions.,general_info,Money for Life
What functionality does Individual Life & Health Insurance provide?,"Individual Life & Health Insurance provides comprehensive functionality including: Professional-grade functionality, Integration capabilities, Compliance support, User-friendly interface, Scalable architecture.",features,Individual Life & Health Insurance
In which industries is Default Management used?,"Default Management is commonly used for: Business process optimization, Compliance management, Risk management, Customer service enhancement.",use_cases,Default Management
Is Client Data Collector better than competing products?,"Client Data Collector is designed with Vermeg's expertise in financial services to provide superior functionality and value. The best choice depends on your specific requirements, existing infrastructure, and business objectives. Contact Vermeg for a detailed comparison with your current solutions.",comparison,Client Data Collector
What are the use cases for Default Management?,"Default Management is commonly used for: Business process optimization, Compliance management, Risk management, Customer service enhancement.",use_cases,Default Management
In which industries is Megara used?,"Megara is commonly used for: Risk management, Portfolio optimization, Regulatory reporting, Stress testing.",use_cases,Megara
What is General?,Vermeg General is a professional solution designed to meet the specific needs of financial institutions.,general_info,General
What challenges does Solife help with?,"Solife helps solve challenges related to: Life insurance administration, Policy management, Claims processing, Customer service. It provides comprehensive solutions for these business needs.",use_cases,Solife
What functionality does Money for Life provide?,"Money for Life provides comprehensive functionality including: Professional-grade functionality, Integration capabilities, Compliance support, User-friendly interface, Scalable architecture.",features,Money for Life
What ROI can I expect from Group Insurance Member Enrolment?,"You should choose Group Insurance Member Enrolment because it provides: Improved operational efficiency, Enhanced compliance, Reduced operational risk, Better customer service, Cost optimization. These advantages help organizations achieve their business objectives more effectively.",benefits,Group Insurance Member Enrolment
How can my company get Easy Collateral?,"To implement Easy Collateral, please contact Vermeg directly. Our team will assess your specific needs and provide detailed information about implementation, pricing, and support options.",acquisition,Easy Collateral
How does Vermeg help with regulatory compliance?,"Vermeg helps organizations achieve regulatory compliance through specialized solutions like Xchanger for regulatory reporting, comprehensive risk management tools, and automated compliance monitoring. Our solutions are designed to meet various regulatory requirements including MiFID II, EMIR, Solvency II, and many others.",compliance,general
What are the use cases for Client Data Collector?,"Client Data Collector is commonly used for: Customer onboarding, KYC processes, Data management, Compliance monitoring.",use_cases,Client Data Collector
What advantages does Oversight Limits offer?,"Oversight Limits can help your organization by providing: Improved operational efficiency, Enhanced compliance, Reduced operational risk, Better customer service, Cost optimization. This leads to improved performance and better business outcomes.",benefits,Oversight Limits
What are the technical capabilities of Soliam?,"Soliam provides comprehensive functionality including: Portfolio management, Trade execution, Risk monitoring, Performance analysis, Compliance management.",features,Soliam
What are the features of Fast Track?,"The key features of Fast Track include: Professional-grade functionality, Integration capabilities, Compliance support, User-friendly interface, Scalable architecture.",features,Fast Track
I'd like to know about Individual Life & Health Insurance,Vermeg Individual Life & Health Insurance is a professional solution designed to meet the specific needs of financial institutions.,general_info,Individual Life & Health Insurance
What can you tell me about Collateral Email Channel Automation?,Vermeg Collateral Email Channel Automation is a professional solution designed to meet the specific needs of financial institutions.,general_info,Collateral Email Channel Automation
What's the setup time for General?,Implementation time for General varies depending on your specific requirements and organizational complexity. Vermeg's implementation team will work with you to develop a timeline that meets your needs.,implementation,General
How will Colline benefit my business?,"You should choose Colline because it provides: Streamlines operations, Reduces processing time, Improves customer service, Enhances operational efficiency, Supports business growth. These advantages help organizations achieve their business objectives more effectively.",benefits,Colline
How is Optimizer typically implemented?,"You should consider Optimizer for: Business process optimization, Compliance management, Risk management, Customer service enhancement. It's particularly effective in these scenarios.",use_cases,Optimizer
Should my business consider Solife?,"Solife is designed to meet diverse business requirements in the financial services industry. To determine if it's suitable for your specific needs, please contact Vermeg for a detailed consultation and assessment.",suitability,Solife
What are the advantages of Digital Commercial Agreement?,"You should choose Digital Commercial Agreement because it provides: Improved operational efficiency, Enhanced compliance, Reduced operational risk, Better customer service, Cost optimization. These advantages help organizations achieve their business objectives more effectively.",benefits,Digital Commercial Agreement
What exactly is Easy Collateral?,Vermeg Easy Collateral is a professional solution designed to meet the specific needs of financial institutions.,general_info,Easy Collateral
How can I access Collateral Email Channel Automation?,"To implement Collateral Email Channel Automation, please contact Vermeg directly. Our team will assess your specific needs and provide detailed information about implementation, pricing, and support options.",acquisition,Collateral Email Channel Automation
What ROI can I expect from Fast Track?,"Fast Track can help your organization by providing: Improved operational efficiency, Enhanced compliance, Reduced operational risk, Better customer service, Cost optimization. This leads to improved performance and better business outcomes.",benefits,Fast Track
What's the main function of Default Management?,Default Management vermeg default management is a professional solution designed to meet the specific needs of financial institutions. The solution helps organizations streamline their processes and achieve better outcomes.,functionality,Default Management
How can Easy Collateral help my organization?,"Easy Collateral can help your organization by providing: Improved operational efficiency, Enhanced compliance, Reduced operational risk, Better customer service, Cost optimization. This leads to improved performance and better business outcomes.",benefits,Easy Collateral
How long before General is operational?,Implementation time for General varies depending on your specific requirements and organizational complexity. Vermeg's implementation team will work with you to develop a timeline that meets your needs.,implementation,General
How long does it take to implement Easy Agreement?,Implementation time for Easy Agreement varies depending on your specific requirements and organizational complexity. Vermeg's implementation team will work with you to develop a timeline that meets your needs.,implementation,Easy Agreement
Could you describe Soliam?,Vermeg Soliam is a comprehensive asset management platform that provides end-to-end portfolio management capabilities.,general_info,Soliam
Help me understand Colline,Certainly! Vermeg Colline is a powerful insurance and pension administration platform designed to manage the complete lifecycle of insurance products. This makes it an ideal choice for organizations looking to enhance their operational capabilities.,general_info,Colline
What's the main function of Oversight Limits?,Oversight Limits vermeg oversight limits is a professional solution designed to meet the specific needs of financial institutions. The solution helps organizations streamline their processes and achieve better outcomes.,functionality,Oversight Limits
How will Xchanger benefit my business?,"Xchanger can help your organization by providing: Reduces compliance costs, Minimizes regulatory risk, Improves data quality, Accelerates reporting processes, Ensures regulatory compliance. This leads to improved performance and better business outcomes.",benefits,Xchanger
What functionality is included in Collateral Email Channel Automation?,"Collateral Email Channel Automation offers the following capabilities: Professional-grade functionality, Integration capabilities, Compliance support, User-friendly interface, Scalable architecture.",features,Collateral Email Channel Automation
What business problems can Soliam address?,"Soliam is commonly used for: Asset management, Portfolio optimization, Risk management, Performance monitoring.",use_cases,Soliam
Is Collateral Email Channel Automation suitable for asset management organizations?,Collateral Email Channel Automation is well-suited for asset management organizations as it's designed specifically for the financial services sector. Vermeg has extensive experience working with asset management clients and can customize Collateral Email Channel Automation to meet sector-specific needs and regulatory requirements.,industry_specific,Collateral Email Channel Automation
What can you tell me about Solife?,Certainly! Vermeg Solife is a comprehensive life insurance platform that manages the entire lifecycle of life insurance products. This makes it an ideal choice for organizations looking to enhance their operational capabilities.,general_info,Solife
What are the use cases for Money for Life?,"Money for Life is commonly used for: Business process optimization, Compliance management, Risk management, Customer service enhancement.",use_cases,Money for Life
Is Soliam compatible with our business?,"Soliam is designed to meet diverse business requirements in the financial services industry. To determine if it's suitable for your specific needs, please contact Vermeg for a detailed consultation and assessment.",suitability,Soliam
What are the use cases for Fast Track?,"Fast Track is commonly used for: Business process optimization, Compliance management, Risk management, Customer service enhancement.",use_cases,Fast Track
What advantages does Group Insurance Member Enrolment offer?,"The key benefits of Group Insurance Member Enrolment include: Improved operational efficiency, Enhanced compliance, Reduced operational risk, Better customer service, Cost optimization.",benefits,Group Insurance Member Enrolment
Can Easy Collateral integrate with our existing systems?,"Yes, Easy Collateral is designed with integration capabilities to work with existing financial systems. Vermeg provides comprehensive integration support and can work with your IT team to ensure seamless connectivity with your current infrastructure and applications.",technical,Easy Collateral
What functions does Megara offer?,"The key features of Megara include: Advanced analytics, Risk assessment, Portfolio management, Stress testing, Real-time monitoring.",features,Megara
When should I use Individual Life & Health Insurance?,"You should consider Individual Life & Health Insurance for: Business process optimization, Compliance management, Risk management, Customer service enhancement. It's particularly effective in these scenarios.",use_cases,Individual Life & Health Insurance
Would Soliam fit our organization?,"Soliam is designed to meet diverse business requirements in the financial services industry. To determine if it's suitable for your specific needs, please contact Vermeg for a detailed consultation and assessment.",suitability,Soliam
Is Soliam the right choice for us?,"Soliam is designed to meet diverse business requirements in the financial services industry. To determine if it's suitable for your specific needs, please contact Vermeg for a detailed consultation and assessment.",suitability,Soliam
What are Vermeg's core solutions?,"Vermeg's core solutions include: Colline, General, Megara, Soliam, Solife. These are our fundamental platform solutions that provide comprehensive functionality for financial institutions.",core_solutions,general
What are the features of Solife?,"The key features of Solife include: Policy administration, Premium management, Claims processing, Regulatory compliance, Customer management.",features,Solife
What business problems can Colline address?,"You should consider Colline for: Life insurance administration, Pension fund management, Claims processing, Customer relationship management. It's particularly effective in these scenarios.",use_cases,Colline
Describe the features of Individual Life & Health Insurance,"Individual Life & Health Insurance offers the following capabilities: Professional-grade functionality, Integration capabilities, Compliance support, User-friendly interface, Scalable architecture.",features,Individual Life & Health Insurance
How long before Individual Life & Health Insurance is operational?,Implementation time for Individual Life & Health Insurance varies depending on your specific requirements and organizational complexity. Vermeg's implementation team will work with you to develop a timeline that meets your needs.,implementation,Individual Life & Health Insurance
What challenges does Soliam help with?,"Soliam is commonly used for: Asset management, Portfolio optimization, Risk management, Performance monitoring.",use_cases,Soliam
Is Solife suitable for asset management organizations?,Solife is well-suited for asset management organizations as it's designed specifically for the financial services sector. Vermeg has extensive experience working with asset management clients and can customize Solife to meet sector-specific needs and regulatory requirements.,industry_specific,Solife
What are the advantages of General?,"General can help your organization by providing: Improved operational efficiency, Enhanced compliance, Reduced operational risk, Better customer service, Cost optimization. This leads to improved performance and better business outcomes.",benefits,General
What should I know about Individual Life & Health Insurance?,Vermeg Individual Life & Health Insurance is a professional solution designed to meet the specific needs of financial institutions. It offers comprehensive functionality to help organizations improve their operations and meet regulatory requirements.,general_info,Individual Life & Health Insurance
How can I get Solife?,"To implement Solife, please contact Vermeg directly. Our team will assess your specific needs and provide detailed information about implementation, pricing, and support options.",acquisition,Solife
How long does it take to implement Collateral Email Channel Automation?,Implementation time for Collateral Email Channel Automation varies depending on your specific requirements and organizational complexity. Vermeg's implementation team will work with you to develop a timeline that meets your needs.,implementation,Collateral Email Channel Automation
List the features of Solife,"The key features of Solife include: Policy administration, Premium management, Claims processing, Regulatory compliance, Customer management.",features,Solife
Is Collateral Email Channel Automation designed for businesses like ours?,"Collateral Email Channel Automation is designed to meet diverse business requirements in the financial services industry. To determine if it's suitable for your specific needs, please contact Vermeg for a detailed consultation and assessment.",suitability,Collateral Email Channel Automation
What is Default Management?,Vermeg Default Management is a professional solution designed to meet the specific needs of financial institutions.,general_info,Default Management
What does Money for Life do?,Money for Life vermeg money for life is a professional solution designed to meet the specific needs of financial institutions. The solution helps organizations streamline their processes and achieve better outcomes.,functionality,Money for Life
What can I do with General?,"General offers the following capabilities: Professional-grade functionality, Integration capabilities, Compliance support, User-friendly interface, Scalable architecture.",features,General
What do I need to do to get Xchanger?,"To implement Xchanger, please contact Vermeg directly. Our team will assess your specific needs and provide detailed information about implementation, pricing, and support options.",acquisition,Xchanger
Is Individual Life & Health Insurance appropriate for my needs?,"Individual Life & Health Insurance is designed to meet diverse business requirements in the financial services industry. To determine if it's suitable for your specific needs, please contact Vermeg for a detailed consultation and assessment.",suitability,Individual Life & Health Insurance
How can I contact Vermeg?,You can contact Vermeg through our website at vermeg.com or reach out to our sales team directly. We have offices in multiple locations worldwide and our team is ready to discuss how our solutions can benefit your organization.,contact,general
How do I buy Megara?,"To implement Megara, please contact Vermeg directly. Our team will assess your specific needs and provide detailed information about implementation, pricing, and support options.",acquisition,Megara
Why is Group Insurance Member Enrolment beneficial?,"The key benefits of Group Insurance Member Enrolment include: Improved operational efficiency, Enhanced compliance, Reduced operational risk, Better customer service, Cost optimization.",benefits,Group Insurance Member Enrolment
What are the features of Soliam?,"The key features of Soliam include: Portfolio management, Trade execution, Risk monitoring, Performance analysis, Compliance management.",features,Soliam
Give me information about Optimizer,Vermeg Optimizer is a professional solution designed to meet the specific needs of financial institutions.,general_info,Optimizer
Is Oversight Limits suitable for banking organizations?,Oversight Limits is well-suited for banking organizations as it's designed specifically for the financial services sector. Vermeg has extensive experience working with banking clients and can customize Oversight Limits to meet sector-specific needs and regulatory requirements.,industry_specific,Oversight Limits
What capabilities does Soliam have?,"Soliam offers the following capabilities: Portfolio management, Trade execution, Risk monitoring, Performance analysis, Compliance management.",features,Soliam
In which industries is Soliam used?,"You should consider Soliam for: Asset management, Portfolio optimization, Risk management, Performance monitoring. It's particularly effective in these scenarios.",use_cases,Soliam
What can you tell me about Colline?,Certainly! Vermeg Colline is a powerful insurance and pension administration platform designed to manage the complete lifecycle of insurance products. This makes it an ideal choice for organizations looking to enhance their operational capabilities.,general_info,Colline
What makes Fast Track different from other solutions?,Fast Track has distinctive features and capabilities that set it apart. The specific differences depend on your requirements and the solutions you're comparing. Vermeg can provide a detailed analysis of how Fast Track differs from other options in the market.,comparison,Fast Track
Can Collateral Email Channel Automation integrate with our existing systems?,"Yes, Collateral Email Channel Automation is designed with integration capabilities to work with existing financial systems. Vermeg provides comprehensive integration support and can work with your IT team to ensure seamless connectivity with your current infrastructure and applications.",technical,Collateral Email Channel Automation
Provide details about Xchanger,Vermeg Xchanger is a comprehensive regulatory reporting platform that helps financial institutions manage their regulatory obligations efficiently. It offers comprehensive functionality to help organizations improve their operations and meet regulatory requirements.,general_info,Xchanger
What are the main capabilities of Group Insurance Member Enrolment?,"Group Insurance Member Enrolment offers the following capabilities: Professional-grade functionality, Integration capabilities, Compliance support, User-friendly interface, Scalable architecture.",features,Group Insurance Member Enrolment
What should I know about Solife?,Vermeg Solife is a comprehensive life insurance platform that manages the entire lifecycle of life insurance products.,general_info,Solife
Can Easy Collateral be used in insurance?,"Yes, Easy Collateral is designed for the financial services industry and can be effectively used in insurance. Vermeg's solutions are built with deep understanding of various financial sectors. Contact Vermeg to discuss how Easy Collateral can be tailored to your specific insurance requirements.",industry_specific,Easy Collateral
Is Money for Life better than competing products?,"Money for Life is designed with Vermeg's expertise in financial services to provide superior functionality and value. The best choice depends on your specific requirements, existing infrastructure, and business objectives. Contact Vermeg for a detailed comparison with your current solutions.",comparison,Money for Life
List the features of Money for Life,"The key features of Money for Life include: Professional-grade functionality, Integration capabilities, Compliance support, User-friendly interface, Scalable architecture.",features,Money for Life
What are the business benefits of Soliam?,"You should choose Soliam because it provides: Optimized investment performance, Reduced operational risk, Enhanced compliance, Improved efficiency, Better client service. These advantages help organizations achieve their business objectives more effectively.",benefits,Soliam
What's Easy Agreement all about?,Vermeg Easy Agreement is a digital contract management solution that streamlines the agreement process.,general_info,Easy Agreement
How can I get Client Data Collector?,"To implement Client Data Collector, please contact Vermeg directly. Our team will assess your specific needs and provide detailed information about implementation, pricing, and support options.",acquisition,Client Data Collector
How will Optimizer benefit my business?,"You should choose Optimizer because it provides: Improved operational efficiency, Enhanced compliance, Reduced operational risk, Better customer service, Cost optimization. These advantages help organizations achieve their business objectives more effectively.",benefits,Optimizer
What value does Solife provide?,"You should choose Solife because it provides: Streamlined operations, Improved customer experience, Regulatory compliance, Reduced costs, Enhanced efficiency. These advantages help organizations achieve their business objectives more effectively.",benefits,Solife
What are the steps to get Xchanger?,"To implement Xchanger, please contact Vermeg directly. Our team will assess your specific needs and provide detailed information about implementation, pricing, and support options.",acquisition,Xchanger
How can I get Easy Collateral?,"To implement Easy Collateral, please contact Vermeg directly. Our team will assess your specific needs and provide detailed information about implementation, pricing, and support options.",acquisition,Easy Collateral
How does Xchanger work?,Xchanger vermeg xchanger is a comprehensive regulatory reporting platform that helps financial institutions manage their regulatory obligations efficiently. The solution helps organizations streamline their processes and achieve better outcomes.,functionality,Xchanger
How does Collateral Email Channel Automation function?,Collateral Email Channel Automation vermeg collateral email channel automation is a professional solution designed to meet the specific needs of financial institutions. The solution helps organizations streamline their processes and achieve better outcomes.,functionality,Collateral Email Channel Automation
How can Megara improve my operations?,"You should choose Megara because it provides: Enhanced risk visibility, Better decision making, Improved portfolio performance, Regulatory compliance, Operational efficiency. These advantages help organizations achieve their business objectives more effectively.",benefits,Megara
How long does it take to implement Group Insurance Member Enrolment?,Implementation time for Group Insurance Member Enrolment varies depending on your specific requirements and organizational complexity. Vermeg's implementation team will work with you to develop a timeline that meets your needs.,implementation,Group Insurance Member Enrolment
Would Collateral Email Channel Automation benefit our type of business?,"Collateral Email Channel Automation is designed to meet diverse business requirements in the financial services industry. To determine if it's suitable for your specific needs, please contact Vermeg for a detailed consultation and assessment.",suitability,Collateral Email Channel Automation
Explain Xchanger to me,Vermeg Xchanger is a comprehensive regulatory reporting platform that helps financial institutions manage their regulatory obligations efficiently. It offers comprehensive functionality to help organizations improve their operations and meet regulatory requirements.,general_info,Xchanger
What digital solutions does Vermeg offer?,"Vermeg's digital solutions include: Xchanger, Xchanger, Client Data Collector, Collateral Email Channel Automation, Default Management, Digital Commercial Agreement, Easy Agreement, Easy Collateral, Easy Collateral, Fast Track, Group Insurance Member Enrolment, Individual Life & Health Insurance, Individual Life & Health Insurance, Money for Life, Optimizer, Oversight Limits, Xchanger. These solutions help organizations digitize their processes, improve operational efficiency, and enhance customer experience.",digital_solutions,general
What capabilities does Individual Life & Health Insurance have?,"Individual Life & Health Insurance offers the following capabilities: Professional-grade functionality, Integration capabilities, Compliance support, User-friendly interface, Scalable architecture.",features,Individual Life & Health Insurance
What processes does Money for Life handle?,Money for Life vermeg money for life is a professional solution designed to meet the specific needs of financial institutions. The solution helps organizations streamline their processes and achieve better outcomes.,functionality,Money for Life
Tell me about Megara's features,"The key features of Megara include: Advanced analytics, Risk assessment, Portfolio management, Stress testing, Real-time monitoring.",features,Megara
What capabilities does Default Management have?,"Default Management offers the following capabilities: Professional-grade functionality, Integration capabilities, Compliance support, User-friendly interface, Scalable architecture.",features,Default Management
What capabilities does Oversight Limits have?,"Oversight Limits offers the following capabilities: Professional-grade functionality, Integration capabilities, Compliance support, User-friendly interface, Scalable architecture.",features,Oversight Limits
How long is the Xchanger implementation project?,Implementation time for Xchanger varies depending on your specific requirements and organizational complexity. Vermeg's implementation team will work with you to develop a timeline that meets your needs.,implementation,Xchanger
When should I use Xchanger?,"You should consider Xchanger for: Regulatory reporting, Risk management, Data quality management, Compliance monitoring. It's particularly effective in these scenarios.",use_cases,Xchanger
What can Easy Agreement do?,"The key features of Easy Agreement include: Digital contract creation, Electronic signatures, Workflow automation, Template management, Compliance tracking.",features,Easy Agreement
How long does it take to implement Digital Commercial Agreement?,Implementation time for Digital Commercial Agreement varies depending on your specific requirements and organizational complexity. Vermeg's implementation team will work with you to develop a timeline that meets your needs.,implementation,Digital Commercial Agreement
What business needs does Money for Life meet?,"Money for Life is commonly used for: Business process optimization, Compliance management, Risk management, Customer service enhancement.",use_cases,Money for Life
What is the purpose of Megara?,Megara vermeg megara is an advanced analytics and risk management platform that provides comprehensive insights for financial institutions. The solution helps organizations streamline their processes and achieve better outcomes.,functionality,Megara
What problems does Optimizer solve?,"Optimizer helps solve challenges related to: Business process optimization, Compliance management, Risk management, Customer service enhancement. It provides comprehensive solutions for these business needs.",use_cases,Optimizer
What is the purpose of Xchanger?,Xchanger vermeg xchanger is a comprehensive regulatory reporting platform that helps financial institutions manage their regulatory obligations efficiently. The solution helps organizations streamline their processes and achieve better outcomes.,functionality,Xchanger
Is General suitable for my business?,"General is designed to meet diverse business requirements in the financial services industry. To determine if it's suitable for your specific needs, please contact Vermeg for a detailed consultation and assessment.",suitability,General
What types of organizations use Group Insurance Member Enrolment?,"Group Insurance Member Enrolment is commonly used for: Business process optimization, Compliance management, Risk management, Customer service enhancement.",use_cases,Group Insurance Member Enrolment
Tell me about Default Management's features,"Default Management offers the following capabilities: Professional-grade functionality, Integration capabilities, Compliance support, User-friendly interface, Scalable architecture.",features,Default Management
I need information on Xchanger,Certainly! Vermeg Xchanger is a comprehensive regulatory reporting platform that helps financial institutions manage their regulatory obligations efficiently. This makes it an ideal choice for organizations looking to enhance their operational capabilities.,general_info,Xchanger
For what purposes is Solife designed?,"Solife helps solve challenges related to: Life insurance administration, Policy management, Claims processing, Customer service. It provides comprehensive solutions for these business needs.",use_cases,Solife
What makes Optimizer valuable?,"You should choose Optimizer because it provides: Improved operational efficiency, Enhanced compliance, Reduced operational risk, Better customer service, Cost optimization. These advantages help organizations achieve their business objectives more effectively.",benefits,Optimizer
What are Money for Life's key features?,"Money for Life offers the following capabilities: Professional-grade functionality, Integration capabilities, Compliance support, User-friendly interface, Scalable architecture.",features,Money for Life
Why would I want to use Megara?,"The key benefits of Megara include: Enhanced risk visibility, Better decision making, Improved portfolio performance, Regulatory compliance, Operational efficiency.",benefits,Megara
Is Solife suitable for my business?,"Solife is designed to meet diverse business requirements in the financial services industry. To determine if it's suitable for your specific needs, please contact Vermeg for a detailed consultation and assessment.",suitability,Solife
Can General meet our needs?,"General is designed to meet diverse business requirements in the financial services industry. To determine if it's suitable for your specific needs, please contact Vermeg for a detailed consultation and assessment.",suitability,General
What's the implementation timeline for Easy Agreement?,Implementation time for Easy Agreement varies depending on your specific requirements and organizational complexity. Vermeg's implementation team will work with you to develop a timeline that meets your needs.,implementation,Easy Agreement
In which industries is Collateral Email Channel Automation used?,"You should consider Collateral Email Channel Automation for: Business process optimization, Compliance management, Risk management, Customer service enhancement. It's particularly effective in these scenarios.",use_cases,Collateral Email Channel Automation
Is Individual Life & Health Insurance suitable for my business?,"Individual Life & Health Insurance is designed to meet diverse business requirements in the financial services industry. To determine if it's suitable for your specific needs, please contact Vermeg for a detailed consultation and assessment.",suitability,Individual Life & Health Insurance
What's the timeframe for implementing Xchanger?,Implementation time for Xchanger varies depending on your specific requirements and organizational complexity. Vermeg's implementation team will work with you to develop a timeline that meets your needs.,implementation,Xchanger
How does Oversight Limits work?,Oversight Limits vermeg oversight limits is a professional solution designed to meet the specific needs of financial institutions. The solution helps organizations streamline their processes and achieve better outcomes.,functionality,Oversight Limits
How can I implement Colline?,"To implement Colline, please contact Vermeg directly. Our team will assess your specific needs and provide detailed information about implementation, pricing, and support options.",acquisition,Colline
What applications does Xchanger have?,"Xchanger is commonly used for: Regulatory reporting, Risk management, Data quality management, Compliance monitoring.",use_cases,Xchanger
Can Easy Agreement meet our needs?,"Easy Agreement is designed to meet diverse business requirements in the financial services industry. To determine if it's suitable for your specific needs, please contact Vermeg for a detailed consultation and assessment.",suitability,Easy Agreement
What processes does Individual Life & Health Insurance handle?,Individual Life & Health Insurance vermeg individual life & health insurance is a professional solution designed to meet the specific needs of financial institutions. The solution helps organizations streamline their processes and achieve better outcomes.,functionality,Individual Life & Health Insurance
How long does it take to implement General?,Implementation time for General varies depending on your specific requirements and organizational complexity. Vermeg's implementation team will work with you to develop a timeline that meets your needs.,implementation,General
What are the use cases for Soliam?,"Soliam is commonly used for: Asset management, Portfolio optimization, Risk management, Performance monitoring.",use_cases,Soliam
Is Individual Life & Health Insurance designed for businesses like ours?,"Individual Life & Health Insurance is designed to meet diverse business requirements in the financial services industry. To determine if it's suitable for your specific needs, please contact Vermeg for a detailed consultation and assessment.",suitability,Individual Life & Health Insurance
How does Digital Commercial Agreement compare to other Vermeg solutions?,"Digital Commercial Agreement is one of Vermeg's specialized solutions with unique capabilities. Each Vermeg solution is designed for specific use cases. To understand how Digital Commercial Agreement compares to other solutions for your specific needs, please contact Vermeg for a detailed comparison and consultation.",comparison,Digital Commercial Agreement
What value does Easy Agreement provide?,"Easy Agreement can help your organization by providing: Faster contract processing, Reduced paper usage, Improved compliance, Enhanced efficiency, Better customer experience. This leads to improved performance and better business outcomes.",benefits,Easy Agreement
What's the time to value for Client Data Collector?,Implementation time for Client Data Collector varies depending on your specific requirements and organizational complexity. Vermeg's implementation team will work with you to develop a timeline that meets your needs.,implementation,Client Data Collector
How long before Xchanger is operational?,Implementation time for Xchanger varies depending on your specific requirements and organizational complexity. Vermeg's implementation team will work with you to develop a timeline that meets your needs.,implementation,Xchanger
What's the implementation duration for Xchanger?,Implementation time for Xchanger varies depending on your specific requirements and organizational complexity. Vermeg's implementation team will work with you to develop a timeline that meets your needs.,implementation,Xchanger
What are the features of Group Insurance Member Enrolment?,"The key features of Group Insurance Member Enrolment include: Professional-grade functionality, Integration capabilities, Compliance support, User-friendly interface, Scalable architecture.",features,Group Insurance Member Enrolment
What's the time to value for Soliam?,Implementation time for Soliam varies depending on your specific requirements and organizational complexity. Vermeg's implementation team will work with you to develop a timeline that meets your needs.,implementation,Soliam
What can Collateral Email Channel Automation do?,"Collateral Email Channel Automation offers the following capabilities: Professional-grade functionality, Integration capabilities, Compliance support, User-friendly interface, Scalable architecture.",features,Collateral Email Channel Automation
How long does Colline take to go live?,Implementation time for Colline varies depending on your specific requirements and organizational complexity. Vermeg's implementation team will work with you to develop a timeline that meets your needs.,implementation,Colline
What's needed to get Money for Life?,"To implement Money for Life, please contact Vermeg directly. Our team will assess your specific needs and provide detailed information about implementation, pricing, and support options.",acquisition,Money for Life
How will Client Data Collector benefit my business?,"The key benefits of Client Data Collector include: Improved data quality, Faster onboarding, Enhanced compliance, Reduced manual effort, Better customer experience.",benefits,Client Data Collector
What does Solife do?,Solife vermeg solife is a comprehensive life insurance platform that manages the entire lifecycle of life insurance products. The solution helps organizations streamline their processes and achieve better outcomes.,functionality,Solife
I'd like to know about Oversight Limits,Vermeg Oversight Limits is a professional solution designed to meet the specific needs of financial institutions. It offers comprehensive functionality to help organizations improve their operations and meet regulatory requirements.,general_info,Oversight Limits
What business needs does Soliam meet?,"You should consider Soliam for: Asset management, Portfolio optimization, Risk management, Performance monitoring. It's particularly effective in these scenarios.",use_cases,Soliam
How can I get Money for Life?,"To implement Money for Life, please contact Vermeg directly. Our team will assess your specific needs and provide detailed information about implementation, pricing, and support options.",acquisition,Money for Life
What are the steps to get Soliam?,"To implement Soliam, please contact Vermeg directly. Our team will assess your specific needs and provide detailed information about implementation, pricing, and support options.",acquisition,Soliam
What are the features of Default Management?,"The key features of Default Management include: Professional-grade functionality, Integration capabilities, Compliance support, User-friendly interface, Scalable architecture.",features,Default Management
What's the core function of Easy Agreement?,Easy Agreement vermeg easy agreement is a digital contract management solution that streamlines the agreement process. The solution helps organizations streamline their processes and achieve better outcomes.,functionality,Easy Agreement
What's the rollout timeline for Group Insurance Member Enrolment?,Implementation time for Group Insurance Member Enrolment varies depending on your specific requirements and organizational complexity. Vermeg's implementation team will work with you to develop a timeline that meets your needs.,implementation,Group Insurance Member Enrolment
What capabilities does Client Data Collector have?,"Client Data Collector offers the following capabilities: Multi-channel data collection, Data validation, Automated workflows, Integration capabilities, Compliance tracking.",features,Client Data Collector
What are the technical requirements for Collateral Email Channel Automation?,"The technical requirements for Collateral Email Channel Automation depend on your specific deployment scenario, data volumes, and integration needs. Vermeg's technical team will work with you to assess your infrastructure and provide detailed technical specifications and requirements for Collateral Email Channel Automation.",technical,Collateral Email Channel Automation
What business problems can Solife address?,"You should consider Solife for: Life insurance administration, Policy management, Claims processing, Customer service. It's particularly effective in these scenarios.",use_cases,Solife
What does Megara offer in terms of features?,"Megara offers the following capabilities: Advanced analytics, Risk assessment, Portfolio management, Stress testing, Real-time monitoring.",features,Megara
What problems does Solife solve?,"Solife helps solve challenges related to: Life insurance administration, Policy management, Claims processing, Customer service. It provides comprehensive solutions for these business needs.",use_cases,Solife
Can you explain Fast Track?,Certainly! Vermeg Fast Track is a professional solution designed to meet the specific needs of financial institutions. This makes it an ideal choice for organizations looking to enhance their operational capabilities.,general_info,Fast Track
What can Megara do?,"Megara offers the following capabilities: Advanced analytics, Risk assessment, Portfolio management, Stress testing, Real-time monitoring.",features,Megara
For what purposes is Digital Commercial Agreement designed?,"Digital Commercial Agreement is commonly used for: Business process optimization, Compliance management, Risk management, Customer service enhancement.",use_cases,Digital Commercial Agreement
What advantages does Collateral Email Channel Automation offer?,"The key benefits of Collateral Email Channel Automation include: Improved operational efficiency, Enhanced compliance, Reduced operational risk, Better customer service, Cost optimization.",benefits,Collateral Email Channel Automation
What can Default Management do?,"Default Management offers the following capabilities: Professional-grade functionality, Integration capabilities, Compliance support, User-friendly interface, Scalable architecture.",features,Default Management
How can I get Xchanger?,"To implement Xchanger, please contact Vermeg directly. Our team will assess your specific needs and provide detailed information about implementation, pricing, and support options.",acquisition,Xchanger
What's the time to value for Collateral Email Channel Automation?,Implementation time for Collateral Email Channel Automation varies depending on your specific requirements and organizational complexity. Vermeg's implementation team will work with you to develop a timeline that meets your needs.,implementation,Collateral Email Channel Automation
What ROI can I expect from Easy Agreement?,"The key benefits of Easy Agreement include: Faster contract processing, Reduced paper usage, Improved compliance, Enhanced efficiency, Better customer experience.",benefits,Easy Agreement
What are the main capabilities of Megara?,"Megara offers the following capabilities: Advanced analytics, Risk assessment, Portfolio management, Stress testing, Real-time monitoring.",features,Megara
When should I use General?,"You should consider General for: Business process optimization, Compliance management, Risk management, Customer service enhancement. It's particularly effective in these scenarios.",use_cases,General
How do I obtain Solife?,"To implement Solife, please contact Vermeg directly. Our team will assess your specific needs and provide detailed information about implementation, pricing, and support options.",acquisition,Solife
What problems does Colline solve?,"Colline helps solve challenges related to: Life insurance administration, Pension fund management, Claims processing, Customer relationship management. It provides comprehensive solutions for these business needs.",use_cases,Colline
What functions does Xchanger offer?,"The key features of Xchanger include: Automated regulatory reporting, Multi-jurisdiction compliance, Real-time data validation, Flexible data transformation, Comprehensive audit trail.",features,Xchanger
How can I get Megara?,"To implement Megara, please contact Vermeg directly. Our team will assess your specific needs and provide detailed information about implementation, pricing, and support options.",acquisition,Megara
What's the rollout timeline for General?,Implementation time for General varies depending on your specific requirements and organizational complexity. Vermeg's implementation team will work with you to develop a timeline that meets your needs.,implementation,General
How long does Individual Life & Health Insurance take to go live?,Implementation time for Individual Life & Health Insurance varies depending on your specific requirements and organizational complexity. Vermeg's implementation team will work with you to develop a timeline that meets your needs.,implementation,Individual Life & Health Insurance
How will Megara benefit my business?,"Megara can help your organization by providing: Enhanced risk visibility, Better decision making, Improved portfolio performance, Regulatory compliance, Operational efficiency. This leads to improved performance and better business outcomes.",benefits,Megara
What positive impact can Megara have?,"Megara can help your organization by providing: Enhanced risk visibility, Better decision making, Improved portfolio performance, Regulatory compliance, Operational efficiency. This leads to improved performance and better business outcomes.",benefits,Megara
What makes Digital Commercial Agreement valuable?,"The key benefits of Digital Commercial Agreement include: Improved operational efficiency, Enhanced compliance, Reduced operational risk, Better customer service, Cost optimization.",benefits,Digital Commercial Agreement
What are the business benefits of Group Insurance Member Enrolment?,"Group Insurance Member Enrolment can help your organization by providing: Improved operational efficiency, Enhanced compliance, Reduced operational risk, Better customer service, Cost optimization. This leads to improved performance and better business outcomes.",benefits,Group Insurance Member Enrolment
What solutions does Vermeg offer?,"Vermeg offers a comprehensive portfolio of solutions including: Xchanger, Xchanger, Client Data Collector, Collateral Email Channel Automation, Default Management, Digital Commercial Agreement, Easy Agreement, Easy Collateral, Easy Collateral, Fast Track, Group Insurance Member Enrolment, Individual Life & Health Insurance, Individual Life & Health Insurance, Money for Life, Optimizer.... These solutions cover regulatory compliance, risk management, insurance, asset management, and digital transformation.",general_company,general
I'm interested in learning about Group Insurance Member Enrolment,Vermeg Group Insurance Member Enrolment is a professional solution designed to meet the specific needs of financial institutions. It offers comprehensive functionality to help organizations improve their operations and meet regulatory requirements.,general_info,Group Insurance Member Enrolment
How long is the deployment process for Default Management?,Implementation time for Default Management varies depending on your specific requirements and organizational complexity. Vermeg's implementation team will work with you to develop a timeline that meets your needs.,implementation,Default Management
For what purposes is Client Data Collector designed?,"Client Data Collector is commonly used for: Customer onboarding, KYC processes, Data management, Compliance monitoring.",use_cases,Client Data Collector
What capabilities does Megara have?,"Megara offers the following capabilities: Advanced analytics, Risk assessment, Portfolio management, Stress testing, Real-time monitoring.",features,Megara
What makes Client Data Collector different from other solutions?,Client Data Collector has distinctive features and capabilities that set it apart. The specific differences depend on your requirements and the solutions you're comparing. Vermeg can provide a detailed analysis of how Client Data Collector differs from other options in the market.,comparison,Client Data Collector
What are the benefits of using Collateral Email Channel Automation?,"The key benefits of Collateral Email Channel Automation include: Improved operational efficiency, Enhanced compliance, Reduced operational risk, Better customer service, Cost optimization.",benefits,Collateral Email Channel Automation
What does Optimizer do?,Optimizer vermeg optimizer is a professional solution designed to meet the specific needs of financial institutions. The solution helps organizations streamline their processes and achieve better outcomes.,functionality,Optimizer
I'm interested in learning about Colline,Vermeg Colline is a powerful insurance and pension administration platform designed to manage the complete lifecycle of insurance products. It offers comprehensive functionality to help organizations improve their operations and meet regulatory requirements.,general_info,Colline
What are the business benefits of Individual Life & Health Insurance?,"You should choose Individual Life & Health Insurance because it provides: Improved operational efficiency, Enhanced compliance, Reduced operational risk, Better customer service, Cost optimization. These advantages help organizations achieve their business objectives more effectively.",benefits,Individual Life & Health Insurance
What's the procurement process for Easy Agreement?,"To implement Easy Agreement, please contact Vermeg directly. Our team will assess your specific needs and provide detailed information about implementation, pricing, and support options.",acquisition,Easy Agreement
What are the steps to get Megara?,"To implement Megara, please contact Vermeg directly. Our team will assess your specific needs and provide detailed information about implementation, pricing, and support options.",acquisition,Megara
Provide details about Easy Collateral,Vermeg Easy Collateral is a professional solution designed to meet the specific needs of financial institutions.,general_info,Easy Collateral
When is Colline most effective?,"You should consider Colline for: Life insurance administration, Pension fund management, Claims processing, Customer relationship management. It's particularly effective in these scenarios.",use_cases,Colline
Would General be suitable for our requirements?,"General is designed to meet diverse business requirements in the financial services industry. To determine if it's suitable for your specific needs, please contact Vermeg for a detailed consultation and assessment.",suitability,General
What functionality is included in Easy Agreement?,"Easy Agreement offers the following capabilities: Digital contract creation, Electronic signatures, Workflow automation, Template management, Compliance tracking.",features,Easy Agreement
What exactly is Oversight Limits?,Vermeg Oversight Limits is a professional solution designed to meet the specific needs of financial institutions.,general_info,Oversight Limits
How soon can we start using Group Insurance Member Enrolment?,Implementation time for Group Insurance Member Enrolment varies depending on your specific requirements and organizational complexity. Vermeg's implementation team will work with you to develop a timeline that meets your needs.,implementation,Group Insurance Member Enrolment
What's the procurement process for Solife?,"To implement Solife, please contact Vermeg directly. Our team will assess your specific needs and provide detailed information about implementation, pricing, and support options.",acquisition,Solife
In which industries is Optimizer used?,"Optimizer helps solve challenges related to: Business process optimization, Compliance management, Risk management, Customer service enhancement. It provides comprehensive solutions for these business needs.",use_cases,Optimizer
Can you explain General?,Certainly! Vermeg General is a professional solution designed to meet the specific needs of financial institutions. This makes it an ideal choice for organizations looking to enhance their operational capabilities.,general_info,General
List the features of Digital Commercial Agreement,"Digital Commercial Agreement provides comprehensive functionality including: Professional-grade functionality, Integration capabilities, Compliance support, User-friendly interface, Scalable architecture.",features,Digital Commercial Agreement
Is Digital Commercial Agreement better than competing products?,"Digital Commercial Agreement is designed with Vermeg's expertise in financial services to provide superior functionality and value. The best choice depends on your specific requirements, existing infrastructure, and business objectives. Contact Vermeg for a detailed comparison with your current solutions.",comparison,Digital Commercial Agreement
What are the benefits of using Digital Commercial Agreement?,"The key benefits of Digital Commercial Agreement include: Improved operational efficiency, Enhanced compliance, Reduced operational risk, Better customer service, Cost optimization.",benefits,Digital Commercial Agreement
What's needed to get Oversight Limits?,"To implement Oversight Limits, please contact Vermeg directly. Our team will assess your specific needs and provide detailed information about implementation, pricing, and support options.",acquisition,Oversight Limits
How can I start using Individual Life & Health Insurance?,"To implement Individual Life & Health Insurance, please contact Vermeg directly. Our team will assess your specific needs and provide detailed information about implementation, pricing, and support options.",acquisition,Individual Life & Health Insurance
Describe the features of Colline,"The key features of Colline include: Policy administration, Claims management, Premium calculation, Workflow automation, Multi-product support.",features,Colline
How does Solife work?,Solife vermeg solife is a comprehensive life insurance platform that manages the entire lifecycle of life insurance products. The solution helps organizations streamline their processes and achieve better outcomes.,functionality,Solife
Would Easy Collateral be suitable for our requirements?,"Easy Collateral is designed to meet diverse business requirements in the financial services industry. To determine if it's suitable for your specific needs, please contact Vermeg for a detailed consultation and assessment.",suitability,Easy Collateral
Why would I want to use Fast Track?,"The key benefits of Fast Track include: Improved operational efficiency, Enhanced compliance, Reduced operational risk, Better customer service, Cost optimization.",benefits,Fast Track
Can Individual Life & Health Insurance be used in insurance?,"Yes, Individual Life & Health Insurance is designed for the financial services industry and can be effectively used in insurance. Vermeg's solutions are built with deep understanding of various financial sectors. Contact Vermeg to discuss how Individual Life & Health Insurance can be tailored to your specific insurance requirements.",industry_specific,Individual Life & Health Insurance
What are Xchanger's key features?,"The key features of Xchanger include: Automated regulatory reporting, Multi-jurisdiction compliance, Real-time data validation, Flexible data transformation, Comprehensive audit trail.",features,Xchanger
How soon can we start using Individual Life & Health Insurance?,Implementation time for Individual Life & Health Insurance varies depending on your specific requirements and organizational complexity. Vermeg's implementation team will work with you to develop a timeline that meets your needs.,implementation,Individual Life & Health Insurance
What types of organizations use Digital Commercial Agreement?,"You should consider Digital Commercial Agreement for: Business process optimization, Compliance management, Risk management, Customer service enhancement. It's particularly effective in these scenarios.",use_cases,Digital Commercial Agreement
Tell me about General's features,"The key features of General include: Professional-grade functionality, Integration capabilities, Compliance support, User-friendly interface, Scalable architecture.",features,General
Is Fast Track compatible with our business?,"Fast Track is designed to meet diverse business requirements in the financial services industry. To determine if it's suitable for your specific needs, please contact Vermeg for a detailed consultation and assessment.",suitability,Fast Track
How does Fast Track work?,Fast Track vermeg fast track is a professional solution designed to meet the specific needs of financial institutions. The solution helps organizations streamline their processes and achieve better outcomes.,functionality,Fast Track
What functionality is included in Group Insurance Member Enrolment?,"Group Insurance Member Enrolment offers the following capabilities: Professional-grade functionality, Integration capabilities, Compliance support, User-friendly interface, Scalable architecture.",features,Group Insurance Member Enrolment
What are the business benefits of Megara?,"The key benefits of Megara include: Enhanced risk visibility, Better decision making, Improved portfolio performance, Regulatory compliance, Operational efficiency.",benefits,Megara
What are the technical requirements for Solife?,"The technical requirements for Solife depend on your specific deployment scenario, data volumes, and integration needs. Vermeg's technical team will work with you to assess your infrastructure and provide detailed technical specifications and requirements for Solife.",technical,Solife
How quickly can Group Insurance Member Enrolment be deployed?,Implementation time for Group Insurance Member Enrolment varies depending on your specific requirements and organizational complexity. Vermeg's implementation team will work with you to develop a timeline that meets your needs.,implementation,Group Insurance Member Enrolment
Can Solife be used in banking?,"Yes, Solife is designed for the financial services industry and can be effectively used in banking. Vermeg's solutions are built with deep understanding of various financial sectors. Contact Vermeg to discuss how Solife can be tailored to your specific banking requirements.",industry_specific,Solife
What's the process to acquire Colline?,"To implement Colline, please contact Vermeg directly. Our team will assess your specific needs and provide detailed information about implementation, pricing, and support options.",acquisition,Colline
For what purposes is Default Management designed?,"Default Management helps solve challenges related to: Business process optimization, Compliance management, Risk management, Customer service enhancement. It provides comprehensive solutions for these business needs.",use_cases,Default Management
What does Group Insurance Member Enrolment do?,Group Insurance Member Enrolment vermeg group insurance member enrolment is a professional solution designed to meet the specific needs of financial institutions. The solution helps organizations streamline their processes and achieve better outcomes.,functionality,Group Insurance Member Enrolment
What are the use cases for Solife?,"Solife is commonly used for: Life insurance administration, Policy management, Claims processing, Customer service.",use_cases,Solife
Is Soliam suitable for my business?,"Soliam is designed to meet diverse business requirements in the financial services industry. To determine if it's suitable for your specific needs, please contact Vermeg for a detailed consultation and assessment.",suitability,Soliam
Would Optimizer fit our organization?,"Optimizer is designed to meet diverse business requirements in the financial services industry. To determine if it's suitable for your specific needs, please contact Vermeg for a detailed consultation and assessment.",suitability,Optimizer
Is Group Insurance Member Enrolment right for my organization?,"Group Insurance Member Enrolment is designed to meet diverse business requirements in the financial services industry. To determine if it's suitable for your specific needs, please contact Vermeg for a detailed consultation and assessment.",suitability,Group Insurance Member Enrolment
I'm interested in learning about Money for Life,Vermeg Money for Life is a professional solution designed to meet the specific needs of financial institutions. It offers comprehensive functionality to help organizations improve their operations and meet regulatory requirements.,general_info,Money for Life
What types of organizations use Xchanger?,"Xchanger is commonly used for: Regulatory reporting, Risk management, Data quality management, Compliance monitoring.",use_cases,Xchanger
What should I know about Collateral Email Channel Automation?,Vermeg Collateral Email Channel Automation is a professional solution designed to meet the specific needs of financial institutions. It offers comprehensive functionality to help organizations improve their operations and meet regulatory requirements.,general_info,Collateral Email Channel Automation
Tell me about Fast Track's features,"Fast Track offers the following capabilities: Professional-grade functionality, Integration capabilities, Compliance support, User-friendly interface, Scalable architecture.",features,Fast Track
What functionality does Easy Agreement provide?,"Easy Agreement provides comprehensive functionality including: Digital contract creation, Electronic signatures, Workflow automation, Template management, Compliance tracking.",features,Easy Agreement
What does Xchanger offer in terms of features?,"Xchanger provides comprehensive functionality including: Automated regulatory reporting, Multi-jurisdiction compliance, Real-time data validation, Flexible data transformation, Comprehensive audit trail.",features,Xchanger
What tools does Solife provide?,"Solife provides comprehensive functionality including: Policy administration, Premium management, Claims processing, Regulatory compliance, Customer management.",features,Solife
Where can Easy Agreement be applied?,"Easy Agreement is commonly used for: Contract management, Digital agreements, Signature workflows, Compliance tracking.",use_cases,Easy Agreement
What are the benefits of using Default Management?,"The key benefits of Default Management include: Improved operational efficiency, Enhanced compliance, Reduced operational risk, Better customer service, Cost optimization.",benefits,Default Management
What is Individual Life & Health Insurance?,Vermeg Individual Life & Health Insurance is a professional solution designed to meet the specific needs of financial institutions.,general_info,Individual Life & Health Insurance
What processes does Collateral Email Channel Automation handle?,Collateral Email Channel Automation vermeg collateral email channel automation is a professional solution designed to meet the specific needs of financial institutions. The solution helps organizations streamline their processes and achieve better outcomes.,functionality,Collateral Email Channel Automation
Describe the features of Optimizer,"The key features of Optimizer include: Professional-grade functionality, Integration capabilities, Compliance support, User-friendly interface, Scalable architecture.",features,Optimizer
What positive impact can General have?,"The key benefits of General include: Improved operational efficiency, Enhanced compliance, Reduced operational risk, Better customer service, Cost optimization.",benefits,General
I'd like to know about Megara,Vermeg Megara is an advanced analytics and risk management platform that provides comprehensive insights for financial institutions. It offers comprehensive functionality to help organizations improve their operations and meet regulatory requirements.,general_info,Megara
Provide details about Group Insurance Member Enrolment,Certainly! Vermeg Group Insurance Member Enrolment is a professional solution designed to meet the specific needs of financial institutions. This makes it an ideal choice for organizations looking to enhance their operational capabilities.,general_info,Group Insurance Member Enrolment
What problems does Client Data Collector solve?,"Client Data Collector helps solve challenges related to: Customer onboarding, KYC processes, Data management, Compliance monitoring. It provides comprehensive solutions for these business needs.",use_cases,Client Data Collector
Where can Colline be applied?,"Colline is commonly used for: Life insurance administration, Pension fund management, Claims processing, Customer relationship management.",use_cases,Colline
Describe the features of General,"General offers the following capabilities: Professional-grade functionality, Integration capabilities, Compliance support, User-friendly interface, Scalable architecture.",features,General
What scenarios is Optimizer designed for?,"Optimizer is commonly used for: Business process optimization, Compliance management, Risk management, Customer service enhancement.",use_cases,Optimizer
What scenarios is Group Insurance Member Enrolment designed for?,"Group Insurance Member Enrolment is commonly used for: Business process optimization, Compliance management, Risk management, Customer service enhancement.",use_cases,Group Insurance Member Enrolment
How long before Easy Collateral is operational?,Implementation time for Easy Collateral varies depending on your specific requirements and organizational complexity. Vermeg's implementation team will work with you to develop a timeline that meets your needs.,implementation,Easy Collateral
What are the technical capabilities of Default Management?,"Default Management offers the following capabilities: Professional-grade functionality, Integration capabilities, Compliance support, User-friendly interface, Scalable architecture.",features,Default Management
What can you tell me about Individual Life & Health Insurance?,Vermeg Individual Life & Health Insurance is a professional solution designed to meet the specific needs of financial institutions. It offers comprehensive functionality to help organizations improve their operations and meet regulatory requirements.,general_info,Individual Life & Health Insurance
How can Easy Agreement improve my operations?,"The key benefits of Easy Agreement include: Faster contract processing, Reduced paper usage, Improved compliance, Enhanced efficiency, Better customer experience.",benefits,Easy Agreement
Why should I choose Digital Commercial Agreement?,"You should choose Digital Commercial Agreement because it provides: Improved operational efficiency, Enhanced compliance, Reduced operational risk, Better customer service, Cost optimization. These advantages help organizations achieve their business objectives more effectively.",benefits,Digital Commercial Agreement
I'm interested in learning about General,Vermeg General is a professional solution designed to meet the specific needs of financial institutions.,general_info,General
Give me information about Default Management,Vermeg Default Management is a professional solution designed to meet the specific needs of financial institutions. It offers comprehensive functionality to help organizations improve their operations and meet regulatory requirements.,general_info,Default Management
How do I buy Xchanger?,"To implement Xchanger, please contact Vermeg directly. Our team will assess your specific needs and provide detailed information about implementation, pricing, and support options.",acquisition,Xchanger
What's the core function of Digital Commercial Agreement?,Digital Commercial Agreement vermeg digital commercial agreement is a professional solution designed to meet the specific needs of financial institutions. The solution helps organizations streamline their processes and achieve better outcomes.,functionality,Digital Commercial Agreement
What's the main function of Xchanger?,Xchanger vermeg xchanger is a comprehensive regulatory reporting platform that helps financial institutions manage their regulatory obligations efficiently. The solution helps organizations streamline their processes and achieve better outcomes.,functionality,Xchanger
Can Oversight Limits be used in banking?,"Yes, Oversight Limits is designed for the financial services industry and can be effectively used in banking. Vermeg's solutions are built with deep understanding of various financial sectors. Contact Vermeg to discuss how Oversight Limits can be tailored to your specific banking requirements.",industry_specific,Oversight Limits
What types of organizations use Default Management?,"You should consider Default Management for: Business process optimization, Compliance management, Risk management, Customer service enhancement. It's particularly effective in these scenarios.",use_cases,Default Management
What challenges does Collateral Email Channel Automation help with?,"Collateral Email Channel Automation is commonly used for: Business process optimization, Compliance management, Risk management, Customer service enhancement.",use_cases,Collateral Email Channel Automation
What does Easy Agreement offer in terms of features?,"The key features of Easy Agreement include: Digital contract creation, Electronic signatures, Workflow automation, Template management, Compliance tracking.",features,Easy Agreement
What capabilities does Group Insurance Member Enrolment have?,"Group Insurance Member Enrolment offers the following capabilities: Professional-grade functionality, Integration capabilities, Compliance support, User-friendly interface, Scalable architecture.",features,Group Insurance Member Enrolment
What advantages does Client Data Collector offer?,"The key benefits of Client Data Collector include: Improved data quality, Faster onboarding, Enhanced compliance, Reduced manual effort, Better customer experience.",benefits,Client Data Collector
In what situations is Easy Agreement useful?,"Easy Agreement helps solve challenges related to: Contract management, Digital agreements, Signature workflows, Compliance tracking. It provides comprehensive solutions for these business needs.",use_cases,Easy Agreement
What are the features of Optimizer?,"The key features of Optimizer include: Professional-grade functionality, Integration capabilities, Compliance support, User-friendly interface, Scalable architecture.",features,Optimizer
What makes General valuable?,"The key benefits of General include: Improved operational efficiency, Enhanced compliance, Reduced operational risk, Better customer service, Cost optimization.",benefits,General
What can I do with Money for Life?,"Money for Life provides comprehensive functionality including: Professional-grade functionality, Integration capabilities, Compliance support, User-friendly interface, Scalable architecture.",features,Money for Life
In what situations is Default Management useful?,"Default Management helps solve challenges related to: Business process optimization, Compliance management, Risk management, Customer service enhancement. It provides comprehensive solutions for these business needs.",use_cases,Default Management
How can I get Individual Life & Health Insurance?,"To implement Individual Life & Health Insurance, please contact Vermeg directly. Our team will assess your specific needs and provide detailed information about implementation, pricing, and support options.",acquisition,Individual Life & Health Insurance
In what situations is Money for Life useful?,"You should consider Money for Life for: Business process optimization, Compliance management, Risk management, Customer service enhancement. It's particularly effective in these scenarios.",use_cases,Money for Life
Give me information about Colline,Vermeg Colline is a powerful insurance and pension administration platform designed to manage the complete lifecycle of insurance products.,general_info,Colline
Provide details about Megara,Certainly! Vermeg Megara is an advanced analytics and risk management platform that provides comprehensive insights for financial institutions. This makes it an ideal choice for organizations looking to enhance their operational capabilities.,general_info,Megara
How long is the Oversight Limits implementation project?,Implementation time for Oversight Limits varies depending on your specific requirements and organizational complexity. Vermeg's implementation team will work with you to develop a timeline that meets your needs.,implementation,Oversight Limits
What are the main capabilities of Digital Commercial Agreement?,"Digital Commercial Agreement provides comprehensive functionality including: Professional-grade functionality, Integration capabilities, Compliance support, User-friendly interface, Scalable architecture.",features,Digital Commercial Agreement
Tell me about Easy Collateral,Vermeg Easy Collateral is a professional solution designed to meet the specific needs of financial institutions. It offers comprehensive functionality to help organizations improve their operations and meet regulatory requirements.,general_info,Easy Collateral
What tools does Megara provide?,"Megara offers the following capabilities: Advanced analytics, Risk assessment, Portfolio management, Stress testing, Real-time monitoring.",features,Megara
How quickly can Oversight Limits be deployed?,Implementation time for Oversight Limits varies depending on your specific requirements and organizational complexity. Vermeg's implementation team will work with you to develop a timeline that meets your needs.,implementation,Oversight Limits
How can Solife improve my operations?,"The key benefits of Solife include: Streamlined operations, Improved customer experience, Regulatory compliance, Reduced costs, Enhanced efficiency.",benefits,Solife
Tell me about Digital Commercial Agreement's features,"The key features of Digital Commercial Agreement include: Professional-grade functionality, Integration capabilities, Compliance support, User-friendly interface, Scalable architecture.",features,Digital Commercial Agreement
What are the advantages of Default Management?,"Default Management can help your organization by providing: Improved operational efficiency, Enhanced compliance, Reduced operational risk, Better customer service, Cost optimization. This leads to improved performance and better business outcomes.",benefits,Default Management
Could you describe Optimizer?,Vermeg Optimizer is a professional solution designed to meet the specific needs of financial institutions.,general_info,Optimizer
Is Xchanger designed for businesses like ours?,"Xchanger is designed to meet diverse business requirements in the financial services industry. To determine if it's suitable for your specific needs, please contact Vermeg for a detailed consultation and assessment.",suitability,Xchanger
Would Client Data Collector be suitable for our requirements?,"Client Data Collector is designed to meet diverse business requirements in the financial services industry. To determine if it's suitable for your specific needs, please contact Vermeg for a detailed consultation and assessment.",suitability,Client Data Collector
What processes does Optimizer handle?,Optimizer vermeg optimizer is a professional solution designed to meet the specific needs of financial institutions. The solution helps organizations streamline their processes and achieve better outcomes.,functionality,Optimizer
What role does Colline play?,Colline vermeg colline is a powerful insurance and pension administration platform designed to manage the complete lifecycle of insurance products. The solution helps organizations streamline their processes and achieve better outcomes.,functionality,Colline
What makes Money for Life different from other solutions?,Money for Life has distinctive features and capabilities that set it apart. The specific differences depend on your requirements and the solutions you're comparing. Vermeg can provide a detailed analysis of how Money for Life differs from other options in the market.,comparison,Money for Life
What functions does Group Insurance Member Enrolment offer?,"Group Insurance Member Enrolment offers the following capabilities: Professional-grade functionality, Integration capabilities, Compliance support, User-friendly interface, Scalable architecture.",features,Group Insurance Member Enrolment
Should my business consider Easy Collateral?,"Easy Collateral is designed to meet diverse business requirements in the financial services industry. To determine if it's suitable for your specific needs, please contact Vermeg for a detailed consultation and assessment.",suitability,Easy Collateral
I'm interested in learning about Optimizer,Vermeg Optimizer is a professional solution designed to meet the specific needs of financial institutions. It offers comprehensive functionality to help organizations improve their operations and meet regulatory requirements.,general_info,Optimizer
How can I implement Easy Agreement?,"To implement Easy Agreement, please contact Vermeg directly. Our team will assess your specific needs and provide detailed information about implementation, pricing, and support options.",acquisition,Easy Agreement
Where can Client Data Collector be applied?,"Client Data Collector is commonly used for: Customer onboarding, KYC processes, Data management, Compliance monitoring.",use_cases,Client Data Collector
In which industries is Colline used?,"Colline helps solve challenges related to: Life insurance administration, Pension fund management, Claims processing, Customer relationship management. It provides comprehensive solutions for these business needs.",use_cases,Colline
Would Fast Track fit our organization?,"Fast Track is designed to meet diverse business requirements in the financial services industry. To determine if it's suitable for your specific needs, please contact Vermeg for a detailed consultation and assessment.",suitability,Fast Track
Would Megara fit our organization?,"Megara is designed to meet diverse business requirements in the financial services industry. To determine if it's suitable for your specific needs, please contact Vermeg for a detailed consultation and assessment.",suitability,Megara
When can we expect Client Data Collector to be ready?,Implementation time for Client Data Collector varies depending on your specific requirements and organizational complexity. Vermeg's implementation team will work with you to develop a timeline that meets your needs.,implementation,Client Data Collector
What challenges does Optimizer help with?,"Optimizer is commonly used for: Business process optimization, Compliance management, Risk management, Customer service enhancement.",use_cases,Optimizer
I need information on Soliam,Certainly! Vermeg Soliam is a comprehensive asset management platform that provides end-to-end portfolio management capabilities. This makes it an ideal choice for organizations looking to enhance their operational capabilities.,general_info,Soliam
What are the benefits of using Solife?,"The key benefits of Solife include: Streamlined operations, Improved customer experience, Regulatory compliance, Reduced costs, Enhanced efficiency.",benefits,Solife
What capabilities does Optimizer have?,"Optimizer offers the following capabilities: Professional-grade functionality, Integration capabilities, Compliance support, User-friendly interface, Scalable architecture.",features,Optimizer
What are the main capabilities of Colline?,"The key features of Colline include: Policy administration, Claims management, Premium calculation, Workflow automation, Multi-product support.",features,Colline
Why should I choose Solife?,"You should choose Solife because it provides: Streamlined operations, Improved customer experience, Regulatory compliance, Reduced costs, Enhanced efficiency. These advantages help organizations achieve their business objectives more effectively.",benefits,Solife
How do I obtain Soliam?,"To implement Soliam, please contact Vermeg directly. Our team will assess your specific needs and provide detailed information about implementation, pricing, and support options.",acquisition,Soliam
Is Easy Collateral relevant to our industry?,"Easy Collateral is designed to meet diverse business requirements in the financial services industry. To determine if it's suitable for your specific needs, please contact Vermeg for a detailed consultation and assessment.",suitability,Easy Collateral
What support does Vermeg provide for Digital Commercial Agreement?,"Vermeg provides comprehensive support for Digital Commercial Agreement including implementation services, training, ongoing technical support, maintenance, and updates. Our support team has deep expertise in Digital Commercial Agreement and is committed to ensuring your success with the platform.",support,Digital Commercial Agreement
What processes does Xchanger handle?,Xchanger vermeg xchanger is a comprehensive regulatory reporting platform that helps financial institutions manage their regulatory obligations efficiently. The solution helps organizations streamline their processes and achieve better outcomes.,functionality,Xchanger
List the features of Optimizer,"The key features of Optimizer include: Professional-grade functionality, Integration capabilities, Compliance support, User-friendly interface, Scalable architecture.",features,Optimizer
How does Collateral Email Channel Automation add value?,"You should choose Collateral Email Channel Automation because it provides: Improved operational efficiency, Enhanced compliance, Reduced operational risk, Better customer service, Cost optimization. These advantages help organizations achieve their business objectives more effectively.",benefits,Collateral Email Channel Automation
What's the time to value for Individual Life & Health Insurance?,Implementation time for Individual Life & Health Insurance varies depending on your specific requirements and organizational complexity. Vermeg's implementation team will work with you to develop a timeline that meets your needs.,implementation,Individual Life & Health Insurance
What can you tell me about Fast Track?,Vermeg Fast Track is a professional solution designed to meet the specific needs of financial institutions.,general_info,Fast Track
How can Money for Life help my organization?,"Money for Life can help your organization by providing: Improved operational efficiency, Enhanced compliance, Reduced operational risk, Better customer service, Cost optimization. This leads to improved performance and better business outcomes.",benefits,Money for Life
Why would I want to use Money for Life?,"Money for Life can help your organization by providing: Improved operational efficiency, Enhanced compliance, Reduced operational risk, Better customer service, Cost optimization. This leads to improved performance and better business outcomes.",benefits,Money for Life
What's the implementation duration for Optimizer?,Implementation time for Optimizer varies depending on your specific requirements and organizational complexity. Vermeg's implementation team will work with you to develop a timeline that meets your needs.,implementation,Optimizer
Can Individual Life & Health Insurance integrate with our existing systems?,"Yes, Individual Life & Health Insurance is designed with integration capabilities to work with existing financial systems. Vermeg provides comprehensive integration support and can work with your IT team to ensure seamless connectivity with your current infrastructure and applications.",technical,Individual Life & Health Insurance
What does Digital Commercial Agreement offer in terms of features?,"The key features of Digital Commercial Agreement include: Professional-grade functionality, Integration capabilities, Compliance support, User-friendly interface, Scalable architecture.",features,Digital Commercial Agreement
What is Oversight Limits designed to do?,Oversight Limits vermeg oversight limits is a professional solution designed to meet the specific needs of financial institutions. The solution helps organizations streamline their processes and achieve better outcomes.,functionality,Oversight Limits
What does Individual Life & Health Insurance offer in terms of features?,"The key features of Individual Life & Health Insurance include: Professional-grade functionality, Integration capabilities, Compliance support, User-friendly interface, Scalable architecture.",features,Individual Life & Health Insurance
What does Colline offer in terms of features?,"Colline provides comprehensive functionality including: Policy administration, Claims management, Premium calculation, Workflow automation, Multi-product support.",features,Colline
What is the purpose of Digital Commercial Agreement?,Digital Commercial Agreement vermeg digital commercial agreement is a professional solution designed to meet the specific needs of financial institutions. The solution helps organizations streamline their processes and achieve better outcomes.,functionality,Digital Commercial Agreement
What are the advantages of Individual Life & Health Insurance?,"You should choose Individual Life & Health Insurance because it provides: Improved operational efficiency, Enhanced compliance, Reduced operational risk, Better customer service, Cost optimization. These advantages help organizations achieve their business objectives more effectively.",benefits,Individual Life & Health Insurance
What does Easy Collateral offer in terms of features?,"The key features of Easy Collateral include: Professional-grade functionality, Integration capabilities, Compliance support, User-friendly interface, Scalable architecture.",features,Easy Collateral
Should my business consider Easy Agreement?,"Easy Agreement is designed to meet diverse business requirements in the financial services industry. To determine if it's suitable for your specific needs, please contact Vermeg for a detailed consultation and assessment.",suitability,Easy Agreement
What are the use cases for Colline?,"Colline is commonly used for: Life insurance administration, Pension fund management, Claims processing, Customer relationship management.",use_cases,Colline
Is Easy Collateral compatible with our business?,"Easy Collateral is designed to meet diverse business requirements in the financial services industry. To determine if it's suitable for your specific needs, please contact Vermeg for a detailed consultation and assessment.",suitability,Easy Collateral
How can I get Group Insurance Member Enrolment?,"To implement Group Insurance Member Enrolment, please contact Vermeg directly. Our team will assess your specific needs and provide detailed information about implementation, pricing, and support options.",acquisition,Group Insurance Member Enrolment
Is Fast Track a good fit for us?,"Fast Track is designed to meet diverse business requirements in the financial services industry. To determine if it's suitable for your specific needs, please contact Vermeg for a detailed consultation and assessment.",suitability,Fast Track
What operations does Oversight Limits support?,Oversight Limits vermeg oversight limits is a professional solution designed to meet the specific needs of financial institutions. The solution helps organizations streamline their processes and achieve better outcomes.,functionality,Oversight Limits
What can I do with Colline?,"Colline offers the following capabilities: Policy administration, Claims management, Premium calculation, Workflow automation, Multi-product support.",features,Colline
What can you tell me about Default Management?,Vermeg Default Management is a professional solution designed to meet the specific needs of financial institutions.,general_info,Default Management
Is Xchanger suitable for my business?,"Xchanger is designed to meet diverse business requirements in the financial services industry. To determine if it's suitable for your specific needs, please contact Vermeg for a detailed consultation and assessment.",suitability,Xchanger
What applications does Soliam have?,"Soliam is commonly used for: Asset management, Portfolio optimization, Risk management, Performance monitoring.",use_cases,Soliam
What makes Easy Collateral different from other solutions?,Easy Collateral has distinctive features and capabilities that set it apart. The specific differences depend on your requirements and the solutions you're comparing. Vermeg can provide a detailed analysis of how Easy Collateral differs from other options in the market.,comparison,Easy Collateral
Tell me about Digital Commercial Agreement,Vermeg Digital Commercial Agreement is a professional solution designed to meet the specific needs of financial institutions. It offers comprehensive functionality to help organizations improve their operations and meet regulatory requirements.,general_info,Digital Commercial Agreement
How long does it take to implement Money for Life?,Implementation time for Money for Life varies depending on your specific requirements and organizational complexity. Vermeg's implementation team will work with you to develop a timeline that meets your needs.,implementation,Money for Life
Would Default Management be suitable for our requirements?,"Default Management is designed to meet diverse business requirements in the financial services industry. To determine if it's suitable for your specific needs, please contact Vermeg for a detailed consultation and assessment.",suitability,Default Management
Is Xchanger compatible with our business?,"Xchanger is designed to meet diverse business requirements in the financial services industry. To determine if it's suitable for your specific needs, please contact Vermeg for a detailed consultation and assessment.",suitability,Xchanger
What business needs does Client Data Collector meet?,"Client Data Collector helps solve challenges related to: Customer onboarding, KYC processes, Data management, Compliance monitoring. It provides comprehensive solutions for these business needs.",use_cases,Client Data Collector
Is Oversight Limits suitable for asset management organizations?,Oversight Limits is well-suited for asset management organizations as it's designed specifically for the financial services sector. Vermeg has extensive experience working with asset management clients and can customize Oversight Limits to meet sector-specific needs and regulatory requirements.,industry_specific,Oversight Limits
Explain Oversight Limits to me,Vermeg Oversight Limits is a professional solution designed to meet the specific needs of financial institutions.,general_info,Oversight Limits
How can I get Collateral Email Channel Automation?,"To implement Collateral Email Channel Automation, please contact Vermeg directly. Our team will assess your specific needs and provide detailed information about implementation, pricing, and support options.",acquisition,Collateral Email Channel Automation
Where can Megara be applied?,"Megara helps solve challenges related to: Risk management, Portfolio optimization, Regulatory reporting, Stress testing. It provides comprehensive solutions for these business needs.",use_cases,Megara
What are the technical requirements for Client Data Collector?,"The technical requirements for Client Data Collector depend on your specific deployment scenario, data volumes, and integration needs. Vermeg's technical team will work with you to assess your infrastructure and provide detailed technical specifications and requirements for Client Data Collector.",technical,Client Data Collector
How do I get started with Money for Life?,"To implement Money for Life, please contact Vermeg directly. Our team will assess your specific needs and provide detailed information about implementation, pricing, and support options.",acquisition,Money for Life
Why should I choose Easy Agreement?,"You should choose Easy Agreement because it provides: Faster contract processing, Reduced paper usage, Improved compliance, Enhanced efficiency, Better customer experience. These advantages help organizations achieve their business objectives more effectively.",benefits,Easy Agreement
What are the main capabilities of Default Management?,"Default Management offers the following capabilities: Professional-grade functionality, Integration capabilities, Compliance support, User-friendly interface, Scalable architecture.",features,Default Management
Is Easy Collateral appropriate for my needs?,"Easy Collateral is designed to meet diverse business requirements in the financial services industry. To determine if it's suitable for your specific needs, please contact Vermeg for a detailed consultation and assessment.",suitability,Easy Collateral
What's the delivery timeframe for Soliam?,Implementation time for Soliam varies depending on your specific requirements and organizational complexity. Vermeg's implementation team will work with you to develop a timeline that meets your needs.,implementation,Soliam
What are Soliam's key features?,"Soliam offers the following capabilities: Portfolio management, Trade execution, Risk monitoring, Performance analysis, Compliance management.",features,Soliam
What tasks does Default Management perform?,Default Management vermeg default management is a professional solution designed to meet the specific needs of financial institutions. The solution helps organizations streamline their processes and achieve better outcomes.,functionality,Default Management
What are the technical capabilities of Individual Life & Health Insurance?,"Individual Life & Health Insurance offers the following capabilities: Professional-grade functionality, Integration capabilities, Compliance support, User-friendly interface, Scalable architecture.",features,Individual Life & Health Insurance
What role does Easy Collateral play?,Easy Collateral vermeg easy collateral is a professional solution designed to meet the specific needs of financial institutions. The solution helps organizations streamline their processes and achieve better outcomes.,functionality,Easy Collateral
I'm interested in learning about Default Management,Vermeg Default Management is a professional solution designed to meet the specific needs of financial institutions.,general_info,Default Management
What functionality is included in Individual Life & Health Insurance?,"Individual Life & Health Insurance provides comprehensive functionality including: Professional-grade functionality, Integration capabilities, Compliance support, User-friendly interface, Scalable architecture.",features,Individual Life & Health Insurance
How can I implement General?,"To implement General, please contact Vermeg directly. Our team will assess your specific needs and provide detailed information about implementation, pricing, and support options.",acquisition,General
What are the advantages of Client Data Collector?,"The key benefits of Client Data Collector include: Improved data quality, Faster onboarding, Enhanced compliance, Reduced manual effort, Better customer experience.",benefits,Client Data Collector
What business problems can Group Insurance Member Enrolment address?,"Group Insurance Member Enrolment is commonly used for: Business process optimization, Compliance management, Risk management, Customer service enhancement.",use_cases,Group Insurance Member Enrolment
What are the steps to get Client Data Collector?,"To implement Client Data Collector, please contact Vermeg directly. Our team will assess your specific needs and provide detailed information about implementation, pricing, and support options.",acquisition,Client Data Collector
Is Money for Life designed for businesses like ours?,"Money for Life is designed to meet diverse business requirements in the financial services industry. To determine if it's suitable for your specific needs, please contact Vermeg for a detailed consultation and assessment.",suitability,Money for Life
How can I start using Client Data Collector?,"To implement Client Data Collector, please contact Vermeg directly. Our team will assess your specific needs and provide detailed information about implementation, pricing, and support options.",acquisition,Client Data Collector
What's the implementation timeline for Collateral Email Channel Automation?,Implementation time for Collateral Email Channel Automation varies depending on your specific requirements and organizational complexity. Vermeg's implementation team will work with you to develop a timeline that meets your needs.,implementation,Collateral Email Channel Automation
How long does it take to implement Client Data Collector?,Implementation time for Client Data Collector varies depending on your specific requirements and organizational complexity. Vermeg's implementation team will work with you to develop a timeline that meets your needs.,implementation,Client Data Collector
Is Easy Agreement suitable for my business?,"Easy Agreement is designed to meet diverse business requirements in the financial services industry. To determine if it's suitable for your specific needs, please contact Vermeg for a detailed consultation and assessment.",suitability,Easy Agreement
In which industries is Money for Life used?,"You should consider Money for Life for: Business process optimization, Compliance management, Risk management, Customer service enhancement. It's particularly effective in these scenarios.",use_cases,Money for Life
What exactly is Xchanger?,Vermeg Xchanger is a comprehensive regulatory reporting platform that helps financial institutions manage their regulatory obligations efficiently.,general_info,Xchanger
What functions does Soliam offer?,"Soliam provides comprehensive functionality including: Portfolio management, Trade execution, Risk monitoring, Performance analysis, Compliance management.",features,Soliam
What's the time to value for Default Management?,Implementation time for Default Management varies depending on your specific requirements and organizational complexity. Vermeg's implementation team will work with you to develop a timeline that meets your needs.,implementation,Default Management
How does Collateral Email Channel Automation compare to other Vermeg solutions?,"Collateral Email Channel Automation is one of Vermeg's specialized solutions with unique capabilities. Each Vermeg solution is designed for specific use cases. To understand how Collateral Email Channel Automation compares to other solutions for your specific needs, please contact Vermeg for a detailed comparison and consultation.",comparison,Collateral Email Channel Automation
Why is Soliam beneficial?,"The key benefits of Soliam include: Optimized investment performance, Reduced operational risk, Enhanced compliance, Improved efficiency, Better client service.",benefits,Soliam
What's the timeframe for implementing Megara?,Implementation time for Megara varies depending on your specific requirements and organizational complexity. Vermeg's implementation team will work with you to develop a timeline that meets your needs.,implementation,Megara
What can you tell me about Money for Life?,Vermeg Money for Life is a professional solution designed to meet the specific needs of financial institutions.,general_info,Money for Life
What's the setup time for Oversight Limits?,Implementation time for Oversight Limits varies depending on your specific requirements and organizational complexity. Vermeg's implementation team will work with you to develop a timeline that meets your needs.,implementation,Oversight Limits
Is Group Insurance Member Enrolment the right choice for us?,"Group Insurance Member Enrolment is designed to meet diverse business requirements in the financial services industry. To determine if it's suitable for your specific needs, please contact Vermeg for a detailed consultation and assessment.",suitability,Group Insurance Member Enrolment
What functionality does Solife provide?,"Solife provides comprehensive functionality including: Policy administration, Premium management, Claims processing, Regulatory compliance, Customer management.",features,Solife
What's the implementation timeline for Client Data Collector?,Implementation time for Client Data Collector varies depending on your specific requirements and organizational complexity. Vermeg's implementation team will work with you to develop a timeline that meets your needs.,implementation,Client Data Collector
How can Solife help my organization?,"Solife can help your organization by providing: Streamlined operations, Improved customer experience, Regulatory compliance, Reduced costs, Enhanced efficiency. This leads to improved performance and better business outcomes.",benefits,Solife
When should I use Group Insurance Member Enrolment?,"You should consider Group Insurance Member Enrolment for: Business process optimization, Compliance management, Risk management, Customer service enhancement. It's particularly effective in these scenarios.",use_cases,Group Insurance Member Enrolment
When is Oversight Limits most effective?,"You should consider Oversight Limits for: Business process optimization, Compliance management, Risk management, Customer service enhancement. It's particularly effective in these scenarios.",use_cases,Oversight Limits
What are the main capabilities of Optimizer?,"The key features of Optimizer include: Professional-grade functionality, Integration capabilities, Compliance support, User-friendly interface, Scalable architecture.",features,Optimizer
How does Client Data Collector operate?,Client Data Collector vermeg client data collector is a solution for efficient collection and management of client data across multiple channels. The solution helps organizations streamline their processes and achieve better outcomes.,functionality,Client Data Collector
What tools does Oversight Limits provide?,"Oversight Limits provides comprehensive functionality including: Professional-grade functionality, Integration capabilities, Compliance support, User-friendly interface, Scalable architecture.",features,Oversight Limits
What's Default Management all about?,Certainly! Vermeg Default Management is a professional solution designed to meet the specific needs of financial institutions. This makes it an ideal choice for organizations looking to enhance their operational capabilities.,general_info,Default Management
How does Solife add value?,"The key benefits of Solife include: Streamlined operations, Improved customer experience, Regulatory compliance, Reduced costs, Enhanced efficiency.",benefits,Solife
What industries does Vermeg serve?,"Vermeg primarily serves the financial services industry, including commercial banks, investment banks, insurance companies, pension funds, asset managers, and other financial institutions. Our solutions help these organizations with regulatory compliance, risk management, and operational efficiency.",general_company,general
How does Optimizer help?,Optimizer vermeg optimizer is a professional solution designed to meet the specific needs of financial institutions. The solution helps organizations streamline their processes and achieve better outcomes.,functionality,Optimizer
What should I know about Optimizer?,Vermeg Optimizer is a professional solution designed to meet the specific needs of financial institutions.,general_info,Optimizer
What are the benefits of using Group Insurance Member Enrolment?,"The key benefits of Group Insurance Member Enrolment include: Improved operational efficiency, Enhanced compliance, Reduced operational risk, Better customer service, Cost optimization.",benefits,Group Insurance Member Enrolment
What advantages does Easy Collateral offer?,"You should choose Easy Collateral because it provides: Improved operational efficiency, Enhanced compliance, Reduced operational risk, Better customer service, Cost optimization. These advantages help organizations achieve their business objectives more effectively.",benefits,Easy Collateral
How can I get Oversight Limits?,"To implement Oversight Limits, please contact Vermeg directly. Our team will assess your specific needs and provide detailed information about implementation, pricing, and support options.",acquisition,Oversight Limits
Does Vermeg provide support?,"Yes, Vermeg provides comprehensive support including implementation services, training, ongoing technical support, and maintenance. Our support team works closely with clients to ensure successful deployment and optimal use of our solutions.",support,general
What capabilities does Digital Commercial Agreement have?,"Digital Commercial Agreement offers the following capabilities: Professional-grade functionality, Integration capabilities, Compliance support, User-friendly interface, Scalable architecture.",features,Digital Commercial Agreement
Is Oversight Limits suitable for insurance organizations?,Oversight Limits is well-suited for insurance organizations as it's designed specifically for the financial services sector. Vermeg has extensive experience working with insurance clients and can customize Oversight Limits to meet sector-specific needs and regulatory requirements.,industry_specific,Oversight Limits
Why should I choose Collateral Email Channel Automation?,"You should choose Collateral Email Channel Automation because it provides: Improved operational efficiency, Enhanced compliance, Reduced operational risk, Better customer service, Cost optimization. These advantages help organizations achieve their business objectives more effectively.",benefits,Collateral Email Channel Automation
Is Xchanger right for my organization?,"Xchanger is designed to meet diverse business requirements in the financial services industry. To determine if it's suitable for your specific needs, please contact Vermeg for a detailed consultation and assessment.",suitability,Xchanger
Tell me about Easy Agreement,Vermeg Easy Agreement is a digital contract management solution that streamlines the agreement process. It offers comprehensive functionality to help organizations improve their operations and meet regulatory requirements.,general_info,Easy Agreement
Can Megara integrate with our existing systems?,"Yes, Megara is designed with integration capabilities to work with existing financial systems. Vermeg provides comprehensive integration support and can work with your IT team to ensure seamless connectivity with your current infrastructure and applications.",technical,Megara
Why should I choose Megara?,"You should choose Megara because it provides: Enhanced risk visibility, Better decision making, Improved portfolio performance, Regulatory compliance, Operational efficiency. These advantages help organizations achieve their business objectives more effectively.",benefits,Megara
What's Group Insurance Member Enrolment all about?,Vermeg Group Insurance Member Enrolment is a professional solution designed to meet the specific needs of financial institutions.,general_info,Group Insurance Member Enrolment
What's the procurement process for Xchanger?,"To implement Xchanger, please contact Vermeg directly. Our team will assess your specific needs and provide detailed information about implementation, pricing, and support options.",acquisition,Xchanger
What's the delivery timeframe for Money for Life?,Implementation time for Money for Life varies depending on your specific requirements and organizational complexity. Vermeg's implementation team will work with you to develop a timeline that meets your needs.,implementation,Money for Life
Can Easy Collateral be used in asset management?,"Yes, Easy Collateral is designed for the financial services industry and can be effectively used in asset management. Vermeg's solutions are built with deep understanding of various financial sectors. Contact Vermeg to discuss how Easy Collateral can be tailored to your specific asset management requirements.",industry_specific,Easy Collateral
What are the benefits of using Easy Agreement?,"The key benefits of Easy Agreement include: Faster contract processing, Reduced paper usage, Improved compliance, Enhanced efficiency, Better customer experience.",benefits,Easy Agreement
List the features of Individual Life & Health Insurance,"Individual Life & Health Insurance offers the following capabilities: Professional-grade functionality, Integration capabilities, Compliance support, User-friendly interface, Scalable architecture.",features,Individual Life & Health Insurance
Is Client Data Collector suitable for my business?,"Client Data Collector is designed to meet diverse business requirements in the financial services industry. To determine if it's suitable for your specific needs, please contact Vermeg for a detailed consultation and assessment.",suitability,Client Data Collector
What role does General play?,General vermeg general is a professional solution designed to meet the specific needs of financial institutions. The solution helps organizations streamline their processes and achieve better outcomes.,functionality,General
What are the benefits of using General?,"The key benefits of General include: Improved operational efficiency, Enhanced compliance, Reduced operational risk, Better customer service, Cost optimization.",benefits,General
What exactly is Digital Commercial Agreement?,Vermeg Digital Commercial Agreement is a professional solution designed to meet the specific needs of financial institutions. It offers comprehensive functionality to help organizations improve their operations and meet regulatory requirements.,general_info,Digital Commercial Agreement
Should my business consider Client Data Collector?,"Client Data Collector is designed to meet diverse business requirements in the financial services industry. To determine if it's suitable for your specific needs, please contact Vermeg for a detailed consultation and assessment.",suitability,Client Data Collector
What capabilities does General have?,"General offers the following capabilities: Professional-grade functionality, Integration capabilities, Compliance support, User-friendly interface, Scalable architecture.",features,General
What can Xchanger do?,"The key features of Xchanger include: Automated regulatory reporting, Multi-jurisdiction compliance, Real-time data validation, Flexible data transformation, Comprehensive audit trail.",features,Xchanger
What scenarios is Fast Track designed for?,"Fast Track helps solve challenges related to: Business process optimization, Compliance management, Risk management, Customer service enhancement. It provides comprehensive solutions for these business needs.",use_cases,Fast Track
What functions does Colline offer?,"Colline offers the following capabilities: Policy administration, Claims management, Premium calculation, Workflow automation, Multi-product support.",features,Colline
Where can Solife be applied?,"Solife is commonly used for: Life insurance administration, Policy management, Claims processing, Customer service.",use_cases,Solife
How can my company get Easy Agreement?,"To implement Easy Agreement, please contact Vermeg directly. Our team will assess your specific needs and provide detailed information about implementation, pricing, and support options.",acquisition,Easy Agreement
What business needs does Group Insurance Member Enrolment meet?,"Group Insurance Member Enrolment helps solve challenges related to: Business process optimization, Compliance management, Risk management, Customer service enhancement. It provides comprehensive solutions for these business needs.",use_cases,Group Insurance Member Enrolment
What's the process to acquire Default Management?,"To implement Default Management, please contact Vermeg directly. Our team will assess your specific needs and provide detailed information about implementation, pricing, and support options.",acquisition,Default Management
What are the benefits of using Easy Collateral?,"The key benefits of Easy Collateral include: Improved operational efficiency, Enhanced compliance, Reduced operational risk, Better customer service, Cost optimization.",benefits,Easy Collateral
Would Solife work for my company?,"Solife is designed to meet diverse business requirements in the financial services industry. To determine if it's suitable for your specific needs, please contact Vermeg for a detailed consultation and assessment.",suitability,Solife
What should I know about Easy Agreement?,Vermeg Easy Agreement is a digital contract management solution that streamlines the agreement process. It offers comprehensive functionality to help organizations improve their operations and meet regulatory requirements.,general_info,Easy Agreement
In what situations is Digital Commercial Agreement useful?,"Digital Commercial Agreement is commonly used for: Business process optimization, Compliance management, Risk management, Customer service enhancement.",use_cases,Digital Commercial Agreement
Describe the features of Collateral Email Channel Automation,"The key features of Collateral Email Channel Automation include: Professional-grade functionality, Integration capabilities, Compliance support, User-friendly interface, Scalable architecture.",features,Collateral Email Channel Automation
How can Colline help my organization?,"Colline can help your organization by providing: Streamlines operations, Reduces processing time, Improves customer service, Enhances operational efficiency, Supports business growth. This leads to improved performance and better business outcomes.",benefits,Colline
Why should I choose Client Data Collector?,"You should choose Client Data Collector because it provides: Improved data quality, Faster onboarding, Enhanced compliance, Reduced manual effort, Better customer experience. These advantages help organizations achieve their business objectives more effectively.",benefits,Client Data Collector
Why should I choose Group Insurance Member Enrolment?,"You should choose Group Insurance Member Enrolment because it provides: Improved operational efficiency, Enhanced compliance, Reduced operational risk, Better customer service, Cost optimization. These advantages help organizations achieve their business objectives more effectively.",benefits,Group Insurance Member Enrolment
How can Digital Commercial Agreement improve my operations?,"The key benefits of Digital Commercial Agreement include: Improved operational efficiency, Enhanced compliance, Reduced operational risk, Better customer service, Cost optimization.",benefits,Digital Commercial Agreement
What is Digital Commercial Agreement?,Vermeg Digital Commercial Agreement is a professional solution designed to meet the specific needs of financial institutions.,general_info,Digital Commercial Agreement
What are the features of Easy Agreement?,"The key features of Easy Agreement include: Digital contract creation, Electronic signatures, Workflow automation, Template management, Compliance tracking.",features,Easy Agreement
What business needs does Digital Commercial Agreement meet?,"Digital Commercial Agreement helps solve challenges related to: Business process optimization, Compliance management, Risk management, Customer service enhancement. It provides comprehensive solutions for these business needs.",use_cases,Digital Commercial Agreement
What can General do?,"General offers the following capabilities: Professional-grade functionality, Integration capabilities, Compliance support, User-friendly interface, Scalable architecture.",features,General
What are the main capabilities of Soliam?,"The key features of Soliam include: Portfolio management, Trade execution, Risk monitoring, Performance analysis, Compliance management.",features,Soliam
How can Soliam improve my operations?,"The key benefits of Soliam include: Optimized investment performance, Reduced operational risk, Enhanced compliance, Improved efficiency, Better client service.",benefits,Soliam
I'm interested in learning about Soliam,Vermeg Soliam is a comprehensive asset management platform that provides end-to-end portfolio management capabilities.,general_info,Soliam
What value does Group Insurance Member Enrolment provide?,"The key benefits of Group Insurance Member Enrolment include: Improved operational efficiency, Enhanced compliance, Reduced operational risk, Better customer service, Cost optimization.",benefits,Group Insurance Member Enrolment
What business problems can Easy Agreement address?,"You should consider Easy Agreement for: Contract management, Digital agreements, Signature workflows, Compliance tracking. It's particularly effective in these scenarios.",use_cases,Easy Agreement
What are the business benefits of General?,"The key benefits of General include: Improved operational efficiency, Enhanced compliance, Reduced operational risk, Better customer service, Cost optimization.",benefits,General
What are the features of Collateral Email Channel Automation?,"The key features of Collateral Email Channel Automation include: Professional-grade functionality, Integration capabilities, Compliance support, User-friendly interface, Scalable architecture.",features,Collateral Email Channel Automation
What does Default Management offer in terms of features?,"The key features of Default Management include: Professional-grade functionality, Integration capabilities, Compliance support, User-friendly interface, Scalable architecture.",features,Default Management
What positive impact can Optimizer have?,"The key benefits of Optimizer include: Improved operational efficiency, Enhanced compliance, Reduced operational risk, Better customer service, Cost optimization.",benefits,Optimizer
Can you explain Megara?,Certainly! Vermeg Megara is an advanced analytics and risk management platform that provides comprehensive insights for financial institutions. This makes it an ideal choice for organizations looking to enhance their operational capabilities.,general_info,Megara
How long before Group Insurance Member Enrolment is operational?,Implementation time for Group Insurance Member Enrolment varies depending on your specific requirements and organizational complexity. Vermeg's implementation team will work with you to develop a timeline that meets your needs.,implementation,Group Insurance Member Enrolment
What are the technical capabilities of Easy Collateral?,"Easy Collateral offers the following capabilities: Professional-grade functionality, Integration capabilities, Compliance support, User-friendly interface, Scalable architecture.",features,Easy Collateral
What problems does Easy Collateral solve?,"Easy Collateral helps solve challenges related to: Business process optimization, Compliance management, Risk management, Customer service enhancement. It provides comprehensive solutions for these business needs.",use_cases,Easy Collateral
What positive impact can Collateral Email Channel Automation have?,"The key benefits of Collateral Email Channel Automation include: Improved operational efficiency, Enhanced compliance, Reduced operational risk, Better customer service, Cost optimization.",benefits,Collateral Email Channel Automation
Is Individual Life & Health Insurance suitable for banking organizations?,Individual Life & Health Insurance is well-suited for banking organizations as it's designed specifically for the financial services sector. Vermeg has extensive experience working with banking clients and can customize Individual Life & Health Insurance to meet sector-specific needs and regulatory requirements.,industry_specific,Individual Life & Health Insurance
How can I access Individual Life & Health Insurance?,"To implement Individual Life & Health Insurance, please contact Vermeg directly. Our team will assess your specific needs and provide detailed information about implementation, pricing, and support options.",acquisition,Individual Life & Health Insurance
What scenarios is Oversight Limits designed for?,"Oversight Limits is commonly used for: Business process optimization, Compliance management, Risk management, Customer service enhancement.",use_cases,Oversight Limits
Can you explain Solife?,Certainly! Vermeg Solife is a comprehensive life insurance platform that manages the entire lifecycle of life insurance products. This makes it an ideal choice for organizations looking to enhance their operational capabilities.,general_info,Solife
How does Default Management add value?,"The key benefits of Default Management include: Improved operational efficiency, Enhanced compliance, Reduced operational risk, Better customer service, Cost optimization.",benefits,Default Management
How can I implement Money for Life?,"To implement Money for Life, please contact Vermeg directly. Our team will assess your specific needs and provide detailed information about implementation, pricing, and support options.",acquisition,Money for Life
What are the technical capabilities of Solife?,"Solife provides comprehensive functionality including: Policy administration, Premium management, Claims processing, Regulatory compliance, Customer management.",features,Solife
What can Individual Life & Health Insurance do?,"The key features of Individual Life & Health Insurance include: Professional-grade functionality, Integration capabilities, Compliance support, User-friendly interface, Scalable architecture.",features,Individual Life & Health Insurance
How can I implement Soliam?,"To implement Soliam, please contact Vermeg directly. Our team will assess your specific needs and provide detailed information about implementation, pricing, and support options.",acquisition,Soliam
What positive impact can Oversight Limits have?,"The key benefits of Oversight Limits include: Improved operational efficiency, Enhanced compliance, Reduced operational risk, Better customer service, Cost optimization.",benefits,Oversight Limits
What tools does Fast Track provide?,"Fast Track provides comprehensive functionality including: Professional-grade functionality, Integration capabilities, Compliance support, User-friendly interface, Scalable architecture.",features,Fast Track
How can Fast Track improve my operations?,"The key benefits of Fast Track include: Improved operational efficiency, Enhanced compliance, Reduced operational risk, Better customer service, Cost optimization.",benefits,Fast Track
Can you explain Optimizer?,Certainly! Vermeg Optimizer is a professional solution designed to meet the specific needs of financial institutions. This makes it an ideal choice for organizations looking to enhance their operational capabilities.,general_info,Optimizer
What positive impact can Money for Life have?,"The key benefits of Money for Life include: Improved operational efficiency, Enhanced compliance, Reduced operational risk, Better customer service, Cost optimization.",benefits,Money for Life
What tools does Group Insurance Member Enrolment provide?,"The key features of Group Insurance Member Enrolment include: Professional-grade functionality, Integration capabilities, Compliance support, User-friendly interface, Scalable architecture.",features,Group Insurance Member Enrolment
What does Oversight Limits offer in terms of features?,"Oversight Limits offers the following capabilities: Professional-grade functionality, Integration capabilities, Compliance support, User-friendly interface, Scalable architecture.",features,Oversight Limits
What is Colline?,Vermeg Colline is a powerful insurance and pension administration platform designed to manage the complete lifecycle of insurance products.,general_info,Colline
How can General improve my operations?,"You should choose General because it provides: Improved operational efficiency, Enhanced compliance, Reduced operational risk, Better customer service, Cost optimization. These advantages help organizations achieve their business objectives more effectively.",benefits,General
How do I get started with Xchanger?,"To implement Xchanger, please contact Vermeg directly. Our team will assess your specific needs and provide detailed information about implementation, pricing, and support options.",acquisition,Xchanger
Can you explain Default Management?,Certainly! Vermeg Default Management is a professional solution designed to meet the specific needs of financial institutions. This makes it an ideal choice for organizations looking to enhance their operational capabilities.,general_info,Default Management
How soon can we start using General?,Implementation time for General varies depending on your specific requirements and organizational complexity. Vermeg's implementation team will work with you to develop a timeline that meets your needs.,implementation,General
What are the technical requirements for Digital Commercial Agreement?,"The technical requirements for Digital Commercial Agreement depend on your specific deployment scenario, data volumes, and integration needs. Vermeg's technical team will work with you to assess your infrastructure and provide detailed technical specifications and requirements for Digital Commercial Agreement.",technical,Digital Commercial Agreement
What exactly is Individual Life & Health Insurance?,Vermeg Individual Life & Health Insurance is a professional solution designed to meet the specific needs of financial institutions.,general_info,Individual Life & Health Insurance
What makes Megara different from other solutions?,Megara has distinctive features and capabilities that set it apart. The specific differences depend on your requirements and the solutions you're comparing. Vermeg can provide a detailed analysis of how Megara differs from other options in the market.,comparison,Megara
Is Optimizer suitable for my business?,"Optimizer is designed to meet diverse business requirements in the financial services industry. To determine if it's suitable for your specific needs, please contact Vermeg for a detailed consultation and assessment.",suitability,Optimizer
How can Xchanger improve my operations?,"The key benefits of Xchanger include: Reduces compliance costs, Minimizes regulatory risk, Improves data quality, Accelerates reporting processes, Ensures regulatory compliance.",benefits,Xchanger
Would Fast Track be suitable for our requirements?,"Fast Track is designed to meet diverse business requirements in the financial services industry. To determine if it's suitable for your specific needs, please contact Vermeg for a detailed consultation and assessment.",suitability,Fast Track
What challenges does Client Data Collector help with?,"Client Data Collector is commonly used for: Customer onboarding, KYC processes, Data management, Compliance monitoring.",use_cases,Client Data Collector
What does Easy Agreement do?,Easy Agreement vermeg easy agreement is a digital contract management solution that streamlines the agreement process. The solution helps organizations streamline their processes and achieve better outcomes.,functionality,Easy Agreement
Would Oversight Limits fit our organization?,"Oversight Limits is designed to meet diverse business requirements in the financial services industry. To determine if it's suitable for your specific needs, please contact Vermeg for a detailed consultation and assessment.",suitability,Oversight Limits
How long is the Easy Collateral implementation project?,Implementation time for Easy Collateral varies depending on your specific requirements and organizational complexity. Vermeg's implementation team will work with you to develop a timeline that meets your needs.,implementation,Easy Collateral
What are the advantages of Money for Life?,"You should choose Money for Life because it provides: Improved operational efficiency, Enhanced compliance, Reduced operational risk, Better customer service, Cost optimization. These advantages help organizations achieve their business objectives more effectively.",benefits,Money for Life
What is Vermeg?,"Vermeg is a leading provider of innovative software solutions for the financial services industry. We specialize in regulatory compliance, risk management, digital transformation, and insurance solutions, helping financial institutions optimize their operations and meet regulatory requirements.",general_company,general
What's Optimizer all about?,Vermeg Optimizer is a professional solution designed to meet the specific needs of financial institutions.,general_info,Optimizer
What applications does Default Management have?,"You should consider Default Management for: Business process optimization, Compliance management, Risk management, Customer service enhancement. It's particularly effective in these scenarios.",use_cases,Default Management
What functionality does Optimizer provide?,"Optimizer provides comprehensive functionality including: Professional-grade functionality, Integration capabilities, Compliance support, User-friendly interface, Scalable architecture.",features,Optimizer
How can General help my organization?,"General can help your organization by providing: Improved operational efficiency, Enhanced compliance, Reduced operational risk, Better customer service, Cost optimization. This leads to improved performance and better business outcomes.",benefits,General
When should I use Fast Track?,"You should consider Fast Track for: Business process optimization, Compliance management, Risk management, Customer service enhancement. It's particularly effective in these scenarios.",use_cases,Fast Track
I'd like to know about Digital Commercial Agreement,Vermeg Digital Commercial Agreement is a professional solution designed to meet the specific needs of financial institutions.,general_info,Digital Commercial Agreement
Is Colline suitable for my business?,"Colline is designed to meet diverse business requirements in the financial services industry. To determine if it's suitable for your specific needs, please contact Vermeg for a detailed consultation and assessment.",suitability,Colline
How do I obtain Client Data Collector?,"To implement Client Data Collector, please contact Vermeg directly. Our team will assess your specific needs and provide detailed information about implementation, pricing, and support options.",acquisition,Client Data Collector
What can I do with Default Management?,"Default Management provides comprehensive functionality including: Professional-grade functionality, Integration capabilities, Compliance support, User-friendly interface, Scalable architecture.",features,Default Management
Is Easy Collateral suitable for banking organizations?,Easy Collateral is well-suited for banking organizations as it's designed specifically for the financial services sector. Vermeg has extensive experience working with banking clients and can customize Easy Collateral to meet sector-specific needs and regulatory requirements.,industry_specific,Easy Collateral
How does General add value?,"You should choose General because it provides: Improved operational efficiency, Enhanced compliance, Reduced operational risk, Better customer service, Cost optimization. These advantages help organizations achieve their business objectives more effectively.",benefits,General
What tools does Easy Agreement provide?,"The key features of Easy Agreement include: Digital contract creation, Electronic signatures, Workflow automation, Template management, Compliance tracking.",features,Easy Agreement
How can Vermeg help with digital transformation?,"Vermeg supports digital transformation through solutions like: Xchanger, Xchanger, Client Data Collector, Collateral Email Channel Automation, Default Management.... These tools help organizations modernize their operations, automate processes, and improve customer service.",digital_solutions,general
I'd like to know about Soliam,Vermeg Soliam is a comprehensive asset management platform that provides end-to-end portfolio management capabilities. It offers comprehensive functionality to help organizations improve their operations and meet regulatory requirements.,general_info,Soliam
For what purposes is Easy Agreement designed?,"You should consider Easy Agreement for: Contract management, Digital agreements, Signature workflows, Compliance tracking. It's particularly effective in these scenarios.",use_cases,Easy Agreement
What operations does Colline support?,Colline vermeg colline is a powerful insurance and pension administration platform designed to manage the complete lifecycle of insurance products. The solution helps organizations streamline their processes and achieve better outcomes.,functionality,Colline
What's the setup time for Easy Agreement?,Implementation time for Easy Agreement varies depending on your specific requirements and organizational complexity. Vermeg's implementation team will work with you to develop a timeline that meets your needs.,implementation,Easy Agreement
What positive impact can Client Data Collector have?,"Client Data Collector can help your organization by providing: Improved data quality, Faster onboarding, Enhanced compliance, Reduced manual effort, Better customer experience. This leads to improved performance and better business outcomes.",benefits,Client Data Collector
What platforms does Vermeg offer?,"Vermeg offers several comprehensive platforms including: Colline, General, Megara, Soliam, Solife. These platforms provide end-to-end functionality for various financial services operations.",core_solutions,general
What's the implementation timeline for Megara?,Implementation time for Megara varies depending on your specific requirements and organizational complexity. Vermeg's implementation team will work with you to develop a timeline that meets your needs.,implementation,Megara
What support does Vermeg provide for Fast Track?,"Vermeg provides comprehensive support for Fast Track including implementation services, training, ongoing technical support, maintenance, and updates. Our support team has deep expertise in Fast Track and is committed to ensuring your success with the platform.",support,Fast Track
What processes does Easy Agreement handle?,Easy Agreement vermeg easy agreement is a digital contract management solution that streamlines the agreement process. The solution helps organizations streamline their processes and achieve better outcomes.,functionality,Easy Agreement
What tools does Xchanger provide?,"The key features of Xchanger include: Automated regulatory reporting, Multi-jurisdiction compliance, Real-time data validation, Flexible data transformation, Comprehensive audit trail.",features,Xchanger
What's the delivery timeframe for Fast Track?,Implementation time for Fast Track varies depending on your specific requirements and organizational complexity. Vermeg's implementation team will work with you to develop a timeline that meets your needs.,implementation,Fast Track
What are the features of Oversight Limits?,"The key features of Oversight Limits include: Professional-grade functionality, Integration capabilities, Compliance support, User-friendly interface, Scalable architecture.",features,Oversight Limits
What are the benefits of using Colline?,"The key benefits of Colline include: Streamlines operations, Reduces processing time, Improves customer service, Enhances operational efficiency, Supports business growth.",benefits,Colline
How does Money for Life operate?,Money for Life vermeg money for life is a professional solution designed to meet the specific needs of financial institutions. The solution helps organizations streamline their processes and achieve better outcomes.,functionality,Money for Life
Can you explain Xchanger?,Certainly! Vermeg Xchanger is a comprehensive regulatory reporting platform that helps financial institutions manage their regulatory obligations efficiently. This makes it an ideal choice for organizations looking to enhance their operational capabilities.,general_info,Xchanger
How can my company get Colline?,"To implement Colline, please contact Vermeg directly. Our team will assess your specific needs and provide detailed information about implementation, pricing, and support options.",acquisition,Colline
How can Client Data Collector improve my operations?,"You should choose Client Data Collector because it provides: Improved data quality, Faster onboarding, Enhanced compliance, Reduced manual effort, Better customer experience. These advantages help organizations achieve their business objectives more effectively.",benefits,Client Data Collector
How can I start using Digital Commercial Agreement?,"To implement Digital Commercial Agreement, please contact Vermeg directly. Our team will assess your specific needs and provide detailed information about implementation, pricing, and support options.",acquisition,Digital Commercial Agreement
How do I obtain Easy Collateral?,"To implement Easy Collateral, please contact Vermeg directly. Our team will assess your specific needs and provide detailed information about implementation, pricing, and support options.",acquisition,Easy Collateral
What's the time to value for Digital Commercial Agreement?,Implementation time for Digital Commercial Agreement varies depending on your specific requirements and organizational complexity. Vermeg's implementation team will work with you to develop a timeline that meets your needs.,implementation,Digital Commercial Agreement
Could you describe Collateral Email Channel Automation?,Vermeg Collateral Email Channel Automation is a professional solution designed to meet the specific needs of financial institutions.,general_info,Collateral Email Channel Automation
What's the core function of Easy Collateral?,Easy Collateral vermeg easy collateral is a professional solution designed to meet the specific needs of financial institutions. The solution helps organizations streamline their processes and achieve better outcomes.,functionality,Easy Collateral
How is Easy Agreement typically implemented?,"Easy Agreement helps solve challenges related to: Contract management, Digital agreements, Signature workflows, Compliance tracking. It provides comprehensive solutions for these business needs.",use_cases,Easy Agreement
Describe the features of Easy Agreement,"Easy Agreement offers the following capabilities: Digital contract creation, Electronic signatures, Workflow automation, Template management, Compliance tracking.",features,Easy Agreement
How can I implement Collateral Email Channel Automation?,"To implement Collateral Email Channel Automation, please contact Vermeg directly. Our team will assess your specific needs and provide detailed information about implementation, pricing, and support options.",acquisition,Collateral Email Channel Automation
What functionality does Client Data Collector provide?,"Client Data Collector provides comprehensive functionality including: Multi-channel data collection, Data validation, Automated workflows, Integration capabilities, Compliance tracking.",features,Client Data Collector
What challenges does Fast Track help with?,"Fast Track helps solve challenges related to: Business process optimization, Compliance management, Risk management, Customer service enhancement. It provides comprehensive solutions for these business needs.",use_cases,Fast Track
What's the rollout timeline for Money for Life?,Implementation time for Money for Life varies depending on your specific requirements and organizational complexity. Vermeg's implementation team will work with you to develop a timeline that meets your needs.,implementation,Money for Life
How do I request Fast Track?,"To implement Fast Track, please contact Vermeg directly. Our team will assess your specific needs and provide detailed information about implementation, pricing, and support options.",acquisition,Fast Track
How can I implement Optimizer?,"To implement Optimizer, please contact Vermeg directly. Our team will assess your specific needs and provide detailed information about implementation, pricing, and support options.",acquisition,Optimizer
Why should I choose Soliam?,"You should choose Soliam because it provides: Optimized investment performance, Reduced operational risk, Enhanced compliance, Improved efficiency, Better client service. These advantages help organizations achieve their business objectives more effectively.",benefits,Soliam
Would Individual Life & Health Insurance fit our organization?,"Individual Life & Health Insurance is designed to meet diverse business requirements in the financial services industry. To determine if it's suitable for your specific needs, please contact Vermeg for a detailed consultation and assessment.",suitability,Individual Life & Health Insurance
What value does Colline provide?,"The key benefits of Colline include: Streamlines operations, Reduces processing time, Improves customer service, Enhances operational efficiency, Supports business growth.",benefits,Colline
How can I get Easy Agreement?,"To implement Easy Agreement, please contact Vermeg directly. Our team will assess your specific needs and provide detailed information about implementation, pricing, and support options.",acquisition,Easy Agreement
How can Money for Life improve my operations?,"The key benefits of Money for Life include: Improved operational efficiency, Enhanced compliance, Reduced operational risk, Better customer service, Cost optimization.",benefits,Money for Life
Where can Default Management be applied?,"Default Management is commonly used for: Business process optimization, Compliance management, Risk management, Customer service enhancement.",use_cases,Default Management
How do I request Easy Collateral?,"To implement Easy Collateral, please contact Vermeg directly. Our team will assess your specific needs and provide detailed information about implementation, pricing, and support options.",acquisition,Easy Collateral
What's the core function of Soliam?,Soliam vermeg soliam is a comprehensive asset management platform that provides end-to-end portfolio management capabilities. The solution helps organizations streamline their processes and achieve better outcomes.,functionality,Soliam
What are the steps to get Fast Track?,"To implement Fast Track, please contact Vermeg directly. Our team will assess your specific needs and provide detailed information about implementation, pricing, and support options.",acquisition,Fast Track
Provide details about Default Management,Vermeg Default Management is a professional solution designed to meet the specific needs of financial institutions.,general_info,Default Management
Is Default Management suitable for my business?,"Default Management is designed to meet diverse business requirements in the financial services industry. To determine if it's suitable for your specific needs, please contact Vermeg for a detailed consultation and assessment.",suitability,Default Management
Can Client Data Collector be used in asset management?,"Yes, Client Data Collector is designed for the financial services industry and can be effectively used in asset management. Vermeg's solutions are built with deep understanding of various financial sectors. Contact Vermeg to discuss how Client Data Collector can be tailored to your specific asset management requirements.",industry_specific,Client Data Collector
How does Client Data Collector add value?,"Client Data Collector can help your organization by providing: Improved data quality, Faster onboarding, Enhanced compliance, Reduced manual effort, Better customer experience. This leads to improved performance and better business outcomes.",benefits,Client Data Collector
How can Oversight Limits improve my operations?,"The key benefits of Oversight Limits include: Improved operational efficiency, Enhanced compliance, Reduced operational risk, Better customer service, Cost optimization.",benefits,Oversight Limits
How does Money for Life compare to other Vermeg solutions?,"Money for Life is one of Vermeg's specialized solutions with unique capabilities. Each Vermeg solution is designed for specific use cases. To understand how Money for Life compares to other solutions for your specific needs, please contact Vermeg for a detailed comparison and consultation.",comparison,Money for Life
How can my company get Client Data Collector?,"To implement Client Data Collector, please contact Vermeg directly. Our team will assess your specific needs and provide detailed information about implementation, pricing, and support options.",acquisition,Client Data Collector
Is Collateral Email Channel Automation suitable for insurance organizations?,Collateral Email Channel Automation is well-suited for insurance organizations as it's designed specifically for the financial services sector. Vermeg has extensive experience working with insurance clients and can customize Collateral Email Channel Automation to meet sector-specific needs and regulatory requirements.,industry_specific,Collateral Email Channel Automation
Is Oversight Limits suitable for my business?,"Oversight Limits is designed to meet diverse business requirements in the financial services industry. To determine if it's suitable for your specific needs, please contact Vermeg for a detailed consultation and assessment.",suitability,Oversight Limits
What operations does Easy Collateral support?,Easy Collateral vermeg easy collateral is a professional solution designed to meet the specific needs of financial institutions. The solution helps organizations streamline their processes and achieve better outcomes.,functionality,Easy Collateral
How does Client Data Collector serve its purpose?,Client Data Collector vermeg client data collector is a solution for efficient collection and management of client data across multiple channels. The solution helps organizations streamline their processes and achieve better outcomes.,functionality,Client Data Collector
Would Digital Commercial Agreement fit our organization?,"Digital Commercial Agreement is designed to meet diverse business requirements in the financial services industry. To determine if it's suitable for your specific needs, please contact Vermeg for a detailed consultation and assessment.",suitability,Digital Commercial Agreement
What's the process to acquire Soliam?,"To implement Soliam, please contact Vermeg directly. Our team will assess your specific needs and provide detailed information about implementation, pricing, and support options.",acquisition,Soliam
How can I start using Optimizer?,"To implement Optimizer, please contact Vermeg directly. Our team will assess your specific needs and provide detailed information about implementation, pricing, and support options.",acquisition,Optimizer
How is Oversight Limits typically implemented?,"Oversight Limits is commonly used for: Business process optimization, Compliance management, Risk management, Customer service enhancement.",use_cases,Oversight Limits
What are the main capabilities of Oversight Limits?,"Oversight Limits offers the following capabilities: Professional-grade functionality, Integration capabilities, Compliance support, User-friendly interface, Scalable architecture.",features,Oversight Limits
What's the setup time for Fast Track?,Implementation time for Fast Track varies depending on your specific requirements and organizational complexity. Vermeg's implementation team will work with you to develop a timeline that meets your needs.,implementation,Fast Track
Tell me about Solife,Vermeg Solife is a comprehensive life insurance platform that manages the entire lifecycle of life insurance products. It offers comprehensive functionality to help organizations improve their operations and meet regulatory requirements.,general_info,Solife
Is Collateral Email Channel Automation better than competing products?,"Collateral Email Channel Automation is designed with Vermeg's expertise in financial services to provide superior functionality and value. The best choice depends on your specific requirements, existing infrastructure, and business objectives. Contact Vermeg for a detailed comparison with your current solutions.",comparison,Collateral Email Channel Automation
Tell me about Megara,Vermeg Megara is an advanced analytics and risk management platform that provides comprehensive insights for financial institutions. It offers comprehensive functionality to help organizations improve their operations and meet regulatory requirements.,general_info,Megara
What tasks does General perform?,General vermeg general is a professional solution designed to meet the specific needs of financial institutions. The solution helps organizations streamline their processes and achieve better outcomes.,functionality,General
How is Fast Track typically implemented?,"Fast Track is commonly used for: Business process optimization, Compliance management, Risk management, Customer service enhancement.",use_cases,Fast Track
What are the features of Megara?,"The key features of Megara include: Advanced analytics, Risk assessment, Portfolio management, Stress testing, Real-time monitoring.",features,Megara
What functions does Client Data Collector offer?,"The key features of Client Data Collector include: Multi-channel data collection, Data validation, Automated workflows, Integration capabilities, Compliance tracking.",features,Client Data Collector
How does Client Data Collector compare to other Vermeg solutions?,"Client Data Collector is one of Vermeg's specialized solutions with unique capabilities. Each Vermeg solution is designed for specific use cases. To understand how Client Data Collector compares to other solutions for your specific needs, please contact Vermeg for a detailed comparison and consultation.",comparison,Client Data Collector
What does Fast Track offer in terms of features?,"The key features of Fast Track include: Professional-grade functionality, Integration capabilities, Compliance support, User-friendly interface, Scalable architecture.",features,Fast Track
What's the procurement process for Default Management?,"To implement Default Management, please contact Vermeg directly. Our team will assess your specific needs and provide detailed information about implementation, pricing, and support options.",acquisition,Default Management
What capabilities does Colline have?,"Colline offers the following capabilities: Policy administration, Claims management, Premium calculation, Workflow automation, Multi-product support.",features,Colline
What are the features of Xchanger?,"The key features of Xchanger include: Automated regulatory reporting, Multi-jurisdiction compliance, Real-time data validation, Flexible data transformation, Comprehensive audit trail.",features,Xchanger
Is Fast Track suitable for banking organizations?,Fast Track is well-suited for banking organizations as it's designed specifically for the financial services sector. Vermeg has extensive experience working with banking clients and can customize Fast Track to meet sector-specific needs and regulatory requirements.,industry_specific,Fast Track
What business problems can Digital Commercial Agreement address?,"You should consider Digital Commercial Agreement for: Business process optimization, Compliance management, Risk management, Customer service enhancement. It's particularly effective in these scenarios.",use_cases,Digital Commercial Agreement
Can Individual Life & Health Insurance work in our environment?,"Individual Life & Health Insurance is designed to meet diverse business requirements in the financial services industry. To determine if it's suitable for your specific needs, please contact Vermeg for a detailed consultation and assessment.",suitability,Individual Life & Health Insurance
What are Easy Agreement's key features?,"Easy Agreement offers the following capabilities: Digital contract creation, Electronic signatures, Workflow automation, Template management, Compliance tracking.",features,Easy Agreement
Help me understand Fast Track,Vermeg Fast Track is a professional solution designed to meet the specific needs of financial institutions.,general_info,Fast Track
What job does Digital Commercial Agreement do?,Digital Commercial Agreement vermeg digital commercial agreement is a professional solution designed to meet the specific needs of financial institutions. The solution helps organizations streamline their processes and achieve better outcomes.,functionality,Digital Commercial Agreement
Where can Collateral Email Channel Automation be applied?,"Collateral Email Channel Automation is commonly used for: Business process optimization, Compliance management, Risk management, Customer service enhancement.",use_cases,Collateral Email Channel Automation
How does Fast Track add value?,"The key benefits of Fast Track include: Improved operational efficiency, Enhanced compliance, Reduced operational risk, Better customer service, Cost optimization.",benefits,Fast Track
List the features of Colline,"The key features of Colline include: Policy administration, Claims management, Premium calculation, Workflow automation, Multi-product support.",features,Colline
What can I do with Megara?,"The key features of Megara include: Advanced analytics, Risk assessment, Portfolio management, Stress testing, Real-time monitoring.",features,Megara
What should I know about Fast Track?,Vermeg Fast Track is a professional solution designed to meet the specific needs of financial institutions. It offers comprehensive functionality to help organizations improve their operations and meet regulatory requirements.,general_info,Fast Track
Can Soliam meet our needs?,"Soliam is designed to meet diverse business requirements in the financial services industry. To determine if it's suitable for your specific needs, please contact Vermeg for a detailed consultation and assessment.",suitability,Soliam
Can you explain Easy Agreement?,Certainly! Vermeg Easy Agreement is a digital contract management solution that streamlines the agreement process. This makes it an ideal choice for organizations looking to enhance their operational capabilities.,general_info,Easy Agreement
I'm interested in learning about Digital Commercial Agreement,Vermeg Digital Commercial Agreement is a professional solution designed to meet the specific needs of financial institutions.,general_info,Digital Commercial Agreement
What are the features of Digital Commercial Agreement?,"The key features of Digital Commercial Agreement include: Professional-grade functionality, Integration capabilities, Compliance support, User-friendly interface, Scalable architecture.",features,Digital Commercial Agreement
What are the advantages of Colline?,"Colline can help your organization by providing: Streamlines operations, Reduces processing time, Improves customer service, Enhances operational efficiency, Supports business growth. This leads to improved performance and better business outcomes.",benefits,Colline
Describe the features of Default Management,"The key features of Default Management include: Professional-grade functionality, Integration capabilities, Compliance support, User-friendly interface, Scalable architecture.",features,Default Management
What makes Group Insurance Member Enrolment valuable?,"The key benefits of Group Insurance Member Enrolment include: Improved operational efficiency, Enhanced compliance, Reduced operational risk, Better customer service, Cost optimization.",benefits,Group Insurance Member Enrolment
Describe the features of Digital Commercial Agreement,"Digital Commercial Agreement offers the following capabilities: Professional-grade functionality, Integration capabilities, Compliance support, User-friendly interface, Scalable architecture.",features,Digital Commercial Agreement
How quickly can Solife be deployed?,Implementation time for Solife varies depending on your specific requirements and organizational complexity. Vermeg's implementation team will work with you to develop a timeline that meets your needs.,implementation,Solife
What are the main capabilities of Easy Agreement?,"Easy Agreement offers the following capabilities: Digital contract creation, Electronic signatures, Workflow automation, Template management, Compliance tracking.",features,Easy Agreement
What can I do with Easy Collateral?,"The key features of Easy Collateral include: Professional-grade functionality, Integration capabilities, Compliance support, User-friendly interface, Scalable architecture.",features,Easy Collateral
What's needed to get Megara?,"To implement Megara, please contact Vermeg directly. Our team will assess your specific needs and provide detailed information about implementation, pricing, and support options.",acquisition,Megara
Is Easy Collateral suitable for insurance organizations?,Easy Collateral is well-suited for insurance organizations as it's designed specifically for the financial services sector. Vermeg has extensive experience working with insurance clients and can customize Easy Collateral to meet sector-specific needs and regulatory requirements.,industry_specific,Easy Collateral
How long is the deployment process for Optimizer?,Implementation time for Optimizer varies depending on your specific requirements and organizational complexity. Vermeg's implementation team will work with you to develop a timeline that meets your needs.,implementation,Optimizer
When is Individual Life & Health Insurance most effective?,"Individual Life & Health Insurance is commonly used for: Business process optimization, Compliance management, Risk management, Customer service enhancement.",use_cases,Individual Life & Health Insurance
How can my company get Group Insurance Member Enrolment?,"To implement Group Insurance Member Enrolment, please contact Vermeg directly. Our team will assess your specific needs and provide detailed information about implementation, pricing, and support options.",acquisition,Group Insurance Member Enrolment
How do I request General?,"To implement General, please contact Vermeg directly. Our team will assess your specific needs and provide detailed information about implementation, pricing, and support options.",acquisition,General
Can Money for Life be used in banking?,"Yes, Money for Life is designed for the financial services industry and can be effectively used in banking. Vermeg's solutions are built with deep understanding of various financial sectors. Contact Vermeg to discuss how Money for Life can be tailored to your specific banking requirements.",industry_specific,Money for Life
I need information on Group Insurance Member Enrolment,Vermeg Group Insurance Member Enrolment is a professional solution designed to meet the specific needs of financial institutions.,general_info,Group Insurance Member Enrolment
What are the technical capabilities of Colline?,"The key features of Colline include: Policy administration, Claims management, Premium calculation, Workflow automation, Multi-product support.",features,Colline
What problems does General solve?,"General helps solve challenges related to: Business process optimization, Compliance management, Risk management, Customer service enhancement. It provides comprehensive solutions for these business needs.",use_cases,General
How can I purchase Oversight Limits?,"To implement Oversight Limits, please contact Vermeg directly. Our team will assess your specific needs and provide detailed information about implementation, pricing, and support options.",acquisition,Oversight Limits
What regulatory frameworks does Vermeg support?,"Vermeg supports numerous regulatory frameworks including MiFID II, EMIR, Solvency II, Basel III, IFRS, GDPR, and many others. Our solutions are regularly updated to ensure compliance with evolving regulatory requirements.",compliance,general
How does General serve its purpose?,General vermeg general is a professional solution designed to meet the specific needs of financial institutions. The solution helps organizations streamline their processes and achieve better outcomes.,functionality,General
What capabilities does Fast Track have?,"Fast Track offers the following capabilities: Professional-grade functionality, Integration capabilities, Compliance support, User-friendly interface, Scalable architecture.",features,Fast Track
What tools does Soliam provide?,"The key features of Soliam include: Portfolio management, Trade execution, Risk monitoring, Performance analysis, Compliance management.",features,Soliam
What business problems can Money for Life address?,"Money for Life helps solve challenges related to: Business process optimization, Compliance management, Risk management, Customer service enhancement. It provides comprehensive solutions for these business needs.",use_cases,Money for Life
In which industries is Easy Agreement used?,"You should consider Easy Agreement for: Contract management, Digital agreements, Signature workflows, Compliance tracking. It's particularly effective in these scenarios.",use_cases,Easy Agreement
How does Fast Track compare to other Vermeg solutions?,"Fast Track is one of Vermeg's specialized solutions with unique capabilities. Each Vermeg solution is designed for specific use cases. To understand how Fast Track compares to other solutions for your specific needs, please contact Vermeg for a detailed comparison and consultation.",comparison,Fast Track
Can Collateral Email Channel Automation be used in insurance?,"Yes, Collateral Email Channel Automation is designed for the financial services industry and can be effectively used in insurance. Vermeg's solutions are built with deep understanding of various financial sectors. Contact Vermeg to discuss how Collateral Email Channel Automation can be tailored to your specific insurance requirements.",industry_specific,Collateral Email Channel Automation
How does Xchanger help?,Xchanger vermeg xchanger is a comprehensive regulatory reporting platform that helps financial institutions manage their regulatory obligations efficiently. The solution helps organizations streamline their processes and achieve better outcomes.,functionality,Xchanger
What's the rollout timeline for Optimizer?,Implementation time for Optimizer varies depending on your specific requirements and organizational complexity. Vermeg's implementation team will work with you to develop a timeline that meets your needs.,implementation,Optimizer
What can you tell me about Oversight Limits?,Vermeg Oversight Limits is a professional solution designed to meet the specific needs of financial institutions. It offers comprehensive functionality to help organizations improve their operations and meet regulatory requirements.,general_info,Oversight Limits
Can Oversight Limits be used in asset management?,"Yes, Oversight Limits is designed for the financial services industry and can be effectively used in asset management. Vermeg's solutions are built with deep understanding of various financial sectors. Contact Vermeg to discuss how Oversight Limits can be tailored to your specific asset management requirements.",industry_specific,Oversight Limits
Can Easy Collateral meet our needs?,"Easy Collateral is designed to meet diverse business requirements in the financial services industry. To determine if it's suitable for your specific needs, please contact Vermeg for a detailed consultation and assessment.",suitability,Easy Collateral
How will General benefit my business?,"You should choose General because it provides: Improved operational efficiency, Enhanced compliance, Reduced operational risk, Better customer service, Cost optimization. These advantages help organizations achieve their business objectives more effectively.",benefits,General
What ROI can I expect from Oversight Limits?,"You should choose Oversight Limits because it provides: Improved operational efficiency, Enhanced compliance, Reduced operational risk, Better customer service, Cost optimization. These advantages help organizations achieve their business objectives more effectively.",benefits,Oversight Limits
What capabilities does Money for Life have?,"Money for Life offers the following capabilities: Professional-grade functionality, Integration capabilities, Compliance support, User-friendly interface, Scalable architecture.",features,Money for Life
Can Easy Collateral be used in banking?,"Yes, Easy Collateral is designed for the financial services industry and can be effectively used in banking. Vermeg's solutions are built with deep understanding of various financial sectors. Contact Vermeg to discuss how Easy Collateral can be tailored to your specific banking requirements.",industry_specific,Easy Collateral
Can Collateral Email Channel Automation be used in banking?,"Yes, Collateral Email Channel Automation is designed for the financial services industry and can be effectively used in banking. Vermeg's solutions are built with deep understanding of various financial sectors. Contact Vermeg to discuss how Collateral Email Channel Automation can be tailored to your specific banking requirements.",industry_specific,Collateral Email Channel Automation
What are the use cases for Digital Commercial Agreement?,"Digital Commercial Agreement is commonly used for: Business process optimization, Compliance management, Risk management, Customer service enhancement.",use_cases,Digital Commercial Agreement
Could you describe Colline?,Vermeg Colline is a powerful insurance and pension administration platform designed to manage the complete lifecycle of insurance products.,general_info,Colline
What's the core function of Xchanger?,Xchanger vermeg xchanger is a comprehensive regulatory reporting platform that helps financial institutions manage their regulatory obligations efficiently. The solution helps organizations streamline their processes and achieve better outcomes.,functionality,Xchanger
Could you describe General?,Vermeg General is a professional solution designed to meet the specific needs of financial institutions. It offers comprehensive functionality to help organizations improve their operations and meet regulatory requirements.,general_info,General
What are the benefits of using Fast Track?,"The key benefits of Fast Track include: Improved operational efficiency, Enhanced compliance, Reduced operational risk, Better customer service, Cost optimization.",benefits,Fast Track
How can Megara help my organization?,"Megara can help your organization by providing: Enhanced risk visibility, Better decision making, Improved portfolio performance, Regulatory compliance, Operational efficiency. This leads to improved performance and better business outcomes.",benefits,Megara
In what situations is Fast Track useful?,"You should consider Fast Track for: Business process optimization, Compliance management, Risk management, Customer service enhancement. It's particularly effective in these scenarios.",use_cases,Fast Track
What is Group Insurance Member Enrolment?,Vermeg Group Insurance Member Enrolment is a professional solution designed to meet the specific needs of financial institutions.,general_info,Group Insurance Member Enrolment
What processes does Easy Collateral handle?,Easy Collateral vermeg easy collateral is a professional solution designed to meet the specific needs of financial institutions. The solution helps organizations streamline their processes and achieve better outcomes.,functionality,Easy Collateral
Where can Individual Life & Health Insurance be applied?,"Individual Life & Health Insurance helps solve challenges related to: Business process optimization, Compliance management, Risk management, Customer service enhancement. It provides comprehensive solutions for these business needs.",use_cases,Individual Life & Health Insurance
What is Easy Agreement?,Vermeg Easy Agreement is a digital contract management solution that streamlines the agreement process.,general_info,Easy Agreement
Can Oversight Limits integrate with our existing systems?,"Yes, Oversight Limits is designed with integration capabilities to work with existing financial systems. Vermeg provides comprehensive integration support and can work with your IT team to ensure seamless connectivity with your current infrastructure and applications.",technical,Oversight Limits
How is Digital Commercial Agreement typically implemented?,"Digital Commercial Agreement is commonly used for: Business process optimization, Compliance management, Risk management, Customer service enhancement.",use_cases,Digital Commercial Agreement
Would Group Insurance Member Enrolment be suitable for our requirements?,"Group Insurance Member Enrolment is designed to meet diverse business requirements in the financial services industry. To determine if it's suitable for your specific needs, please contact Vermeg for a detailed consultation and assessment.",suitability,Group Insurance Member Enrolment
What are the benefits of using Oversight Limits?,"The key benefits of Oversight Limits include: Improved operational efficiency, Enhanced compliance, Reduced operational risk, Better customer service, Cost optimization.",benefits,Oversight Limits
What is Xchanger?,Vermeg Xchanger is a comprehensive regulatory reporting platform that helps financial institutions manage their regulatory obligations efficiently.,general_info,Xchanger
I'd like to know about Group Insurance Member Enrolment,Vermeg Group Insurance Member Enrolment is a professional solution designed to meet the specific needs of financial institutions.,general_info,Group Insurance Member Enrolment
Would Individual Life & Health Insurance benefit our type of business?,"Individual Life & Health Insurance is designed to meet diverse business requirements in the financial services industry. To determine if it's suitable for your specific needs, please contact Vermeg for a detailed consultation and assessment.",suitability,Individual Life & Health Insurance
What's the time to value for Megara?,Implementation time for Megara varies depending on your specific requirements and organizational complexity. Vermeg's implementation team will work with you to develop a timeline that meets your needs.,implementation,Megara
What's the core function of General?,General vermeg general is a professional solution designed to meet the specific needs of financial institutions. The solution helps organizations streamline their processes and achieve better outcomes.,functionality,General
Where can Optimizer be applied?,"Optimizer is commonly used for: Business process optimization, Compliance management, Risk management, Customer service enhancement.",use_cases,Optimizer
Would Easy Collateral work for my company?,"Easy Collateral is designed to meet diverse business requirements in the financial services industry. To determine if it's suitable for your specific needs, please contact Vermeg for a detailed consultation and assessment.",suitability,Easy Collateral
What types of organizations use Optimizer?,"You should consider Optimizer for: Business process optimization, Compliance management, Risk management, Customer service enhancement. It's particularly effective in these scenarios.",use_cases,Optimizer
What is Fast Track?,Vermeg Fast Track is a professional solution designed to meet the specific needs of financial institutions.,general_info,Fast Track
Provide details about Collateral Email Channel Automation,Certainly! Vermeg Collateral Email Channel Automation is a professional solution designed to meet the specific needs of financial institutions. This makes it an ideal choice for organizations looking to enhance their operational capabilities.,general_info,Collateral Email Channel Automation
How can I start using Easy Collateral?,"To implement Easy Collateral, please contact Vermeg directly. Our team will assess your specific needs and provide detailed information about implementation, pricing, and support options.",acquisition,Easy Collateral
What can you tell me about Group Insurance Member Enrolment?,Certainly! Vermeg Group Insurance Member Enrolment is a professional solution designed to meet the specific needs of financial institutions. This makes it an ideal choice for organizations looking to enhance their operational capabilities.,general_info,Group Insurance Member Enrolment
When should I use Easy Collateral?,"You should consider Easy Collateral for: Business process optimization, Compliance management, Risk management, Customer service enhancement. It's particularly effective in these scenarios.",use_cases,Easy Collateral
What functions does Solife offer?,"The key features of Solife include: Policy administration, Premium management, Claims processing, Regulatory compliance, Customer management.",features,Solife
What are the use cases for Optimizer?,"Optimizer is commonly used for: Business process optimization, Compliance management, Risk management, Customer service enhancement.",use_cases,Optimizer
What are the benefits of using Optimizer?,"The key benefits of Optimizer include: Improved operational efficiency, Enhanced compliance, Reduced operational risk, Better customer service, Cost optimization.",benefits,Optimizer
What is Oversight Limits?,Vermeg Oversight Limits is a professional solution designed to meet the specific needs of financial institutions.,general_info,Oversight Limits
How long does it take to implement Colline?,Implementation time for Colline varies depending on your specific requirements and organizational complexity. Vermeg's implementation team will work with you to develop a timeline that meets your needs.,implementation,Colline
What's the rollout timeline for Megara?,Implementation time for Megara varies depending on your specific requirements and organizational complexity. Vermeg's implementation team will work with you to develop a timeline that meets your needs.,implementation,Megara
What's Easy Collateral all about?,Vermeg Easy Collateral is a professional solution designed to meet the specific needs of financial institutions. It offers comprehensive functionality to help organizations improve their operations and meet regulatory requirements.,general_info,Easy Collateral
How does Soliam serve its purpose?,Soliam vermeg soliam is a comprehensive asset management platform that provides end-to-end portfolio management capabilities. The solution helps organizations streamline their processes and achieve better outcomes.,functionality,Soliam
When can we expect Colline to be ready?,Implementation time for Colline varies depending on your specific requirements and organizational complexity. Vermeg's implementation team will work with you to develop a timeline that meets your needs.,implementation,Colline
What's the implementation duration for Digital Commercial Agreement?,Implementation time for Digital Commercial Agreement varies depending on your specific requirements and organizational complexity. Vermeg's implementation team will work with you to develop a timeline that meets your needs.,implementation,Digital Commercial Agreement
What are the technical capabilities of Optimizer?,"Optimizer provides comprehensive functionality including: Professional-grade functionality, Integration capabilities, Compliance support, User-friendly interface, Scalable architecture.",features,Optimizer
How can Default Management improve my operations?,"The key benefits of Default Management include: Improved operational efficiency, Enhanced compliance, Reduced operational risk, Better customer service, Cost optimization.",benefits,Default Management
Is Optimizer appropriate for my needs?,"Optimizer is designed to meet diverse business requirements in the financial services industry. To determine if it's suitable for your specific needs, please contact Vermeg for a detailed consultation and assessment.",suitability,Optimizer
What is the purpose of Soliam?,Soliam vermeg soliam is a comprehensive asset management platform that provides end-to-end portfolio management capabilities. The solution helps organizations streamline their processes and achieve better outcomes.,functionality,Soliam
Tell me about Individual Life & Health Insurance,Vermeg Individual Life & Health Insurance is a professional solution designed to meet the specific needs of financial institutions. It offers comprehensive functionality to help organizations improve their operations and meet regulatory requirements.,general_info,Individual Life & Health Insurance
What applications does Optimizer have?,"You should consider Optimizer for: Business process optimization, Compliance management, Risk management, Customer service enhancement. It's particularly effective in these scenarios.",use_cases,Optimizer
What's the procurement process for Collateral Email Channel Automation?,"To implement Collateral Email Channel Automation, please contact Vermeg directly. Our team will assess your specific needs and provide detailed information about implementation, pricing, and support options.",acquisition,Collateral Email Channel Automation
How do I buy Oversight Limits?,"To implement Oversight Limits, please contact Vermeg directly. Our team will assess your specific needs and provide detailed information about implementation, pricing, and support options.",acquisition,Oversight Limits
What are the technical requirements for Money for Life?,"The technical requirements for Money for Life depend on your specific deployment scenario, data volumes, and integration needs. Vermeg's technical team will work with you to assess your infrastructure and provide detailed technical specifications and requirements for Money for Life.",technical,Money for Life
What can I do with Xchanger?,"Xchanger offers the following capabilities: Automated regulatory reporting, Multi-jurisdiction compliance, Real-time data validation, Flexible data transformation, Comprehensive audit trail.",features,Xchanger
How do I buy Group Insurance Member Enrolment?,"To implement Group Insurance Member Enrolment, please contact Vermeg directly. Our team will assess your specific needs and provide detailed information about implementation, pricing, and support options.",acquisition,Group Insurance Member Enrolment
Tell me about Soliam,Vermeg Soliam is a comprehensive asset management platform that provides end-to-end portfolio management capabilities. It offers comprehensive functionality to help organizations improve their operations and meet regulatory requirements.,general_info,Soliam
Why should I choose Oversight Limits?,"You should choose Oversight Limits because it provides: Improved operational efficiency, Enhanced compliance, Reduced operational risk, Better customer service, Cost optimization. These advantages help organizations achieve their business objectives more effectively.",benefits,Oversight Limits
What's the core function of Client Data Collector?,Client Data Collector vermeg client data collector is a solution for efficient collection and management of client data across multiple channels. The solution helps organizations streamline their processes and achieve better outcomes.,functionality,Client Data Collector
What's the rollout timeline for Individual Life & Health Insurance?,Implementation time for Individual Life & Health Insurance varies depending on your specific requirements and organizational complexity. Vermeg's implementation team will work with you to develop a timeline that meets your needs.,implementation,Individual Life & Health Insurance
What ROI can I expect from Soliam?,"Soliam can help your organization by providing: Optimized investment performance, Reduced operational risk, Enhanced compliance, Improved efficiency, Better client service. This leads to improved performance and better business outcomes.",benefits,Soliam
When should I use Money for Life?,"You should consider Money for Life for: Business process optimization, Compliance management, Risk management, Customer service enhancement. It's particularly effective in these scenarios.",use_cases,Money for Life
What advantages does Colline offer?,"You should choose Colline because it provides: Streamlines operations, Reduces processing time, Improves customer service, Enhances operational efficiency, Supports business growth. These advantages help organizations achieve their business objectives more effectively.",benefits,Colline
Is Group Insurance Member Enrolment appropriate for my needs?,"Group Insurance Member Enrolment is designed to meet diverse business requirements in the financial services industry. To determine if it's suitable for your specific needs, please contact Vermeg for a detailed consultation and assessment.",suitability,Group Insurance Member Enrolment
When is Client Data Collector most effective?,"Client Data Collector is commonly used for: Customer onboarding, KYC processes, Data management, Compliance monitoring.",use_cases,Client Data Collector
How does General work?,General vermeg general is a professional solution designed to meet the specific needs of financial institutions. The solution helps organizations streamline their processes and achieve better outcomes.,functionality,General
Why should I choose Default Management?,"You should choose Default Management because it provides: Improved operational efficiency, Enhanced compliance, Reduced operational risk, Better customer service, Cost optimization. These advantages help organizations achieve their business objectives more effectively.",benefits,Default Management
Give me information about Megara,Vermeg Megara is an advanced analytics and risk management platform that provides comprehensive insights for financial institutions. It offers comprehensive functionality to help organizations improve their operations and meet regulatory requirements.,general_info,Megara
Can Solife be used in insurance?,"Yes, Solife is designed for the financial services industry and can be effectively used in insurance. Vermeg's solutions are built with deep understanding of various financial sectors. Contact Vermeg to discuss how Solife can be tailored to your specific insurance requirements.",industry_specific,Solife
What can I do with Fast Track?,"Fast Track offers the following capabilities: Professional-grade functionality, Integration capabilities, Compliance support, User-friendly interface, Scalable architecture.",features,Fast Track
Would Collateral Email Channel Automation fit our organization?,"Collateral Email Channel Automation is designed to meet diverse business requirements in the financial services industry. To determine if it's suitable for your specific needs, please contact Vermeg for a detailed consultation and assessment.",suitability,Collateral Email Channel Automation
What functionality does Easy Collateral provide?,"Easy Collateral provides comprehensive functionality including: Professional-grade functionality, Integration capabilities, Compliance support, User-friendly interface, Scalable architecture.",features,Easy Collateral
What is Soliam?,Vermeg Soliam is a comprehensive asset management platform that provides end-to-end portfolio management capabilities.,general_info,Soliam
How long does it take to implement Solife?,Implementation time for Solife varies depending on your specific requirements and organizational complexity. Vermeg's implementation team will work with you to develop a timeline that meets your needs.,implementation,Solife
Is Megara appropriate for my needs?,"Megara is designed to meet diverse business requirements in the financial services industry. To determine if it's suitable for your specific needs, please contact Vermeg for a detailed consultation and assessment.",suitability,Megara
What are the features of Client Data Collector?,"The key features of Client Data Collector include: Multi-channel data collection, Data validation, Automated workflows, Integration capabilities, Compliance tracking.",features,Client Data Collector
What business needs does Easy Agreement meet?,"Easy Agreement is commonly used for: Contract management, Digital agreements, Signature workflows, Compliance tracking.",use_cases,Easy Agreement
Tell me about Money for Life,Vermeg Money for Life is a professional solution designed to meet the specific needs of financial institutions. It offers comprehensive functionality to help organizations improve their operations and meet regulatory requirements.,general_info,Money for Life
What are Individual Life & Health Insurance's key features?,"The key features of Individual Life & Health Insurance include: Professional-grade functionality, Integration capabilities, Compliance support, User-friendly interface, Scalable architecture.",features,Individual Life & Health Insurance
What's the time to value for Solife?,Implementation time for Solife varies depending on your specific requirements and organizational complexity. Vermeg's implementation team will work with you to develop a timeline that meets your needs.,implementation,Solife
Why should I choose General?,"You should choose General because it provides: Improved operational efficiency, Enhanced compliance, Reduced operational risk, Better customer service, Cost optimization. These advantages help organizations achieve their business objectives more effectively.",benefits,General
What job does Fast Track do?,Fast Track vermeg fast track is a professional solution designed to meet the specific needs of financial institutions. The solution helps organizations streamline their processes and achieve better outcomes.,functionality,Fast Track
How is Xchanger typically implemented?,"You should consider Xchanger for: Regulatory reporting, Risk management, Data quality management, Compliance monitoring. It's particularly effective in these scenarios.",use_cases,Xchanger
Give me information about General,Vermeg General is a professional solution designed to meet the specific needs of financial institutions. It offers comprehensive functionality to help organizations improve their operations and meet regulatory requirements.,general_info,General
How can Collateral Email Channel Automation help my organization?,"Collateral Email Channel Automation can help your organization by providing: Improved operational efficiency, Enhanced compliance, Reduced operational risk, Better customer service, Cost optimization. This leads to improved performance and better business outcomes.",benefits,Collateral Email Channel Automation
How long does it take to implement Fast Track?,Implementation time for Fast Track varies depending on your specific requirements and organizational complexity. Vermeg's implementation team will work with you to develop a timeline that meets your needs.,implementation,Fast Track
Help me understand Digital Commercial Agreement,Vermeg Digital Commercial Agreement is a professional solution designed to meet the specific needs of financial institutions.,general_info,Digital Commercial Agreement
What can I do with Collateral Email Channel Automation?,"Collateral Email Channel Automation provides comprehensive functionality including: Professional-grade functionality, Integration capabilities, Compliance support, User-friendly interface, Scalable architecture.",features,Collateral Email Channel Automation
Is Megara suitable for my business?,"Megara is designed to meet diverse business requirements in the financial services industry. To determine if it's suitable for your specific needs, please contact Vermeg for a detailed consultation and assessment.",suitability,Megara
How does Megara compare to other Vermeg solutions?,"Megara is one of Vermeg's specialized solutions with unique capabilities. Each Vermeg solution is designed for specific use cases. To understand how Megara compares to other solutions for your specific needs, please contact Vermeg for a detailed comparison and consultation.",comparison,Megara
What makes Digital Commercial Agreement different from other solutions?,Digital Commercial Agreement has distinctive features and capabilities that set it apart. The specific differences depend on your requirements and the solutions you're comparing. Vermeg can provide a detailed analysis of how Digital Commercial Agreement differs from other options in the market.,comparison,Digital Commercial Agreement
Tell me about Individual Life & Health Insurance's features,"The key features of Individual Life & Health Insurance include: Professional-grade functionality, Integration capabilities, Compliance support, User-friendly interface, Scalable architecture.",features,Individual Life & Health Insurance
