question,answer,category,solution
What is Xchanger?,Vermeg Xchanger is a comprehensive regulatory reporting platform that helps financial institutions manage their regulatory obligations efficiently.,general_info,Xchanger
Tell me about Xchanger,Vermeg Xchanger is a comprehensive regulatory reporting platform that helps financial institutions manage their regulatory obligations efficiently. It offers comprehensive functionality to help organizations improve their operations and meet regulatory requirements.,general_info,Xchanger
What does Xchanger do?,Xchanger vermeg xchanger is a comprehensive regulatory reporting platform that helps financial institutions manage their regulatory obligations efficiently. The solution helps organizations streamline their processes and achieve better outcomes.,functionality,Xchanger
Can you explain Xchanger?,Certainly! Vermeg Xchanger is a comprehensive regulatory reporting platform that helps financial institutions manage their regulatory obligations efficiently. This makes it an ideal choice for organizations looking to enhance their operational capabilities.,general_info,Xchanger
What are the features of Xchanger?,"The key features of Xchanger include: Automated regulatory reporting, Multi-jurisdiction compliance, Real-time data validation, Flexible data transformation, Comprehensive audit trail.",features,Xchanger
What capabilities does Xchanger have?,"Xchanger offers the following capabilities: Automated regulatory reporting, Multi-jurisdiction compliance, Real-time data validation, Flexible data transformation, Comprehensive audit trail.",features,Xchanger
What functionality does Xchanger provide?,"Xchanger provides comprehensive functionality including: Automated regulatory reporting, Multi-jurisdiction compliance, Real-time data validation, Flexible data transformation, Comprehensive audit trail.",features,Xchanger
What are the benefits of using Xchanger?,"The key benefits of Xchanger include: Reduces compliance costs, Minimizes regulatory risk, Improves data quality, Accelerates reporting processes, Ensures regulatory compliance.",benefits,Xchanger
Why should I choose Xchanger?,"You should choose Xchanger because it provides: Reduces compliance costs, Minimizes regulatory risk, Improves data quality, Accelerates reporting processes, Ensures regulatory compliance. These advantages help organizations achieve their business objectives more effectively.",benefits,Xchanger
How can Xchanger help my organization?,"Xchanger can help your organization by providing: Reduces compliance costs, Minimizes regulatory risk, Improves data quality, Accelerates reporting processes, Ensures regulatory compliance. This leads to improved performance and better business outcomes.",benefits,Xchanger
What are the use cases for Xchanger?,"Xchanger is commonly used for: Regulatory reporting, Risk management, Data quality management, Compliance monitoring.",use_cases,Xchanger
When should I use Xchanger?,"You should consider Xchanger for: Regulatory reporting, Risk management, Data quality management, Compliance monitoring. It's particularly effective in these scenarios.",use_cases,Xchanger
What problems does Xchanger solve?,"Xchanger helps solve challenges related to: Regulatory reporting, Risk management, Data quality management, Compliance monitoring. It provides comprehensive solutions for these business needs.",use_cases,Xchanger
How can I get Xchanger?,"To implement Xchanger, please contact Vermeg directly. Our team will assess your specific needs and provide detailed information about implementation, pricing, and support options.",acquisition,Xchanger
Is Xchanger suitable for my business?,"Xchanger is designed to meet diverse business requirements in the financial services industry. To determine if it's suitable for your specific needs, please contact Vermeg for a detailed consultation and assessment.",suitability,Xchanger
How long does it take to implement Xchanger?,Implementation time for Xchanger varies depending on your specific requirements and organizational complexity. Vermeg's implementation team will work with you to develop a timeline that meets your needs.,implementation,Xchanger
What is Xchanger?,Vermeg Xchanger is a comprehensive regulatory reporting platform that helps financial institutions manage their regulatory obligations efficiently.,general_info,Xchanger
Tell me about Xchanger,Vermeg Xchanger is a comprehensive regulatory reporting platform that helps financial institutions manage their regulatory obligations efficiently. It offers comprehensive functionality to help organizations improve their operations and meet regulatory requirements.,general_info,Xchanger
What does Xchanger do?,Xchanger vermeg xchanger is a comprehensive regulatory reporting platform that helps financial institutions manage their regulatory obligations efficiently. The solution helps organizations streamline their processes and achieve better outcomes.,functionality,Xchanger
Can you explain Xchanger?,Certainly! Vermeg Xchanger is a comprehensive regulatory reporting platform that helps financial institutions manage their regulatory obligations efficiently. This makes it an ideal choice for organizations looking to enhance their operational capabilities.,general_info,Xchanger
What are the features of Xchanger?,"The key features of Xchanger include: Automated regulatory reporting, Multi-jurisdiction compliance, Real-time data validation, Flexible data transformation, Comprehensive audit trail.",features,Xchanger
What capabilities does Xchanger have?,"Xchanger offers the following capabilities: Automated regulatory reporting, Multi-jurisdiction compliance, Real-time data validation, Flexible data transformation, Comprehensive audit trail.",features,Xchanger
What functionality does Xchanger provide?,"Xchanger provides comprehensive functionality including: Automated regulatory reporting, Multi-jurisdiction compliance, Real-time data validation, Flexible data transformation, Comprehensive audit trail.",features,Xchanger
What are the benefits of using Xchanger?,"The key benefits of Xchanger include: Reduces compliance costs, Minimizes regulatory risk, Improves data quality, Accelerates reporting processes, Ensures regulatory compliance.",benefits,Xchanger
Why should I choose Xchanger?,"You should choose Xchanger because it provides: Reduces compliance costs, Minimizes regulatory risk, Improves data quality, Accelerates reporting processes, Ensures regulatory compliance. These advantages help organizations achieve their business objectives more effectively.",benefits,Xchanger
How can Xchanger help my organization?,"Xchanger can help your organization by providing: Reduces compliance costs, Minimizes regulatory risk, Improves data quality, Accelerates reporting processes, Ensures regulatory compliance. This leads to improved performance and better business outcomes.",benefits,Xchanger
What are the use cases for Xchanger?,"Xchanger is commonly used for: Regulatory reporting, Risk management, Data quality management, Compliance monitoring.",use_cases,Xchanger
When should I use Xchanger?,"You should consider Xchanger for: Regulatory reporting, Risk management, Data quality management, Compliance monitoring. It's particularly effective in these scenarios.",use_cases,Xchanger
What problems does Xchanger solve?,"Xchanger helps solve challenges related to: Regulatory reporting, Risk management, Data quality management, Compliance monitoring. It provides comprehensive solutions for these business needs.",use_cases,Xchanger
How can I get Xchanger?,"To implement Xchanger, please contact Vermeg directly. Our team will assess your specific needs and provide detailed information about implementation, pricing, and support options.",acquisition,Xchanger
Is Xchanger suitable for my business?,"Xchanger is designed to meet diverse business requirements in the financial services industry. To determine if it's suitable for your specific needs, please contact Vermeg for a detailed consultation and assessment.",suitability,Xchanger
How long does it take to implement Xchanger?,Implementation time for Xchanger varies depending on your specific requirements and organizational complexity. Vermeg's implementation team will work with you to develop a timeline that meets your needs.,implementation,Xchanger
What is Client Data Collector?,Vermeg Client Data Collector is a solution for efficient collection and management of client data across multiple channels.,general_info,Client Data Collector
Tell me about Client Data Collector,Vermeg Client Data Collector is a solution for efficient collection and management of client data across multiple channels. It offers comprehensive functionality to help organizations improve their operations and meet regulatory requirements.,general_info,Client Data Collector
What does Client Data Collector do?,Client Data Collector vermeg client data collector is a solution for efficient collection and management of client data across multiple channels. The solution helps organizations streamline their processes and achieve better outcomes.,functionality,Client Data Collector
Can you explain Client Data Collector?,Certainly! Vermeg Client Data Collector is a solution for efficient collection and management of client data across multiple channels. This makes it an ideal choice for organizations looking to enhance their operational capabilities.,general_info,Client Data Collector
What are the features of Client Data Collector?,"The key features of Client Data Collector include: Multi-channel data collection, Data validation, Automated workflows, Integration capabilities, Compliance tracking.",features,Client Data Collector
What capabilities does Client Data Collector have?,"Client Data Collector offers the following capabilities: Multi-channel data collection, Data validation, Automated workflows, Integration capabilities, Compliance tracking.",features,Client Data Collector
What functionality does Client Data Collector provide?,"Client Data Collector provides comprehensive functionality including: Multi-channel data collection, Data validation, Automated workflows, Integration capabilities, Compliance tracking.",features,Client Data Collector
What are the benefits of using Client Data Collector?,"The key benefits of Client Data Collector include: Improved data quality, Faster onboarding, Enhanced compliance, Reduced manual effort, Better customer experience.",benefits,Client Data Collector
Why should I choose Client Data Collector?,"You should choose Client Data Collector because it provides: Improved data quality, Faster onboarding, Enhanced compliance, Reduced manual effort, Better customer experience. These advantages help organizations achieve their business objectives more effectively.",benefits,Client Data Collector
How can Client Data Collector help my organization?,"Client Data Collector can help your organization by providing: Improved data quality, Faster onboarding, Enhanced compliance, Reduced manual effort, Better customer experience. This leads to improved performance and better business outcomes.",benefits,Client Data Collector
What are the use cases for Client Data Collector?,"Client Data Collector is commonly used for: Customer onboarding, KYC processes, Data management, Compliance monitoring.",use_cases,Client Data Collector
When should I use Client Data Collector?,"You should consider Client Data Collector for: Customer onboarding, KYC processes, Data management, Compliance monitoring. It's particularly effective in these scenarios.",use_cases,Client Data Collector
What problems does Client Data Collector solve?,"Client Data Collector helps solve challenges related to: Customer onboarding, KYC processes, Data management, Compliance monitoring. It provides comprehensive solutions for these business needs.",use_cases,Client Data Collector
How can I get Client Data Collector?,"To implement Client Data Collector, please contact Vermeg directly. Our team will assess your specific needs and provide detailed information about implementation, pricing, and support options.",acquisition,Client Data Collector
Is Client Data Collector suitable for my business?,"Client Data Collector is designed to meet diverse business requirements in the financial services industry. To determine if it's suitable for your specific needs, please contact Vermeg for a detailed consultation and assessment.",suitability,Client Data Collector
How long does it take to implement Client Data Collector?,Implementation time for Client Data Collector varies depending on your specific requirements and organizational complexity. Vermeg's implementation team will work with you to develop a timeline that meets your needs.,implementation,Client Data Collector
What is Collateral Email Channel Automation?,Vermeg Collateral Email Channel Automation is a professional solution designed to meet the specific needs of financial institutions.,general_info,Collateral Email Channel Automation
Tell me about Collateral Email Channel Automation,Vermeg Collateral Email Channel Automation is a professional solution designed to meet the specific needs of financial institutions. It offers comprehensive functionality to help organizations improve their operations and meet regulatory requirements.,general_info,Collateral Email Channel Automation
What does Collateral Email Channel Automation do?,Collateral Email Channel Automation vermeg collateral email channel automation is a professional solution designed to meet the specific needs of financial institutions. The solution helps organizations streamline their processes and achieve better outcomes.,functionality,Collateral Email Channel Automation
Can you explain Collateral Email Channel Automation?,Certainly! Vermeg Collateral Email Channel Automation is a professional solution designed to meet the specific needs of financial institutions. This makes it an ideal choice for organizations looking to enhance their operational capabilities.,general_info,Collateral Email Channel Automation
What are the features of Collateral Email Channel Automation?,"The key features of Collateral Email Channel Automation include: Professional-grade functionality, Integration capabilities, Compliance support, User-friendly interface, Scalable architecture.",features,Collateral Email Channel Automation
What capabilities does Collateral Email Channel Automation have?,"Collateral Email Channel Automation offers the following capabilities: Professional-grade functionality, Integration capabilities, Compliance support, User-friendly interface, Scalable architecture.",features,Collateral Email Channel Automation
What functionality does Collateral Email Channel Automation provide?,"Collateral Email Channel Automation provides comprehensive functionality including: Professional-grade functionality, Integration capabilities, Compliance support, User-friendly interface, Scalable architecture.",features,Collateral Email Channel Automation
What are the benefits of using Collateral Email Channel Automation?,"The key benefits of Collateral Email Channel Automation include: Improved operational efficiency, Enhanced compliance, Reduced operational risk, Better customer service, Cost optimization.",benefits,Collateral Email Channel Automation
Why should I choose Collateral Email Channel Automation?,"You should choose Collateral Email Channel Automation because it provides: Improved operational efficiency, Enhanced compliance, Reduced operational risk, Better customer service, Cost optimization. These advantages help organizations achieve their business objectives more effectively.",benefits,Collateral Email Channel Automation
How can Collateral Email Channel Automation help my organization?,"Collateral Email Channel Automation can help your organization by providing: Improved operational efficiency, Enhanced compliance, Reduced operational risk, Better customer service, Cost optimization. This leads to improved performance and better business outcomes.",benefits,Collateral Email Channel Automation
What are the use cases for Collateral Email Channel Automation?,"Collateral Email Channel Automation is commonly used for: Business process optimization, Compliance management, Risk management, Customer service enhancement.",use_cases,Collateral Email Channel Automation
When should I use Collateral Email Channel Automation?,"You should consider Collateral Email Channel Automation for: Business process optimization, Compliance management, Risk management, Customer service enhancement. It's particularly effective in these scenarios.",use_cases,Collateral Email Channel Automation
What problems does Collateral Email Channel Automation solve?,"Collateral Email Channel Automation helps solve challenges related to: Business process optimization, Compliance management, Risk management, Customer service enhancement. It provides comprehensive solutions for these business needs.",use_cases,Collateral Email Channel Automation
How can I get Collateral Email Channel Automation?,"To implement Collateral Email Channel Automation, please contact Vermeg directly. Our team will assess your specific needs and provide detailed information about implementation, pricing, and support options.",acquisition,Collateral Email Channel Automation
Is Collateral Email Channel Automation suitable for my business?,"Collateral Email Channel Automation is designed to meet diverse business requirements in the financial services industry. To determine if it's suitable for your specific needs, please contact Vermeg for a detailed consultation and assessment.",suitability,Collateral Email Channel Automation
How long does it take to implement Collateral Email Channel Automation?,Implementation time for Collateral Email Channel Automation varies depending on your specific requirements and organizational complexity. Vermeg's implementation team will work with you to develop a timeline that meets your needs.,implementation,Collateral Email Channel Automation
What is Default Management?,Vermeg Default Management is a professional solution designed to meet the specific needs of financial institutions.,general_info,Default Management
Tell me about Default Management,Vermeg Default Management is a professional solution designed to meet the specific needs of financial institutions. It offers comprehensive functionality to help organizations improve their operations and meet regulatory requirements.,general_info,Default Management
What does Default Management do?,Default Management vermeg default management is a professional solution designed to meet the specific needs of financial institutions. The solution helps organizations streamline their processes and achieve better outcomes.,functionality,Default Management
Can you explain Default Management?,Certainly! Vermeg Default Management is a professional solution designed to meet the specific needs of financial institutions. This makes it an ideal choice for organizations looking to enhance their operational capabilities.,general_info,Default Management
What are the features of Default Management?,"The key features of Default Management include: Professional-grade functionality, Integration capabilities, Compliance support, User-friendly interface, Scalable architecture.",features,Default Management
What capabilities does Default Management have?,"Default Management offers the following capabilities: Professional-grade functionality, Integration capabilities, Compliance support, User-friendly interface, Scalable architecture.",features,Default Management
What functionality does Default Management provide?,"Default Management provides comprehensive functionality including: Professional-grade functionality, Integration capabilities, Compliance support, User-friendly interface, Scalable architecture.",features,Default Management
What are the benefits of using Default Management?,"The key benefits of Default Management include: Improved operational efficiency, Enhanced compliance, Reduced operational risk, Better customer service, Cost optimization.",benefits,Default Management
Why should I choose Default Management?,"You should choose Default Management because it provides: Improved operational efficiency, Enhanced compliance, Reduced operational risk, Better customer service, Cost optimization. These advantages help organizations achieve their business objectives more effectively.",benefits,Default Management
How can Default Management help my organization?,"Default Management can help your organization by providing: Improved operational efficiency, Enhanced compliance, Reduced operational risk, Better customer service, Cost optimization. This leads to improved performance and better business outcomes.",benefits,Default Management
What are the use cases for Default Management?,"Default Management is commonly used for: Business process optimization, Compliance management, Risk management, Customer service enhancement.",use_cases,Default Management
When should I use Default Management?,"You should consider Default Management for: Business process optimization, Compliance management, Risk management, Customer service enhancement. It's particularly effective in these scenarios.",use_cases,Default Management
What problems does Default Management solve?,"Default Management helps solve challenges related to: Business process optimization, Compliance management, Risk management, Customer service enhancement. It provides comprehensive solutions for these business needs.",use_cases,Default Management
How can I get Default Management?,"To implement Default Management, please contact Vermeg directly. Our team will assess your specific needs and provide detailed information about implementation, pricing, and support options.",acquisition,Default Management
Is Default Management suitable for my business?,"Default Management is designed to meet diverse business requirements in the financial services industry. To determine if it's suitable for your specific needs, please contact Vermeg for a detailed consultation and assessment.",suitability,Default Management
How long does it take to implement Default Management?,Implementation time for Default Management varies depending on your specific requirements and organizational complexity. Vermeg's implementation team will work with you to develop a timeline that meets your needs.,implementation,Default Management
What is Digital Commercial Agreement?,Vermeg Digital Commercial Agreement is a professional solution designed to meet the specific needs of financial institutions.,general_info,Digital Commercial Agreement
Tell me about Digital Commercial Agreement,Vermeg Digital Commercial Agreement is a professional solution designed to meet the specific needs of financial institutions. It offers comprehensive functionality to help organizations improve their operations and meet regulatory requirements.,general_info,Digital Commercial Agreement
What does Digital Commercial Agreement do?,Digital Commercial Agreement vermeg digital commercial agreement is a professional solution designed to meet the specific needs of financial institutions. The solution helps organizations streamline their processes and achieve better outcomes.,functionality,Digital Commercial Agreement
Can you explain Digital Commercial Agreement?,Certainly! Vermeg Digital Commercial Agreement is a professional solution designed to meet the specific needs of financial institutions. This makes it an ideal choice for organizations looking to enhance their operational capabilities.,general_info,Digital Commercial Agreement
What are the features of Digital Commercial Agreement?,"The key features of Digital Commercial Agreement include: Professional-grade functionality, Integration capabilities, Compliance support, User-friendly interface, Scalable architecture.",features,Digital Commercial Agreement
What capabilities does Digital Commercial Agreement have?,"Digital Commercial Agreement offers the following capabilities: Professional-grade functionality, Integration capabilities, Compliance support, User-friendly interface, Scalable architecture.",features,Digital Commercial Agreement
What functionality does Digital Commercial Agreement provide?,"Digital Commercial Agreement provides comprehensive functionality including: Professional-grade functionality, Integration capabilities, Compliance support, User-friendly interface, Scalable architecture.",features,Digital Commercial Agreement
What are the benefits of using Digital Commercial Agreement?,"The key benefits of Digital Commercial Agreement include: Improved operational efficiency, Enhanced compliance, Reduced operational risk, Better customer service, Cost optimization.",benefits,Digital Commercial Agreement
Why should I choose Digital Commercial Agreement?,"You should choose Digital Commercial Agreement because it provides: Improved operational efficiency, Enhanced compliance, Reduced operational risk, Better customer service, Cost optimization. These advantages help organizations achieve their business objectives more effectively.",benefits,Digital Commercial Agreement
How can Digital Commercial Agreement help my organization?,"Digital Commercial Agreement can help your organization by providing: Improved operational efficiency, Enhanced compliance, Reduced operational risk, Better customer service, Cost optimization. This leads to improved performance and better business outcomes.",benefits,Digital Commercial Agreement
What are the use cases for Digital Commercial Agreement?,"Digital Commercial Agreement is commonly used for: Business process optimization, Compliance management, Risk management, Customer service enhancement.",use_cases,Digital Commercial Agreement
When should I use Digital Commercial Agreement?,"You should consider Digital Commercial Agreement for: Business process optimization, Compliance management, Risk management, Customer service enhancement. It's particularly effective in these scenarios.",use_cases,Digital Commercial Agreement
What problems does Digital Commercial Agreement solve?,"Digital Commercial Agreement helps solve challenges related to: Business process optimization, Compliance management, Risk management, Customer service enhancement. It provides comprehensive solutions for these business needs.",use_cases,Digital Commercial Agreement
How can I get Digital Commercial Agreement?,"To implement Digital Commercial Agreement, please contact Vermeg directly. Our team will assess your specific needs and provide detailed information about implementation, pricing, and support options.",acquisition,Digital Commercial Agreement
Is Digital Commercial Agreement suitable for my business?,"Digital Commercial Agreement is designed to meet diverse business requirements in the financial services industry. To determine if it's suitable for your specific needs, please contact Vermeg for a detailed consultation and assessment.",suitability,Digital Commercial Agreement
How long does it take to implement Digital Commercial Agreement?,Implementation time for Digital Commercial Agreement varies depending on your specific requirements and organizational complexity. Vermeg's implementation team will work with you to develop a timeline that meets your needs.,implementation,Digital Commercial Agreement
What is Easy Agreement?,Vermeg Easy Agreement is a digital contract management solution that streamlines the agreement process.,general_info,Easy Agreement
Tell me about Easy Agreement,Vermeg Easy Agreement is a digital contract management solution that streamlines the agreement process. It offers comprehensive functionality to help organizations improve their operations and meet regulatory requirements.,general_info,Easy Agreement
What does Easy Agreement do?,Easy Agreement vermeg easy agreement is a digital contract management solution that streamlines the agreement process. The solution helps organizations streamline their processes and achieve better outcomes.,functionality,Easy Agreement
Can you explain Easy Agreement?,Certainly! Vermeg Easy Agreement is a digital contract management solution that streamlines the agreement process. This makes it an ideal choice for organizations looking to enhance their operational capabilities.,general_info,Easy Agreement
What are the features of Easy Agreement?,"The key features of Easy Agreement include: Digital contract creation, Electronic signatures, Workflow automation, Template management, Compliance tracking.",features,Easy Agreement
What capabilities does Easy Agreement have?,"Easy Agreement offers the following capabilities: Digital contract creation, Electronic signatures, Workflow automation, Template management, Compliance tracking.",features,Easy Agreement
What functionality does Easy Agreement provide?,"Easy Agreement provides comprehensive functionality including: Digital contract creation, Electronic signatures, Workflow automation, Template management, Compliance tracking.",features,Easy Agreement
What are the benefits of using Easy Agreement?,"The key benefits of Easy Agreement include: Faster contract processing, Reduced paper usage, Improved compliance, Enhanced efficiency, Better customer experience.",benefits,Easy Agreement
Why should I choose Easy Agreement?,"You should choose Easy Agreement because it provides: Faster contract processing, Reduced paper usage, Improved compliance, Enhanced efficiency, Better customer experience. These advantages help organizations achieve their business objectives more effectively.",benefits,Easy Agreement
How can Easy Agreement help my organization?,"Easy Agreement can help your organization by providing: Faster contract processing, Reduced paper usage, Improved compliance, Enhanced efficiency, Better customer experience. This leads to improved performance and better business outcomes.",benefits,Easy Agreement
What are the use cases for Easy Agreement?,"Easy Agreement is commonly used for: Contract management, Digital agreements, Signature workflows, Compliance tracking.",use_cases,Easy Agreement
When should I use Easy Agreement?,"You should consider Easy Agreement for: Contract management, Digital agreements, Signature workflows, Compliance tracking. It's particularly effective in these scenarios.",use_cases,Easy Agreement
What problems does Easy Agreement solve?,"Easy Agreement helps solve challenges related to: Contract management, Digital agreements, Signature workflows, Compliance tracking. It provides comprehensive solutions for these business needs.",use_cases,Easy Agreement
How can I get Easy Agreement?,"To implement Easy Agreement, please contact Vermeg directly. Our team will assess your specific needs and provide detailed information about implementation, pricing, and support options.",acquisition,Easy Agreement
Is Easy Agreement suitable for my business?,"Easy Agreement is designed to meet diverse business requirements in the financial services industry. To determine if it's suitable for your specific needs, please contact Vermeg for a detailed consultation and assessment.",suitability,Easy Agreement
How long does it take to implement Easy Agreement?,Implementation time for Easy Agreement varies depending on your specific requirements and organizational complexity. Vermeg's implementation team will work with you to develop a timeline that meets your needs.,implementation,Easy Agreement
What is Easy Collateral?,Vermeg Easy Collateral is a professional solution designed to meet the specific needs of financial institutions.,general_info,Easy Collateral
Tell me about Easy Collateral,Vermeg Easy Collateral is a professional solution designed to meet the specific needs of financial institutions. It offers comprehensive functionality to help organizations improve their operations and meet regulatory requirements.,general_info,Easy Collateral
What does Easy Collateral do?,Easy Collateral vermeg easy collateral is a professional solution designed to meet the specific needs of financial institutions. The solution helps organizations streamline their processes and achieve better outcomes.,functionality,Easy Collateral
Can you explain Easy Collateral?,Certainly! Vermeg Easy Collateral is a professional solution designed to meet the specific needs of financial institutions. This makes it an ideal choice for organizations looking to enhance their operational capabilities.,general_info,Easy Collateral
What are the features of Easy Collateral?,"The key features of Easy Collateral include: Professional-grade functionality, Integration capabilities, Compliance support, User-friendly interface, Scalable architecture.",features,Easy Collateral
What capabilities does Easy Collateral have?,"Easy Collateral offers the following capabilities: Professional-grade functionality, Integration capabilities, Compliance support, User-friendly interface, Scalable architecture.",features,Easy Collateral
What functionality does Easy Collateral provide?,"Easy Collateral provides comprehensive functionality including: Professional-grade functionality, Integration capabilities, Compliance support, User-friendly interface, Scalable architecture.",features,Easy Collateral
What are the benefits of using Easy Collateral?,"The key benefits of Easy Collateral include: Improved operational efficiency, Enhanced compliance, Reduced operational risk, Better customer service, Cost optimization.",benefits,Easy Collateral
Why should I choose Easy Collateral?,"You should choose Easy Collateral because it provides: Improved operational efficiency, Enhanced compliance, Reduced operational risk, Better customer service, Cost optimization. These advantages help organizations achieve their business objectives more effectively.",benefits,Easy Collateral
How can Easy Collateral help my organization?,"Easy Collateral can help your organization by providing: Improved operational efficiency, Enhanced compliance, Reduced operational risk, Better customer service, Cost optimization. This leads to improved performance and better business outcomes.",benefits,Easy Collateral
What are the use cases for Easy Collateral?,"Easy Collateral is commonly used for: Business process optimization, Compliance management, Risk management, Customer service enhancement.",use_cases,Easy Collateral
When should I use Easy Collateral?,"You should consider Easy Collateral for: Business process optimization, Compliance management, Risk management, Customer service enhancement. It's particularly effective in these scenarios.",use_cases,Easy Collateral
What problems does Easy Collateral solve?,"Easy Collateral helps solve challenges related to: Business process optimization, Compliance management, Risk management, Customer service enhancement. It provides comprehensive solutions for these business needs.",use_cases,Easy Collateral
How can I get Easy Collateral?,"To implement Easy Collateral, please contact Vermeg directly. Our team will assess your specific needs and provide detailed information about implementation, pricing, and support options.",acquisition,Easy Collateral
Is Easy Collateral suitable for my business?,"Easy Collateral is designed to meet diverse business requirements in the financial services industry. To determine if it's suitable for your specific needs, please contact Vermeg for a detailed consultation and assessment.",suitability,Easy Collateral
How long does it take to implement Easy Collateral?,Implementation time for Easy Collateral varies depending on your specific requirements and organizational complexity. Vermeg's implementation team will work with you to develop a timeline that meets your needs.,implementation,Easy Collateral
What is Easy Collateral?,Vermeg Easy Collateral is a professional solution designed to meet the specific needs of financial institutions.,general_info,Easy Collateral
Tell me about Easy Collateral,Vermeg Easy Collateral is a professional solution designed to meet the specific needs of financial institutions. It offers comprehensive functionality to help organizations improve their operations and meet regulatory requirements.,general_info,Easy Collateral
What does Easy Collateral do?,Easy Collateral vermeg easy collateral is a professional solution designed to meet the specific needs of financial institutions. The solution helps organizations streamline their processes and achieve better outcomes.,functionality,Easy Collateral
Can you explain Easy Collateral?,Certainly! Vermeg Easy Collateral is a professional solution designed to meet the specific needs of financial institutions. This makes it an ideal choice for organizations looking to enhance their operational capabilities.,general_info,Easy Collateral
What are the features of Easy Collateral?,"The key features of Easy Collateral include: Professional-grade functionality, Integration capabilities, Compliance support, User-friendly interface, Scalable architecture.",features,Easy Collateral
What capabilities does Easy Collateral have?,"Easy Collateral offers the following capabilities: Professional-grade functionality, Integration capabilities, Compliance support, User-friendly interface, Scalable architecture.",features,Easy Collateral
What functionality does Easy Collateral provide?,"Easy Collateral provides comprehensive functionality including: Professional-grade functionality, Integration capabilities, Compliance support, User-friendly interface, Scalable architecture.",features,Easy Collateral
What are the benefits of using Easy Collateral?,"The key benefits of Easy Collateral include: Improved operational efficiency, Enhanced compliance, Reduced operational risk, Better customer service, Cost optimization.",benefits,Easy Collateral
Why should I choose Easy Collateral?,"You should choose Easy Collateral because it provides: Improved operational efficiency, Enhanced compliance, Reduced operational risk, Better customer service, Cost optimization. These advantages help organizations achieve their business objectives more effectively.",benefits,Easy Collateral
How can Easy Collateral help my organization?,"Easy Collateral can help your organization by providing: Improved operational efficiency, Enhanced compliance, Reduced operational risk, Better customer service, Cost optimization. This leads to improved performance and better business outcomes.",benefits,Easy Collateral
What are the use cases for Easy Collateral?,"Easy Collateral is commonly used for: Business process optimization, Compliance management, Risk management, Customer service enhancement.",use_cases,Easy Collateral
When should I use Easy Collateral?,"You should consider Easy Collateral for: Business process optimization, Compliance management, Risk management, Customer service enhancement. It's particularly effective in these scenarios.",use_cases,Easy Collateral
What problems does Easy Collateral solve?,"Easy Collateral helps solve challenges related to: Business process optimization, Compliance management, Risk management, Customer service enhancement. It provides comprehensive solutions for these business needs.",use_cases,Easy Collateral
How can I get Easy Collateral?,"To implement Easy Collateral, please contact Vermeg directly. Our team will assess your specific needs and provide detailed information about implementation, pricing, and support options.",acquisition,Easy Collateral
Is Easy Collateral suitable for my business?,"Easy Collateral is designed to meet diverse business requirements in the financial services industry. To determine if it's suitable for your specific needs, please contact Vermeg for a detailed consultation and assessment.",suitability,Easy Collateral
How long does it take to implement Easy Collateral?,Implementation time for Easy Collateral varies depending on your specific requirements and organizational complexity. Vermeg's implementation team will work with you to develop a timeline that meets your needs.,implementation,Easy Collateral
What is Fast Track?,Vermeg Fast Track is a professional solution designed to meet the specific needs of financial institutions.,general_info,Fast Track
Tell me about Fast Track,Vermeg Fast Track is a professional solution designed to meet the specific needs of financial institutions. It offers comprehensive functionality to help organizations improve their operations and meet regulatory requirements.,general_info,Fast Track
What does Fast Track do?,Fast Track vermeg fast track is a professional solution designed to meet the specific needs of financial institutions. The solution helps organizations streamline their processes and achieve better outcomes.,functionality,Fast Track
Can you explain Fast Track?,Certainly! Vermeg Fast Track is a professional solution designed to meet the specific needs of financial institutions. This makes it an ideal choice for organizations looking to enhance their operational capabilities.,general_info,Fast Track
What are the features of Fast Track?,"The key features of Fast Track include: Professional-grade functionality, Integration capabilities, Compliance support, User-friendly interface, Scalable architecture.",features,Fast Track
What capabilities does Fast Track have?,"Fast Track offers the following capabilities: Professional-grade functionality, Integration capabilities, Compliance support, User-friendly interface, Scalable architecture.",features,Fast Track
What functionality does Fast Track provide?,"Fast Track provides comprehensive functionality including: Professional-grade functionality, Integration capabilities, Compliance support, User-friendly interface, Scalable architecture.",features,Fast Track
What are the benefits of using Fast Track?,"The key benefits of Fast Track include: Improved operational efficiency, Enhanced compliance, Reduced operational risk, Better customer service, Cost optimization.",benefits,Fast Track
Why should I choose Fast Track?,"You should choose Fast Track because it provides: Improved operational efficiency, Enhanced compliance, Reduced operational risk, Better customer service, Cost optimization. These advantages help organizations achieve their business objectives more effectively.",benefits,Fast Track
How can Fast Track help my organization?,"Fast Track can help your organization by providing: Improved operational efficiency, Enhanced compliance, Reduced operational risk, Better customer service, Cost optimization. This leads to improved performance and better business outcomes.",benefits,Fast Track
What are the use cases for Fast Track?,"Fast Track is commonly used for: Business process optimization, Compliance management, Risk management, Customer service enhancement.",use_cases,Fast Track
When should I use Fast Track?,"You should consider Fast Track for: Business process optimization, Compliance management, Risk management, Customer service enhancement. It's particularly effective in these scenarios.",use_cases,Fast Track
What problems does Fast Track solve?,"Fast Track helps solve challenges related to: Business process optimization, Compliance management, Risk management, Customer service enhancement. It provides comprehensive solutions for these business needs.",use_cases,Fast Track
How can I get Fast Track?,"To implement Fast Track, please contact Vermeg directly. Our team will assess your specific needs and provide detailed information about implementation, pricing, and support options.",acquisition,Fast Track
Is Fast Track suitable for my business?,"Fast Track is designed to meet diverse business requirements in the financial services industry. To determine if it's suitable for your specific needs, please contact Vermeg for a detailed consultation and assessment.",suitability,Fast Track
How long does it take to implement Fast Track?,Implementation time for Fast Track varies depending on your specific requirements and organizational complexity. Vermeg's implementation team will work with you to develop a timeline that meets your needs.,implementation,Fast Track
What is Group Insurance Member Enrolment?,Vermeg Group Insurance Member Enrolment is a professional solution designed to meet the specific needs of financial institutions.,general_info,Group Insurance Member Enrolment
Tell me about Group Insurance Member Enrolment,Vermeg Group Insurance Member Enrolment is a professional solution designed to meet the specific needs of financial institutions. It offers comprehensive functionality to help organizations improve their operations and meet regulatory requirements.,general_info,Group Insurance Member Enrolment
What does Group Insurance Member Enrolment do?,Group Insurance Member Enrolment vermeg group insurance member enrolment is a professional solution designed to meet the specific needs of financial institutions. The solution helps organizations streamline their processes and achieve better outcomes.,functionality,Group Insurance Member Enrolment
Can you explain Group Insurance Member Enrolment?,Certainly! Vermeg Group Insurance Member Enrolment is a professional solution designed to meet the specific needs of financial institutions. This makes it an ideal choice for organizations looking to enhance their operational capabilities.,general_info,Group Insurance Member Enrolment
What are the features of Group Insurance Member Enrolment?,"The key features of Group Insurance Member Enrolment include: Professional-grade functionality, Integration capabilities, Compliance support, User-friendly interface, Scalable architecture.",features,Group Insurance Member Enrolment
What capabilities does Group Insurance Member Enrolment have?,"Group Insurance Member Enrolment offers the following capabilities: Professional-grade functionality, Integration capabilities, Compliance support, User-friendly interface, Scalable architecture.",features,Group Insurance Member Enrolment
What functionality does Group Insurance Member Enrolment provide?,"Group Insurance Member Enrolment provides comprehensive functionality including: Professional-grade functionality, Integration capabilities, Compliance support, User-friendly interface, Scalable architecture.",features,Group Insurance Member Enrolment
What are the benefits of using Group Insurance Member Enrolment?,"The key benefits of Group Insurance Member Enrolment include: Improved operational efficiency, Enhanced compliance, Reduced operational risk, Better customer service, Cost optimization.",benefits,Group Insurance Member Enrolment
Why should I choose Group Insurance Member Enrolment?,"You should choose Group Insurance Member Enrolment because it provides: Improved operational efficiency, Enhanced compliance, Reduced operational risk, Better customer service, Cost optimization. These advantages help organizations achieve their business objectives more effectively.",benefits,Group Insurance Member Enrolment
How can Group Insurance Member Enrolment help my organization?,"Group Insurance Member Enrolment can help your organization by providing: Improved operational efficiency, Enhanced compliance, Reduced operational risk, Better customer service, Cost optimization. This leads to improved performance and better business outcomes.",benefits,Group Insurance Member Enrolment
What are the use cases for Group Insurance Member Enrolment?,"Group Insurance Member Enrolment is commonly used for: Business process optimization, Compliance management, Risk management, Customer service enhancement.",use_cases,Group Insurance Member Enrolment
When should I use Group Insurance Member Enrolment?,"You should consider Group Insurance Member Enrolment for: Business process optimization, Compliance management, Risk management, Customer service enhancement. It's particularly effective in these scenarios.",use_cases,Group Insurance Member Enrolment
What problems does Group Insurance Member Enrolment solve?,"Group Insurance Member Enrolment helps solve challenges related to: Business process optimization, Compliance management, Risk management, Customer service enhancement. It provides comprehensive solutions for these business needs.",use_cases,Group Insurance Member Enrolment
How can I get Group Insurance Member Enrolment?,"To implement Group Insurance Member Enrolment, please contact Vermeg directly. Our team will assess your specific needs and provide detailed information about implementation, pricing, and support options.",acquisition,Group Insurance Member Enrolment
Is Group Insurance Member Enrolment suitable for my business?,"Group Insurance Member Enrolment is designed to meet diverse business requirements in the financial services industry. To determine if it's suitable for your specific needs, please contact Vermeg for a detailed consultation and assessment.",suitability,Group Insurance Member Enrolment
How long does it take to implement Group Insurance Member Enrolment?,Implementation time for Group Insurance Member Enrolment varies depending on your specific requirements and organizational complexity. Vermeg's implementation team will work with you to develop a timeline that meets your needs.,implementation,Group Insurance Member Enrolment
What is Individual Life & Health Insurance?,Vermeg Individual Life & Health Insurance is a professional solution designed to meet the specific needs of financial institutions.,general_info,Individual Life & Health Insurance
Tell me about Individual Life & Health Insurance,Vermeg Individual Life & Health Insurance is a professional solution designed to meet the specific needs of financial institutions. It offers comprehensive functionality to help organizations improve their operations and meet regulatory requirements.,general_info,Individual Life & Health Insurance
What does Individual Life & Health Insurance do?,Individual Life & Health Insurance vermeg individual life & health insurance is a professional solution designed to meet the specific needs of financial institutions. The solution helps organizations streamline their processes and achieve better outcomes.,functionality,Individual Life & Health Insurance
Can you explain Individual Life & Health Insurance?,Certainly! Vermeg Individual Life & Health Insurance is a professional solution designed to meet the specific needs of financial institutions. This makes it an ideal choice for organizations looking to enhance their operational capabilities.,general_info,Individual Life & Health Insurance
What are the features of Individual Life & Health Insurance?,"The key features of Individual Life & Health Insurance include: Professional-grade functionality, Integration capabilities, Compliance support, User-friendly interface, Scalable architecture.",features,Individual Life & Health Insurance
What capabilities does Individual Life & Health Insurance have?,"Individual Life & Health Insurance offers the following capabilities: Professional-grade functionality, Integration capabilities, Compliance support, User-friendly interface, Scalable architecture.",features,Individual Life & Health Insurance
What functionality does Individual Life & Health Insurance provide?,"Individual Life & Health Insurance provides comprehensive functionality including: Professional-grade functionality, Integration capabilities, Compliance support, User-friendly interface, Scalable architecture.",features,Individual Life & Health Insurance
What are the benefits of using Individual Life & Health Insurance?,"The key benefits of Individual Life & Health Insurance include: Improved operational efficiency, Enhanced compliance, Reduced operational risk, Better customer service, Cost optimization.",benefits,Individual Life & Health Insurance
Why should I choose Individual Life & Health Insurance?,"You should choose Individual Life & Health Insurance because it provides: Improved operational efficiency, Enhanced compliance, Reduced operational risk, Better customer service, Cost optimization. These advantages help organizations achieve their business objectives more effectively.",benefits,Individual Life & Health Insurance
How can Individual Life & Health Insurance help my organization?,"Individual Life & Health Insurance can help your organization by providing: Improved operational efficiency, Enhanced compliance, Reduced operational risk, Better customer service, Cost optimization. This leads to improved performance and better business outcomes.",benefits,Individual Life & Health Insurance
What are the use cases for Individual Life & Health Insurance?,"Individual Life & Health Insurance is commonly used for: Business process optimization, Compliance management, Risk management, Customer service enhancement.",use_cases,Individual Life & Health Insurance
When should I use Individual Life & Health Insurance?,"You should consider Individual Life & Health Insurance for: Business process optimization, Compliance management, Risk management, Customer service enhancement. It's particularly effective in these scenarios.",use_cases,Individual Life & Health Insurance
What problems does Individual Life & Health Insurance solve?,"Individual Life & Health Insurance helps solve challenges related to: Business process optimization, Compliance management, Risk management, Customer service enhancement. It provides comprehensive solutions for these business needs.",use_cases,Individual Life & Health Insurance
How can I get Individual Life & Health Insurance?,"To implement Individual Life & Health Insurance, please contact Vermeg directly. Our team will assess your specific needs and provide detailed information about implementation, pricing, and support options.",acquisition,Individual Life & Health Insurance
Is Individual Life & Health Insurance suitable for my business?,"Individual Life & Health Insurance is designed to meet diverse business requirements in the financial services industry. To determine if it's suitable for your specific needs, please contact Vermeg for a detailed consultation and assessment.",suitability,Individual Life & Health Insurance
How long does it take to implement Individual Life & Health Insurance?,Implementation time for Individual Life & Health Insurance varies depending on your specific requirements and organizational complexity. Vermeg's implementation team will work with you to develop a timeline that meets your needs.,implementation,Individual Life & Health Insurance
What is Individual Life & Health Insurance?,Vermeg Individual Life & Health Insurance is a professional solution designed to meet the specific needs of financial institutions.,general_info,Individual Life & Health Insurance
Tell me about Individual Life & Health Insurance,Vermeg Individual Life & Health Insurance is a professional solution designed to meet the specific needs of financial institutions. It offers comprehensive functionality to help organizations improve their operations and meet regulatory requirements.,general_info,Individual Life & Health Insurance
What does Individual Life & Health Insurance do?,Individual Life & Health Insurance vermeg individual life & health insurance is a professional solution designed to meet the specific needs of financial institutions. The solution helps organizations streamline their processes and achieve better outcomes.,functionality,Individual Life & Health Insurance
Can you explain Individual Life & Health Insurance?,Certainly! Vermeg Individual Life & Health Insurance is a professional solution designed to meet the specific needs of financial institutions. This makes it an ideal choice for organizations looking to enhance their operational capabilities.,general_info,Individual Life & Health Insurance
What are the features of Individual Life & Health Insurance?,"The key features of Individual Life & Health Insurance include: Professional-grade functionality, Integration capabilities, Compliance support, User-friendly interface, Scalable architecture.",features,Individual Life & Health Insurance
What capabilities does Individual Life & Health Insurance have?,"Individual Life & Health Insurance offers the following capabilities: Professional-grade functionality, Integration capabilities, Compliance support, User-friendly interface, Scalable architecture.",features,Individual Life & Health Insurance
What functionality does Individual Life & Health Insurance provide?,"Individual Life & Health Insurance provides comprehensive functionality including: Professional-grade functionality, Integration capabilities, Compliance support, User-friendly interface, Scalable architecture.",features,Individual Life & Health Insurance
What are the benefits of using Individual Life & Health Insurance?,"The key benefits of Individual Life & Health Insurance include: Improved operational efficiency, Enhanced compliance, Reduced operational risk, Better customer service, Cost optimization.",benefits,Individual Life & Health Insurance
Why should I choose Individual Life & Health Insurance?,"You should choose Individual Life & Health Insurance because it provides: Improved operational efficiency, Enhanced compliance, Reduced operational risk, Better customer service, Cost optimization. These advantages help organizations achieve their business objectives more effectively.",benefits,Individual Life & Health Insurance
How can Individual Life & Health Insurance help my organization?,"Individual Life & Health Insurance can help your organization by providing: Improved operational efficiency, Enhanced compliance, Reduced operational risk, Better customer service, Cost optimization. This leads to improved performance and better business outcomes.",benefits,Individual Life & Health Insurance
What are the use cases for Individual Life & Health Insurance?,"Individual Life & Health Insurance is commonly used for: Business process optimization, Compliance management, Risk management, Customer service enhancement.",use_cases,Individual Life & Health Insurance
When should I use Individual Life & Health Insurance?,"You should consider Individual Life & Health Insurance for: Business process optimization, Compliance management, Risk management, Customer service enhancement. It's particularly effective in these scenarios.",use_cases,Individual Life & Health Insurance
What problems does Individual Life & Health Insurance solve?,"Individual Life & Health Insurance helps solve challenges related to: Business process optimization, Compliance management, Risk management, Customer service enhancement. It provides comprehensive solutions for these business needs.",use_cases,Individual Life & Health Insurance
How can I get Individual Life & Health Insurance?,"To implement Individual Life & Health Insurance, please contact Vermeg directly. Our team will assess your specific needs and provide detailed information about implementation, pricing, and support options.",acquisition,Individual Life & Health Insurance
Is Individual Life & Health Insurance suitable for my business?,"Individual Life & Health Insurance is designed to meet diverse business requirements in the financial services industry. To determine if it's suitable for your specific needs, please contact Vermeg for a detailed consultation and assessment.",suitability,Individual Life & Health Insurance
How long does it take to implement Individual Life & Health Insurance?,Implementation time for Individual Life & Health Insurance varies depending on your specific requirements and organizational complexity. Vermeg's implementation team will work with you to develop a timeline that meets your needs.,implementation,Individual Life & Health Insurance
What is Money for Life?,Vermeg Money for Life is a professional solution designed to meet the specific needs of financial institutions.,general_info,Money for Life
Tell me about Money for Life,Vermeg Money for Life is a professional solution designed to meet the specific needs of financial institutions. It offers comprehensive functionality to help organizations improve their operations and meet regulatory requirements.,general_info,Money for Life
What does Money for Life do?,Money for Life vermeg money for life is a professional solution designed to meet the specific needs of financial institutions. The solution helps organizations streamline their processes and achieve better outcomes.,functionality,Money for Life
Can you explain Money for Life?,Certainly! Vermeg Money for Life is a professional solution designed to meet the specific needs of financial institutions. This makes it an ideal choice for organizations looking to enhance their operational capabilities.,general_info,Money for Life
What are the features of Money for Life?,"The key features of Money for Life include: Professional-grade functionality, Integration capabilities, Compliance support, User-friendly interface, Scalable architecture.",features,Money for Life
What capabilities does Money for Life have?,"Money for Life offers the following capabilities: Professional-grade functionality, Integration capabilities, Compliance support, User-friendly interface, Scalable architecture.",features,Money for Life
What functionality does Money for Life provide?,"Money for Life provides comprehensive functionality including: Professional-grade functionality, Integration capabilities, Compliance support, User-friendly interface, Scalable architecture.",features,Money for Life
What are the benefits of using Money for Life?,"The key benefits of Money for Life include: Improved operational efficiency, Enhanced compliance, Reduced operational risk, Better customer service, Cost optimization.",benefits,Money for Life
Why should I choose Money for Life?,"You should choose Money for Life because it provides: Improved operational efficiency, Enhanced compliance, Reduced operational risk, Better customer service, Cost optimization. These advantages help organizations achieve their business objectives more effectively.",benefits,Money for Life
How can Money for Life help my organization?,"Money for Life can help your organization by providing: Improved operational efficiency, Enhanced compliance, Reduced operational risk, Better customer service, Cost optimization. This leads to improved performance and better business outcomes.",benefits,Money for Life
What are the use cases for Money for Life?,"Money for Life is commonly used for: Business process optimization, Compliance management, Risk management, Customer service enhancement.",use_cases,Money for Life
When should I use Money for Life?,"You should consider Money for Life for: Business process optimization, Compliance management, Risk management, Customer service enhancement. It's particularly effective in these scenarios.",use_cases,Money for Life
What problems does Money for Life solve?,"Money for Life helps solve challenges related to: Business process optimization, Compliance management, Risk management, Customer service enhancement. It provides comprehensive solutions for these business needs.",use_cases,Money for Life
How can I get Money for Life?,"To implement Money for Life, please contact Vermeg directly. Our team will assess your specific needs and provide detailed information about implementation, pricing, and support options.",acquisition,Money for Life
Is Money for Life suitable for my business?,"Money for Life is designed to meet diverse business requirements in the financial services industry. To determine if it's suitable for your specific needs, please contact Vermeg for a detailed consultation and assessment.",suitability,Money for Life
How long does it take to implement Money for Life?,Implementation time for Money for Life varies depending on your specific requirements and organizational complexity. Vermeg's implementation team will work with you to develop a timeline that meets your needs.,implementation,Money for Life
What is Optimizer?,Vermeg Optimizer is a professional solution designed to meet the specific needs of financial institutions.,general_info,Optimizer
Tell me about Optimizer,Vermeg Optimizer is a professional solution designed to meet the specific needs of financial institutions. It offers comprehensive functionality to help organizations improve their operations and meet regulatory requirements.,general_info,Optimizer
What does Optimizer do?,Optimizer vermeg optimizer is a professional solution designed to meet the specific needs of financial institutions. The solution helps organizations streamline their processes and achieve better outcomes.,functionality,Optimizer
Can you explain Optimizer?,Certainly! Vermeg Optimizer is a professional solution designed to meet the specific needs of financial institutions. This makes it an ideal choice for organizations looking to enhance their operational capabilities.,general_info,Optimizer
What are the features of Optimizer?,"The key features of Optimizer include: Professional-grade functionality, Integration capabilities, Compliance support, User-friendly interface, Scalable architecture.",features,Optimizer
What capabilities does Optimizer have?,"Optimizer offers the following capabilities: Professional-grade functionality, Integration capabilities, Compliance support, User-friendly interface, Scalable architecture.",features,Optimizer
What functionality does Optimizer provide?,"Optimizer provides comprehensive functionality including: Professional-grade functionality, Integration capabilities, Compliance support, User-friendly interface, Scalable architecture.",features,Optimizer
What are the benefits of using Optimizer?,"The key benefits of Optimizer include: Improved operational efficiency, Enhanced compliance, Reduced operational risk, Better customer service, Cost optimization.",benefits,Optimizer
Why should I choose Optimizer?,"You should choose Optimizer because it provides: Improved operational efficiency, Enhanced compliance, Reduced operational risk, Better customer service, Cost optimization. These advantages help organizations achieve their business objectives more effectively.",benefits,Optimizer
How can Optimizer help my organization?,"Optimizer can help your organization by providing: Improved operational efficiency, Enhanced compliance, Reduced operational risk, Better customer service, Cost optimization. This leads to improved performance and better business outcomes.",benefits,Optimizer
What are the use cases for Optimizer?,"Optimizer is commonly used for: Business process optimization, Compliance management, Risk management, Customer service enhancement.",use_cases,Optimizer
When should I use Optimizer?,"You should consider Optimizer for: Business process optimization, Compliance management, Risk management, Customer service enhancement. It's particularly effective in these scenarios.",use_cases,Optimizer
What problems does Optimizer solve?,"Optimizer helps solve challenges related to: Business process optimization, Compliance management, Risk management, Customer service enhancement. It provides comprehensive solutions for these business needs.",use_cases,Optimizer
How can I get Optimizer?,"To implement Optimizer, please contact Vermeg directly. Our team will assess your specific needs and provide detailed information about implementation, pricing, and support options.",acquisition,Optimizer
Is Optimizer suitable for my business?,"Optimizer is designed to meet diverse business requirements in the financial services industry. To determine if it's suitable for your specific needs, please contact Vermeg for a detailed consultation and assessment.",suitability,Optimizer
How long does it take to implement Optimizer?,Implementation time for Optimizer varies depending on your specific requirements and organizational complexity. Vermeg's implementation team will work with you to develop a timeline that meets your needs.,implementation,Optimizer
What is Oversight Limits?,Vermeg Oversight Limits is a professional solution designed to meet the specific needs of financial institutions.,general_info,Oversight Limits
Tell me about Oversight Limits,Vermeg Oversight Limits is a professional solution designed to meet the specific needs of financial institutions. It offers comprehensive functionality to help organizations improve their operations and meet regulatory requirements.,general_info,Oversight Limits
What does Oversight Limits do?,Oversight Limits vermeg oversight limits is a professional solution designed to meet the specific needs of financial institutions. The solution helps organizations streamline their processes and achieve better outcomes.,functionality,Oversight Limits
Can you explain Oversight Limits?,Certainly! Vermeg Oversight Limits is a professional solution designed to meet the specific needs of financial institutions. This makes it an ideal choice for organizations looking to enhance their operational capabilities.,general_info,Oversight Limits
What are the features of Oversight Limits?,"The key features of Oversight Limits include: Professional-grade functionality, Integration capabilities, Compliance support, User-friendly interface, Scalable architecture.",features,Oversight Limits
What capabilities does Oversight Limits have?,"Oversight Limits offers the following capabilities: Professional-grade functionality, Integration capabilities, Compliance support, User-friendly interface, Scalable architecture.",features,Oversight Limits
What functionality does Oversight Limits provide?,"Oversight Limits provides comprehensive functionality including: Professional-grade functionality, Integration capabilities, Compliance support, User-friendly interface, Scalable architecture.",features,Oversight Limits
What are the benefits of using Oversight Limits?,"The key benefits of Oversight Limits include: Improved operational efficiency, Enhanced compliance, Reduced operational risk, Better customer service, Cost optimization.",benefits,Oversight Limits
Why should I choose Oversight Limits?,"You should choose Oversight Limits because it provides: Improved operational efficiency, Enhanced compliance, Reduced operational risk, Better customer service, Cost optimization. These advantages help organizations achieve their business objectives more effectively.",benefits,Oversight Limits
How can Oversight Limits help my organization?,"Oversight Limits can help your organization by providing: Improved operational efficiency, Enhanced compliance, Reduced operational risk, Better customer service, Cost optimization. This leads to improved performance and better business outcomes.",benefits,Oversight Limits
What are the use cases for Oversight Limits?,"Oversight Limits is commonly used for: Business process optimization, Compliance management, Risk management, Customer service enhancement.",use_cases,Oversight Limits
When should I use Oversight Limits?,"You should consider Oversight Limits for: Business process optimization, Compliance management, Risk management, Customer service enhancement. It's particularly effective in these scenarios.",use_cases,Oversight Limits
What problems does Oversight Limits solve?,"Oversight Limits helps solve challenges related to: Business process optimization, Compliance management, Risk management, Customer service enhancement. It provides comprehensive solutions for these business needs.",use_cases,Oversight Limits
How can I get Oversight Limits?,"To implement Oversight Limits, please contact Vermeg directly. Our team will assess your specific needs and provide detailed information about implementation, pricing, and support options.",acquisition,Oversight Limits
Is Oversight Limits suitable for my business?,"Oversight Limits is designed to meet diverse business requirements in the financial services industry. To determine if it's suitable for your specific needs, please contact Vermeg for a detailed consultation and assessment.",suitability,Oversight Limits
How long does it take to implement Oversight Limits?,Implementation time for Oversight Limits varies depending on your specific requirements and organizational complexity. Vermeg's implementation team will work with you to develop a timeline that meets your needs.,implementation,Oversight Limits
What is Xchanger?,Vermeg Xchanger is a comprehensive regulatory reporting platform that helps financial institutions manage their regulatory obligations efficiently.,general_info,Xchanger
Tell me about Xchanger,Vermeg Xchanger is a comprehensive regulatory reporting platform that helps financial institutions manage their regulatory obligations efficiently. It offers comprehensive functionality to help organizations improve their operations and meet regulatory requirements.,general_info,Xchanger
What does Xchanger do?,Xchanger vermeg xchanger is a comprehensive regulatory reporting platform that helps financial institutions manage their regulatory obligations efficiently. The solution helps organizations streamline their processes and achieve better outcomes.,functionality,Xchanger
Can you explain Xchanger?,Certainly! Vermeg Xchanger is a comprehensive regulatory reporting platform that helps financial institutions manage their regulatory obligations efficiently. This makes it an ideal choice for organizations looking to enhance their operational capabilities.,general_info,Xchanger
What are the features of Xchanger?,"The key features of Xchanger include: Automated regulatory reporting, Multi-jurisdiction compliance, Real-time data validation, Flexible data transformation, Comprehensive audit trail.",features,Xchanger
What capabilities does Xchanger have?,"Xchanger offers the following capabilities: Automated regulatory reporting, Multi-jurisdiction compliance, Real-time data validation, Flexible data transformation, Comprehensive audit trail.",features,Xchanger
What functionality does Xchanger provide?,"Xchanger provides comprehensive functionality including: Automated regulatory reporting, Multi-jurisdiction compliance, Real-time data validation, Flexible data transformation, Comprehensive audit trail.",features,Xchanger
What are the benefits of using Xchanger?,"The key benefits of Xchanger include: Reduces compliance costs, Minimizes regulatory risk, Improves data quality, Accelerates reporting processes, Ensures regulatory compliance.",benefits,Xchanger
Why should I choose Xchanger?,"You should choose Xchanger because it provides: Reduces compliance costs, Minimizes regulatory risk, Improves data quality, Accelerates reporting processes, Ensures regulatory compliance. These advantages help organizations achieve their business objectives more effectively.",benefits,Xchanger
How can Xchanger help my organization?,"Xchanger can help your organization by providing: Reduces compliance costs, Minimizes regulatory risk, Improves data quality, Accelerates reporting processes, Ensures regulatory compliance. This leads to improved performance and better business outcomes.",benefits,Xchanger
What are the use cases for Xchanger?,"Xchanger is commonly used for: Regulatory reporting, Risk management, Data quality management, Compliance monitoring.",use_cases,Xchanger
When should I use Xchanger?,"You should consider Xchanger for: Regulatory reporting, Risk management, Data quality management, Compliance monitoring. It's particularly effective in these scenarios.",use_cases,Xchanger
What problems does Xchanger solve?,"Xchanger helps solve challenges related to: Regulatory reporting, Risk management, Data quality management, Compliance monitoring. It provides comprehensive solutions for these business needs.",use_cases,Xchanger
How can I get Xchanger?,"To implement Xchanger, please contact Vermeg directly. Our team will assess your specific needs and provide detailed information about implementation, pricing, and support options.",acquisition,Xchanger
Is Xchanger suitable for my business?,"Xchanger is designed to meet diverse business requirements in the financial services industry. To determine if it's suitable for your specific needs, please contact Vermeg for a detailed consultation and assessment.",suitability,Xchanger
How long does it take to implement Xchanger?,Implementation time for Xchanger varies depending on your specific requirements and organizational complexity. Vermeg's implementation team will work with you to develop a timeline that meets your needs.,implementation,Xchanger
What is Colline?,Vermeg Colline is a powerful insurance and pension administration platform designed to manage the complete lifecycle of insurance products.,general_info,Colline
Tell me about Colline,Vermeg Colline is a powerful insurance and pension administration platform designed to manage the complete lifecycle of insurance products. It offers comprehensive functionality to help organizations improve their operations and meet regulatory requirements.,general_info,Colline
What does Colline do?,Colline vermeg colline is a powerful insurance and pension administration platform designed to manage the complete lifecycle of insurance products. The solution helps organizations streamline their processes and achieve better outcomes.,functionality,Colline
Can you explain Colline?,Certainly! Vermeg Colline is a powerful insurance and pension administration platform designed to manage the complete lifecycle of insurance products. This makes it an ideal choice for organizations looking to enhance their operational capabilities.,general_info,Colline
What are the features of Colline?,"The key features of Colline include: Policy administration, Claims management, Premium calculation, Workflow automation, Multi-product support.",features,Colline
What capabilities does Colline have?,"Colline offers the following capabilities: Policy administration, Claims management, Premium calculation, Workflow automation, Multi-product support.",features,Colline
What functionality does Colline provide?,"Colline provides comprehensive functionality including: Policy administration, Claims management, Premium calculation, Workflow automation, Multi-product support.",features,Colline
What are the benefits of using Colline?,"The key benefits of Colline include: Streamlines operations, Reduces processing time, Improves customer service, Enhances operational efficiency, Supports business growth.",benefits,Colline
Why should I choose Colline?,"You should choose Colline because it provides: Streamlines operations, Reduces processing time, Improves customer service, Enhances operational efficiency, Supports business growth. These advantages help organizations achieve their business objectives more effectively.",benefits,Colline
How can Colline help my organization?,"Colline can help your organization by providing: Streamlines operations, Reduces processing time, Improves customer service, Enhances operational efficiency, Supports business growth. This leads to improved performance and better business outcomes.",benefits,Colline
What are the use cases for Colline?,"Colline is commonly used for: Life insurance administration, Pension fund management, Claims processing, Customer relationship management.",use_cases,Colline
When should I use Colline?,"You should consider Colline for: Life insurance administration, Pension fund management, Claims processing, Customer relationship management. It's particularly effective in these scenarios.",use_cases,Colline
What problems does Colline solve?,"Colline helps solve challenges related to: Life insurance administration, Pension fund management, Claims processing, Customer relationship management. It provides comprehensive solutions for these business needs.",use_cases,Colline
How can I get Colline?,"To implement Colline, please contact Vermeg directly. Our team will assess your specific needs and provide detailed information about implementation, pricing, and support options.",acquisition,Colline
Is Colline suitable for my business?,"Colline is designed to meet diverse business requirements in the financial services industry. To determine if it's suitable for your specific needs, please contact Vermeg for a detailed consultation and assessment.",suitability,Colline
How long does it take to implement Colline?,Implementation time for Colline varies depending on your specific requirements and organizational complexity. Vermeg's implementation team will work with you to develop a timeline that meets your needs.,implementation,Colline
What is General?,Vermeg General is a professional solution designed to meet the specific needs of financial institutions.,general_info,General
Tell me about General,Vermeg General is a professional solution designed to meet the specific needs of financial institutions. It offers comprehensive functionality to help organizations improve their operations and meet regulatory requirements.,general_info,General
What does General do?,General vermeg general is a professional solution designed to meet the specific needs of financial institutions. The solution helps organizations streamline their processes and achieve better outcomes.,functionality,General
Can you explain General?,Certainly! Vermeg General is a professional solution designed to meet the specific needs of financial institutions. This makes it an ideal choice for organizations looking to enhance their operational capabilities.,general_info,General
What are the features of General?,"The key features of General include: Professional-grade functionality, Integration capabilities, Compliance support, User-friendly interface, Scalable architecture.",features,General
What capabilities does General have?,"General offers the following capabilities: Professional-grade functionality, Integration capabilities, Compliance support, User-friendly interface, Scalable architecture.",features,General
What functionality does General provide?,"General provides comprehensive functionality including: Professional-grade functionality, Integration capabilities, Compliance support, User-friendly interface, Scalable architecture.",features,General
What are the benefits of using General?,"The key benefits of General include: Improved operational efficiency, Enhanced compliance, Reduced operational risk, Better customer service, Cost optimization.",benefits,General
Why should I choose General?,"You should choose General because it provides: Improved operational efficiency, Enhanced compliance, Reduced operational risk, Better customer service, Cost optimization. These advantages help organizations achieve their business objectives more effectively.",benefits,General
How can General help my organization?,"General can help your organization by providing: Improved operational efficiency, Enhanced compliance, Reduced operational risk, Better customer service, Cost optimization. This leads to improved performance and better business outcomes.",benefits,General
What are the use cases for General?,"General is commonly used for: Business process optimization, Compliance management, Risk management, Customer service enhancement.",use_cases,General
When should I use General?,"You should consider General for: Business process optimization, Compliance management, Risk management, Customer service enhancement. It's particularly effective in these scenarios.",use_cases,General
What problems does General solve?,"General helps solve challenges related to: Business process optimization, Compliance management, Risk management, Customer service enhancement. It provides comprehensive solutions for these business needs.",use_cases,General
How can I get General?,"To implement General, please contact Vermeg directly. Our team will assess your specific needs and provide detailed information about implementation, pricing, and support options.",acquisition,General
Is General suitable for my business?,"General is designed to meet diverse business requirements in the financial services industry. To determine if it's suitable for your specific needs, please contact Vermeg for a detailed consultation and assessment.",suitability,General
How long does it take to implement General?,Implementation time for General varies depending on your specific requirements and organizational complexity. Vermeg's implementation team will work with you to develop a timeline that meets your needs.,implementation,General
What is Megara?,Vermeg Megara is an advanced analytics and risk management platform that provides comprehensive insights for financial institutions.,general_info,Megara
Tell me about Megara,Vermeg Megara is an advanced analytics and risk management platform that provides comprehensive insights for financial institutions. It offers comprehensive functionality to help organizations improve their operations and meet regulatory requirements.,general_info,Megara
What does Megara do?,Megara vermeg megara is an advanced analytics and risk management platform that provides comprehensive insights for financial institutions. The solution helps organizations streamline their processes and achieve better outcomes.,functionality,Megara
Can you explain Megara?,Certainly! Vermeg Megara is an advanced analytics and risk management platform that provides comprehensive insights for financial institutions. This makes it an ideal choice for organizations looking to enhance their operational capabilities.,general_info,Megara
What are the features of Megara?,"The key features of Megara include: Advanced analytics, Risk assessment, Portfolio management, Stress testing, Real-time monitoring.",features,Megara
What capabilities does Megara have?,"Megara offers the following capabilities: Advanced analytics, Risk assessment, Portfolio management, Stress testing, Real-time monitoring.",features,Megara
What functionality does Megara provide?,"Megara provides comprehensive functionality including: Advanced analytics, Risk assessment, Portfolio management, Stress testing, Real-time monitoring.",features,Megara
What are the benefits of using Megara?,"The key benefits of Megara include: Enhanced risk visibility, Better decision making, Improved portfolio performance, Regulatory compliance, Operational efficiency.",benefits,Megara
Why should I choose Megara?,"You should choose Megara because it provides: Enhanced risk visibility, Better decision making, Improved portfolio performance, Regulatory compliance, Operational efficiency. These advantages help organizations achieve their business objectives more effectively.",benefits,Megara
How can Megara help my organization?,"Megara can help your organization by providing: Enhanced risk visibility, Better decision making, Improved portfolio performance, Regulatory compliance, Operational efficiency. This leads to improved performance and better business outcomes.",benefits,Megara
What are the use cases for Megara?,"Megara is commonly used for: Risk management, Portfolio optimization, Regulatory reporting, Stress testing.",use_cases,Megara
When should I use Megara?,"You should consider Megara for: Risk management, Portfolio optimization, Regulatory reporting, Stress testing. It's particularly effective in these scenarios.",use_cases,Megara
What problems does Megara solve?,"Megara helps solve challenges related to: Risk management, Portfolio optimization, Regulatory reporting, Stress testing. It provides comprehensive solutions for these business needs.",use_cases,Megara
How can I get Megara?,"To implement Megara, please contact Vermeg directly. Our team will assess your specific needs and provide detailed information about implementation, pricing, and support options.",acquisition,Megara
Is Megara suitable for my business?,"Megara is designed to meet diverse business requirements in the financial services industry. To determine if it's suitable for your specific needs, please contact Vermeg for a detailed consultation and assessment.",suitability,Megara
How long does it take to implement Megara?,Implementation time for Megara varies depending on your specific requirements and organizational complexity. Vermeg's implementation team will work with you to develop a timeline that meets your needs.,implementation,Megara
What is Soliam?,Vermeg Soliam is a comprehensive asset management platform that provides end-to-end portfolio management capabilities.,general_info,Soliam
Tell me about Soliam,Vermeg Soliam is a comprehensive asset management platform that provides end-to-end portfolio management capabilities. It offers comprehensive functionality to help organizations improve their operations and meet regulatory requirements.,general_info,Soliam
What does Soliam do?,Soliam vermeg soliam is a comprehensive asset management platform that provides end-to-end portfolio management capabilities. The solution helps organizations streamline their processes and achieve better outcomes.,functionality,Soliam
Can you explain Soliam?,Certainly! Vermeg Soliam is a comprehensive asset management platform that provides end-to-end portfolio management capabilities. This makes it an ideal choice for organizations looking to enhance their operational capabilities.,general_info,Soliam
What are the features of Soliam?,"The key features of Soliam include: Portfolio management, Trade execution, Risk monitoring, Performance analysis, Compliance management.",features,Soliam
What capabilities does Soliam have?,"Soliam offers the following capabilities: Portfolio management, Trade execution, Risk monitoring, Performance analysis, Compliance management.",features,Soliam
What functionality does Soliam provide?,"Soliam provides comprehensive functionality including: Portfolio management, Trade execution, Risk monitoring, Performance analysis, Compliance management.",features,Soliam
What are the benefits of using Soliam?,"The key benefits of Soliam include: Optimized investment performance, Reduced operational risk, Enhanced compliance, Improved efficiency, Better client service.",benefits,Soliam
Why should I choose Soliam?,"You should choose Soliam because it provides: Optimized investment performance, Reduced operational risk, Enhanced compliance, Improved efficiency, Better client service. These advantages help organizations achieve their business objectives more effectively.",benefits,Soliam
How can Soliam help my organization?,"Soliam can help your organization by providing: Optimized investment performance, Reduced operational risk, Enhanced compliance, Improved efficiency, Better client service. This leads to improved performance and better business outcomes.",benefits,Soliam
What are the use cases for Soliam?,"Soliam is commonly used for: Asset management, Portfolio optimization, Risk management, Performance monitoring.",use_cases,Soliam
When should I use Soliam?,"You should consider Soliam for: Asset management, Portfolio optimization, Risk management, Performance monitoring. It's particularly effective in these scenarios.",use_cases,Soliam
What problems does Soliam solve?,"Soliam helps solve challenges related to: Asset management, Portfolio optimization, Risk management, Performance monitoring. It provides comprehensive solutions for these business needs.",use_cases,Soliam
How can I get Soliam?,"To implement Soliam, please contact Vermeg directly. Our team will assess your specific needs and provide detailed information about implementation, pricing, and support options.",acquisition,Soliam
Is Soliam suitable for my business?,"Soliam is designed to meet diverse business requirements in the financial services industry. To determine if it's suitable for your specific needs, please contact Vermeg for a detailed consultation and assessment.",suitability,Soliam
How long does it take to implement Soliam?,Implementation time for Soliam varies depending on your specific requirements and organizational complexity. Vermeg's implementation team will work with you to develop a timeline that meets your needs.,implementation,Soliam
What is Solife?,Vermeg Solife is a comprehensive life insurance platform that manages the entire lifecycle of life insurance products.,general_info,Solife
Tell me about Solife,Vermeg Solife is a comprehensive life insurance platform that manages the entire lifecycle of life insurance products. It offers comprehensive functionality to help organizations improve their operations and meet regulatory requirements.,general_info,Solife
What does Solife do?,Solife vermeg solife is a comprehensive life insurance platform that manages the entire lifecycle of life insurance products. The solution helps organizations streamline their processes and achieve better outcomes.,functionality,Solife
Can you explain Solife?,Certainly! Vermeg Solife is a comprehensive life insurance platform that manages the entire lifecycle of life insurance products. This makes it an ideal choice for organizations looking to enhance their operational capabilities.,general_info,Solife
What are the features of Solife?,"The key features of Solife include: Policy administration, Premium management, Claims processing, Regulatory compliance, Customer management.",features,Solife
What capabilities does Solife have?,"Solife offers the following capabilities: Policy administration, Premium management, Claims processing, Regulatory compliance, Customer management.",features,Solife
What functionality does Solife provide?,"Solife provides comprehensive functionality including: Policy administration, Premium management, Claims processing, Regulatory compliance, Customer management.",features,Solife
What are the benefits of using Solife?,"The key benefits of Solife include: Streamlined operations, Improved customer experience, Regulatory compliance, Reduced costs, Enhanced efficiency.",benefits,Solife
Why should I choose Solife?,"You should choose Solife because it provides: Streamlined operations, Improved customer experience, Regulatory compliance, Reduced costs, Enhanced efficiency. These advantages help organizations achieve their business objectives more effectively.",benefits,Solife
How can Solife help my organization?,"Solife can help your organization by providing: Streamlined operations, Improved customer experience, Regulatory compliance, Reduced costs, Enhanced efficiency. This leads to improved performance and better business outcomes.",benefits,Solife
What are the use cases for Solife?,"Solife is commonly used for: Life insurance administration, Policy management, Claims processing, Customer service.",use_cases,Solife
When should I use Solife?,"You should consider Solife for: Life insurance administration, Policy management, Claims processing, Customer service. It's particularly effective in these scenarios.",use_cases,Solife
What problems does Solife solve?,"Solife helps solve challenges related to: Life insurance administration, Policy management, Claims processing, Customer service. It provides comprehensive solutions for these business needs.",use_cases,Solife
How can I get Solife?,"To implement Solife, please contact Vermeg directly. Our team will assess your specific needs and provide detailed information about implementation, pricing, and support options.",acquisition,Solife
Is Solife suitable for my business?,"Solife is designed to meet diverse business requirements in the financial services industry. To determine if it's suitable for your specific needs, please contact Vermeg for a detailed consultation and assessment.",suitability,Solife
How long does it take to implement Solife?,Implementation time for Solife varies depending on your specific requirements and organizational complexity. Vermeg's implementation team will work with you to develop a timeline that meets your needs.,implementation,Solife
What is Vermeg?,"Vermeg is a leading provider of innovative software solutions for the financial services industry. We specialize in regulatory compliance, risk management, digital transformation, and insurance solutions, helping financial institutions optimize their operations and meet regulatory requirements.",general_company,general
What solutions does Vermeg offer?,"Vermeg offers a comprehensive portfolio of solutions including: Xchanger, Xchanger, Client Data Collector, Collateral Email Channel Automation, Default Management, Digital Commercial Agreement, Easy Agreement, Easy Collateral, Easy Collateral, Fast Track, Group Insurance Member Enrolment, Individual Life & Health Insurance, Individual Life & Health Insurance, Money for Life, Optimizer.... These solutions cover regulatory compliance, risk management, insurance, asset management, and digital transformation.",general_company,general
What industries does Vermeg serve?,"Vermeg primarily serves the financial services industry, including commercial banks, investment banks, insurance companies, pension funds, asset managers, and other financial institutions. Our solutions help these organizations with regulatory compliance, risk management, and operational efficiency.",general_company,general
How can I contact Vermeg?,You can contact Vermeg through our website at vermeg.com or reach out to our sales team directly. We have offices in multiple locations worldwide and our team is ready to discuss how our solutions can benefit your organization.,contact,general
What makes Vermeg different?,"Vermeg stands out through our deep expertise in financial services, comprehensive solution portfolio, strong regulatory knowledge, and commitment to innovation. We combine industry experience with cutting-edge technology to deliver solutions that truly meet our clients' needs.",general_company,general
Does Vermeg provide support?,"Yes, Vermeg provides comprehensive support including implementation services, training, ongoing technical support, and maintenance. Our support team works closely with clients to ensure successful deployment and optimal use of our solutions.",support,general
What digital solutions does Vermeg offer?,"Vermeg's digital solutions include: Xchanger, Xchanger, Client Data Collector, Collateral Email Channel Automation, Default Management, Digital Commercial Agreement, Easy Agreement, Easy Collateral, Easy Collateral, Fast Track, Group Insurance Member Enrolment, Individual Life & Health Insurance, Individual Life & Health Insurance, Money for Life, Optimizer, Oversight Limits, Xchanger. These solutions help organizations digitize their processes, improve operational efficiency, and enhance customer experience.",digital_solutions,general
How can Vermeg help with digital transformation?,"Vermeg supports digital transformation through solutions like: Xchanger, Xchanger, Client Data Collector, Collateral Email Channel Automation, Default Management.... These tools help organizations modernize their operations, automate processes, and improve customer service.",digital_solutions,general
What are Vermeg's core solutions?,"Vermeg's core solutions include: Colline, General, Megara, Soliam, Solife. These are our fundamental platform solutions that provide comprehensive functionality for financial institutions.",core_solutions,general
What platforms does Vermeg offer?,"Vermeg offers several comprehensive platforms including: Colline, General, Megara, Soliam, Solife. These platforms provide end-to-end functionality for various financial services operations.",core_solutions,general
How does Vermeg help with regulatory compliance?,"Vermeg helps organizations achieve regulatory compliance through specialized solutions like Xchanger for regulatory reporting, comprehensive risk management tools, and automated compliance monitoring. Our solutions are designed to meet various regulatory requirements including MiFID II, EMIR, Solvency II, and many others.",compliance,general
What regulatory frameworks does Vermeg support?,"Vermeg supports numerous regulatory frameworks including MiFID II, EMIR, Solvency II, Basel III, IFRS, GDPR, and many others. Our solutions are regularly updated to ensure compliance with evolving regulatory requirements.",compliance,general
I'd like to know about Xchanger,Vermeg Xchanger is a comprehensive regulatory reporting platform that helps financial institutions manage their regulatory obligations efficiently.,general_info,Xchanger
What exactly is Xchanger?,Vermeg Xchanger is a comprehensive regulatory reporting platform that helps financial institutions manage their regulatory obligations efficiently.,general_info,Xchanger
Help me understand Xchanger,Vermeg Xchanger is a comprehensive regulatory reporting platform that helps financial institutions manage their regulatory obligations efficiently.,general_info,Xchanger
Explain Xchanger to me,Vermeg Xchanger is a comprehensive regulatory reporting platform that helps financial institutions manage their regulatory obligations efficiently. It offers comprehensive functionality to help organizations improve their operations and meet regulatory requirements.,general_info,Xchanger
Provide details about Xchanger,Vermeg Xchanger is a comprehensive regulatory reporting platform that helps financial institutions manage their regulatory obligations efficiently. It offers comprehensive functionality to help organizations improve their operations and meet regulatory requirements.,general_info,Xchanger
What should I know about Xchanger?,Vermeg Xchanger is a comprehensive regulatory reporting platform that helps financial institutions manage their regulatory obligations efficiently. It offers comprehensive functionality to help organizations improve their operations and meet regulatory requirements.,general_info,Xchanger
Could you describe Xchanger?,Vermeg Xchanger is a comprehensive regulatory reporting platform that helps financial institutions manage their regulatory obligations efficiently. It offers comprehensive functionality to help organizations improve their operations and meet regulatory requirements.,general_info,Xchanger
How does Xchanger function?,Xchanger vermeg xchanger is a comprehensive regulatory reporting platform that helps financial institutions manage their regulatory obligations efficiently. The solution helps organizations streamline their processes and achieve better outcomes.,functionality,Xchanger
How does Xchanger work?,Xchanger vermeg xchanger is a comprehensive regulatory reporting platform that helps financial institutions manage their regulatory obligations efficiently. The solution helps organizations streamline their processes and achieve better outcomes.,functionality,Xchanger
What's the main function of Xchanger?,Xchanger vermeg xchanger is a comprehensive regulatory reporting platform that helps financial institutions manage their regulatory obligations efficiently. The solution helps organizations streamline their processes and achieve better outcomes.,functionality,Xchanger
What job does Xchanger do?,Xchanger vermeg xchanger is a comprehensive regulatory reporting platform that helps financial institutions manage their regulatory obligations efficiently. The solution helps organizations streamline their processes and achieve better outcomes.,functionality,Xchanger
How does Xchanger help?,Xchanger vermeg xchanger is a comprehensive regulatory reporting platform that helps financial institutions manage their regulatory obligations efficiently. The solution helps organizations streamline their processes and achieve better outcomes.,functionality,Xchanger
I need information on Xchanger,Certainly! Vermeg Xchanger is a comprehensive regulatory reporting platform that helps financial institutions manage their regulatory obligations efficiently. This makes it an ideal choice for organizations looking to enhance their operational capabilities.,general_info,Xchanger
What can Xchanger do?,"The key features of Xchanger include: Automated regulatory reporting, Multi-jurisdiction compliance, Real-time data validation, Flexible data transformation, Comprehensive audit trail.",features,Xchanger
What are the technical capabilities of Xchanger?,"The key features of Xchanger include: Automated regulatory reporting, Multi-jurisdiction compliance, Real-time data validation, Flexible data transformation, Comprehensive audit trail.",features,Xchanger
What are Xchanger's key features?,"The key features of Xchanger include: Automated regulatory reporting, Multi-jurisdiction compliance, Real-time data validation, Flexible data transformation, Comprehensive audit trail.",features,Xchanger
Describe the features of Xchanger,"Xchanger offers the following capabilities: Automated regulatory reporting, Multi-jurisdiction compliance, Real-time data validation, Flexible data transformation, Comprehensive audit trail.",features,Xchanger
What are the main capabilities of Xchanger?,"Xchanger offers the following capabilities: Automated regulatory reporting, Multi-jurisdiction compliance, Real-time data validation, Flexible data transformation, Comprehensive audit trail.",features,Xchanger
Tell me about Xchanger's features,"Xchanger offers the following capabilities: Automated regulatory reporting, Multi-jurisdiction compliance, Real-time data validation, Flexible data transformation, Comprehensive audit trail.",features,Xchanger
What does Xchanger offer in terms of features?,"Xchanger provides comprehensive functionality including: Automated regulatory reporting, Multi-jurisdiction compliance, Real-time data validation, Flexible data transformation, Comprehensive audit trail.",features,Xchanger
How does Xchanger add value?,"The key benefits of Xchanger include: Reduces compliance costs, Minimizes regulatory risk, Improves data quality, Accelerates reporting processes, Ensures regulatory compliance.",benefits,Xchanger
What ROI can I expect from Xchanger?,"The key benefits of Xchanger include: Reduces compliance costs, Minimizes regulatory risk, Improves data quality, Accelerates reporting processes, Ensures regulatory compliance.",benefits,Xchanger
What are the business benefits of Xchanger?,"The key benefits of Xchanger include: Reduces compliance costs, Minimizes regulatory risk, Improves data quality, Accelerates reporting processes, Ensures regulatory compliance.",benefits,Xchanger
What makes Xchanger valuable?,"The key benefits of Xchanger include: Reduces compliance costs, Minimizes regulatory risk, Improves data quality, Accelerates reporting processes, Ensures regulatory compliance.",benefits,Xchanger
Why is Xchanger beneficial?,"You should choose Xchanger because it provides: Reduces compliance costs, Minimizes regulatory risk, Improves data quality, Accelerates reporting processes, Ensures regulatory compliance. These advantages help organizations achieve their business objectives more effectively.",benefits,Xchanger
Why would I want to use Xchanger?,"You should choose Xchanger because it provides: Reduces compliance costs, Minimizes regulatory risk, Improves data quality, Accelerates reporting processes, Ensures regulatory compliance. These advantages help organizations achieve their business objectives more effectively.",benefits,Xchanger
What advantages does Xchanger offer?,"Xchanger can help your organization by providing: Reduces compliance costs, Minimizes regulatory risk, Improves data quality, Accelerates reporting processes, Ensures regulatory compliance. This leads to improved performance and better business outcomes.",benefits,Xchanger
How will Xchanger benefit my business?,"Xchanger can help your organization by providing: Reduces compliance costs, Minimizes regulatory risk, Improves data quality, Accelerates reporting processes, Ensures regulatory compliance. This leads to improved performance and better business outcomes.",benefits,Xchanger
Where can Xchanger be applied?,"Xchanger is commonly used for: Regulatory reporting, Risk management, Data quality management, Compliance monitoring.",use_cases,Xchanger
In which industries is Xchanger used?,"Xchanger is commonly used for: Regulatory reporting, Risk management, Data quality management, Compliance monitoring.",use_cases,Xchanger
What business needs does Xchanger meet?,"Xchanger is commonly used for: Regulatory reporting, Risk management, Data quality management, Compliance monitoring.",use_cases,Xchanger
In what situations is Xchanger useful?,"Xchanger is commonly used for: Regulatory reporting, Risk management, Data quality management, Compliance monitoring.",use_cases,Xchanger
For what purposes is Xchanger designed?,"Xchanger is commonly used for: Regulatory reporting, Risk management, Data quality management, Compliance monitoring.",use_cases,Xchanger
What scenarios is Xchanger designed for?,"You should consider Xchanger for: Regulatory reporting, Risk management, Data quality management, Compliance monitoring. It's particularly effective in these scenarios.",use_cases,Xchanger
What business problems can Xchanger address?,"Xchanger helps solve challenges related to: Regulatory reporting, Risk management, Data quality management, Compliance monitoring. It provides comprehensive solutions for these business needs.",use_cases,Xchanger
What challenges does Xchanger help with?,"Xchanger helps solve challenges related to: Regulatory reporting, Risk management, Data quality management, Compliance monitoring. It provides comprehensive solutions for these business needs.",use_cases,Xchanger
When is Xchanger most effective?,"Xchanger helps solve challenges related to: Regulatory reporting, Risk management, Data quality management, Compliance monitoring. It provides comprehensive solutions for these business needs.",use_cases,Xchanger
What are the steps to get Xchanger?,"To implement Xchanger, please contact Vermeg directly. Our team will assess your specific needs and provide detailed information about implementation, pricing, and support options.",acquisition,Xchanger
How do I get started with Xchanger?,"To implement Xchanger, please contact Vermeg directly. Our team will assess your specific needs and provide detailed information about implementation, pricing, and support options.",acquisition,Xchanger
What's the process to acquire Xchanger?,"To implement Xchanger, please contact Vermeg directly. Our team will assess your specific needs and provide detailed information about implementation, pricing, and support options.",acquisition,Xchanger
How can I purchase Xchanger?,"To implement Xchanger, please contact Vermeg directly. Our team will assess your specific needs and provide detailed information about implementation, pricing, and support options.",acquisition,Xchanger
Is Xchanger right for my organization?,"Xchanger is designed to meet diverse business requirements in the financial services industry. To determine if it's suitable for your specific needs, please contact Vermeg for a detailed consultation and assessment.",suitability,Xchanger
Should my business consider Xchanger?,"Xchanger is designed to meet diverse business requirements in the financial services industry. To determine if it's suitable for your specific needs, please contact Vermeg for a detailed consultation and assessment.",suitability,Xchanger
Is Xchanger appropriate for my needs?,"Xchanger is designed to meet diverse business requirements in the financial services industry. To determine if it's suitable for your specific needs, please contact Vermeg for a detailed consultation and assessment.",suitability,Xchanger
Is Xchanger relevant to our industry?,"Xchanger is designed to meet diverse business requirements in the financial services industry. To determine if it's suitable for your specific needs, please contact Vermeg for a detailed consultation and assessment.",suitability,Xchanger
How soon can we start using Xchanger?,Implementation time for Xchanger varies depending on your specific requirements and organizational complexity. Vermeg's implementation team will work with you to develop a timeline that meets your needs.,implementation,Xchanger
When can we expect Xchanger to be ready?,Implementation time for Xchanger varies depending on your specific requirements and organizational complexity. Vermeg's implementation team will work with you to develop a timeline that meets your needs.,implementation,Xchanger
What's the rollout timeline for Xchanger?,Implementation time for Xchanger varies depending on your specific requirements and organizational complexity. Vermeg's implementation team will work with you to develop a timeline that meets your needs.,implementation,Xchanger
What's the implementation duration for Xchanger?,Implementation time for Xchanger varies depending on your specific requirements and organizational complexity. Vermeg's implementation team will work with you to develop a timeline that meets your needs.,implementation,Xchanger
How quickly can Xchanger be deployed?,Implementation time for Xchanger varies depending on your specific requirements and organizational complexity. Vermeg's implementation team will work with you to develop a timeline that meets your needs.,implementation,Xchanger
What's Xchanger all about?,Vermeg Xchanger is a comprehensive regulatory reporting platform that helps financial institutions manage their regulatory obligations efficiently. It offers comprehensive functionality to help organizations improve their operations and meet regulatory requirements.,general_info,Xchanger
Give me information about Xchanger,Vermeg Xchanger is a comprehensive regulatory reporting platform that helps financial institutions manage their regulatory obligations efficiently. It offers comprehensive functionality to help organizations improve their operations and meet regulatory requirements.,general_info,Xchanger
I'm interested in learning about Xchanger,Vermeg Xchanger is a comprehensive regulatory reporting platform that helps financial institutions manage their regulatory obligations efficiently. It offers comprehensive functionality to help organizations improve their operations and meet regulatory requirements.,general_info,Xchanger
What's the core function of Xchanger?,Xchanger vermeg xchanger is a comprehensive regulatory reporting platform that helps financial institutions manage their regulatory obligations efficiently. The solution helps organizations streamline their processes and achieve better outcomes.,functionality,Xchanger
What tasks does Xchanger perform?,Xchanger vermeg xchanger is a comprehensive regulatory reporting platform that helps financial institutions manage their regulatory obligations efficiently. The solution helps organizations streamline their processes and achieve better outcomes.,functionality,Xchanger
What processes does Xchanger handle?,Xchanger vermeg xchanger is a comprehensive regulatory reporting platform that helps financial institutions manage their regulatory obligations efficiently. The solution helps organizations streamline their processes and achieve better outcomes.,functionality,Xchanger
What can you tell me about Xchanger?,Certainly! Vermeg Xchanger is a comprehensive regulatory reporting platform that helps financial institutions manage their regulatory obligations efficiently. This makes it an ideal choice for organizations looking to enhance their operational capabilities.,general_info,Xchanger
What tools does Xchanger provide?,"The key features of Xchanger include: Automated regulatory reporting, Multi-jurisdiction compliance, Real-time data validation, Flexible data transformation, Comprehensive audit trail.",features,Xchanger
What functionality is included in Xchanger?,"The key features of Xchanger include: Automated regulatory reporting, Multi-jurisdiction compliance, Real-time data validation, Flexible data transformation, Comprehensive audit trail.",features,Xchanger
What can I do with Xchanger?,"Xchanger offers the following capabilities: Automated regulatory reporting, Multi-jurisdiction compliance, Real-time data validation, Flexible data transformation, Comprehensive audit trail.",features,Xchanger
What are the advantages of Xchanger?,"The key benefits of Xchanger include: Reduces compliance costs, Minimizes regulatory risk, Improves data quality, Accelerates reporting processes, Ensures regulatory compliance.",benefits,Xchanger
How can Xchanger improve my operations?,"The key benefits of Xchanger include: Reduces compliance costs, Minimizes regulatory risk, Improves data quality, Accelerates reporting processes, Ensures regulatory compliance.",benefits,Xchanger
What positive impact can Xchanger have?,"The key benefits of Xchanger include: Reduces compliance costs, Minimizes regulatory risk, Improves data quality, Accelerates reporting processes, Ensures regulatory compliance.",benefits,Xchanger
What value does Xchanger provide?,"Xchanger can help your organization by providing: Reduces compliance costs, Minimizes regulatory risk, Improves data quality, Accelerates reporting processes, Ensures regulatory compliance. This leads to improved performance and better business outcomes.",benefits,Xchanger
How do I obtain Xchanger?,"To implement Xchanger, please contact Vermeg directly. Our team will assess your specific needs and provide detailed information about implementation, pricing, and support options.",acquisition,Xchanger
What's the procurement process for Xchanger?,"To implement Xchanger, please contact Vermeg directly. Our team will assess your specific needs and provide detailed information about implementation, pricing, and support options.",acquisition,Xchanger
How can my company get Xchanger?,"To implement Xchanger, please contact Vermeg directly. Our team will assess your specific needs and provide detailed information about implementation, pricing, and support options.",acquisition,Xchanger
Would Xchanger fit our organization?,"Xchanger is designed to meet diverse business requirements in the financial services industry. To determine if it's suitable for your specific needs, please contact Vermeg for a detailed consultation and assessment.",suitability,Xchanger
Is Xchanger compatible with our business?,"Xchanger is designed to meet diverse business requirements in the financial services industry. To determine if it's suitable for your specific needs, please contact Vermeg for a detailed consultation and assessment.",suitability,Xchanger
Is Xchanger designed for businesses like ours?,"Xchanger is designed to meet diverse business requirements in the financial services industry. To determine if it's suitable for your specific needs, please contact Vermeg for a detailed consultation and assessment.",suitability,Xchanger
How long is the Xchanger implementation project?,Implementation time for Xchanger varies depending on your specific requirements and organizational complexity. Vermeg's implementation team will work with you to develop a timeline that meets your needs.,implementation,Xchanger
How long does Xchanger take to go live?,Implementation time for Xchanger varies depending on your specific requirements and organizational complexity. Vermeg's implementation team will work with you to develop a timeline that meets your needs.,implementation,Xchanger
What's the timeframe for implementing Xchanger?,Implementation time for Xchanger varies depending on your specific requirements and organizational complexity. Vermeg's implementation team will work with you to develop a timeline that meets your needs.,implementation,Xchanger
What's the implementation timeline for Xchanger?,Implementation time for Xchanger varies depending on your specific requirements and organizational complexity. Vermeg's implementation team will work with you to develop a timeline that meets your needs.,implementation,Xchanger
Help me understand Client Data Collector,Vermeg Client Data Collector is a solution for efficient collection and management of client data across multiple channels.,general_info,Client Data Collector
Could you describe Client Data Collector?,Vermeg Client Data Collector is a solution for efficient collection and management of client data across multiple channels.,general_info,Client Data Collector
What can you tell me about Client Data Collector?,Vermeg Client Data Collector is a solution for efficient collection and management of client data across multiple channels.,general_info,Client Data Collector
I'd like to know about Client Data Collector,Vermeg Client Data Collector is a solution for efficient collection and management of client data across multiple channels.,general_info,Client Data Collector
Give me information about Client Data Collector,Vermeg Client Data Collector is a solution for efficient collection and management of client data across multiple channels. It offers comprehensive functionality to help organizations improve their operations and meet regulatory requirements.,general_info,Client Data Collector
What's Client Data Collector all about?,Vermeg Client Data Collector is a solution for efficient collection and management of client data across multiple channels. It offers comprehensive functionality to help organizations improve their operations and meet regulatory requirements.,general_info,Client Data Collector
What's the core function of Client Data Collector?,Client Data Collector vermeg client data collector is a solution for efficient collection and management of client data across multiple channels. The solution helps organizations streamline their processes and achieve better outcomes.,functionality,Client Data Collector
How does Client Data Collector operate?,Client Data Collector vermeg client data collector is a solution for efficient collection and management of client data across multiple channels. The solution helps organizations streamline their processes and achieve better outcomes.,functionality,Client Data Collector
How does Client Data Collector serve its purpose?,Client Data Collector vermeg client data collector is a solution for efficient collection and management of client data across multiple channels. The solution helps organizations streamline their processes and achieve better outcomes.,functionality,Client Data Collector
What tasks does Client Data Collector perform?,Client Data Collector vermeg client data collector is a solution for efficient collection and management of client data across multiple channels. The solution helps organizations streamline their processes and achieve better outcomes.,functionality,Client Data Collector
I need information on Client Data Collector,Certainly! Vermeg Client Data Collector is a solution for efficient collection and management of client data across multiple channels. This makes it an ideal choice for organizations looking to enhance their operational capabilities.,general_info,Client Data Collector
What exactly is Client Data Collector?,Certainly! Vermeg Client Data Collector is a solution for efficient collection and management of client data across multiple channels. This makes it an ideal choice for organizations looking to enhance their operational capabilities.,general_info,Client Data Collector
What tools does Client Data Collector provide?,"The key features of Client Data Collector include: Multi-channel data collection, Data validation, Automated workflows, Integration capabilities, Compliance tracking.",features,Client Data Collector
What functions does Client Data Collector offer?,"The key features of Client Data Collector include: Multi-channel data collection, Data validation, Automated workflows, Integration capabilities, Compliance tracking.",features,Client Data Collector
What are the technical capabilities of Client Data Collector?,"The key features of Client Data Collector include: Multi-channel data collection, Data validation, Automated workflows, Integration capabilities, Compliance tracking.",features,Client Data Collector
What are the main capabilities of Client Data Collector?,"The key features of Client Data Collector include: Multi-channel data collection, Data validation, Automated workflows, Integration capabilities, Compliance tracking.",features,Client Data Collector
Tell me about Client Data Collector's features,"The key features of Client Data Collector include: Multi-channel data collection, Data validation, Automated workflows, Integration capabilities, Compliance tracking.",features,Client Data Collector
What can I do with Client Data Collector?,"Client Data Collector offers the following capabilities: Multi-channel data collection, Data validation, Automated workflows, Integration capabilities, Compliance tracking.",features,Client Data Collector
Describe the features of Client Data Collector,"Client Data Collector offers the following capabilities: Multi-channel data collection, Data validation, Automated workflows, Integration capabilities, Compliance tracking.",features,Client Data Collector
What are Client Data Collector's key features?,"Client Data Collector offers the following capabilities: Multi-channel data collection, Data validation, Automated workflows, Integration capabilities, Compliance tracking.",features,Client Data Collector
What functionality is included in Client Data Collector?,"Client Data Collector provides comprehensive functionality including: Multi-channel data collection, Data validation, Automated workflows, Integration capabilities, Compliance tracking.",features,Client Data Collector
What advantages does Client Data Collector offer?,"The key benefits of Client Data Collector include: Improved data quality, Faster onboarding, Enhanced compliance, Reduced manual effort, Better customer experience.",benefits,Client Data Collector
What are the advantages of Client Data Collector?,"The key benefits of Client Data Collector include: Improved data quality, Faster onboarding, Enhanced compliance, Reduced manual effort, Better customer experience.",benefits,Client Data Collector
Why is Client Data Collector beneficial?,"The key benefits of Client Data Collector include: Improved data quality, Faster onboarding, Enhanced compliance, Reduced manual effort, Better customer experience.",benefits,Client Data Collector
How will Client Data Collector benefit my business?,"The key benefits of Client Data Collector include: Improved data quality, Faster onboarding, Enhanced compliance, Reduced manual effort, Better customer experience.",benefits,Client Data Collector
How can Client Data Collector improve my operations?,"You should choose Client Data Collector because it provides: Improved data quality, Faster onboarding, Enhanced compliance, Reduced manual effort, Better customer experience. These advantages help organizations achieve their business objectives more effectively.",benefits,Client Data Collector
What positive impact can Client Data Collector have?,"Client Data Collector can help your organization by providing: Improved data quality, Faster onboarding, Enhanced compliance, Reduced manual effort, Better customer experience. This leads to improved performance and better business outcomes.",benefits,Client Data Collector
How does Client Data Collector add value?,"Client Data Collector can help your organization by providing: Improved data quality, Faster onboarding, Enhanced compliance, Reduced manual effort, Better customer experience. This leads to improved performance and better business outcomes.",benefits,Client Data Collector
When is Client Data Collector most effective?,"Client Data Collector is commonly used for: Customer onboarding, KYC processes, Data management, Compliance monitoring.",use_cases,Client Data Collector
What challenges does Client Data Collector help with?,"Client Data Collector is commonly used for: Customer onboarding, KYC processes, Data management, Compliance monitoring.",use_cases,Client Data Collector
Where can Client Data Collector be applied?,"Client Data Collector is commonly used for: Customer onboarding, KYC processes, Data management, Compliance monitoring.",use_cases,Client Data Collector
What scenarios is Client Data Collector designed for?,"Client Data Collector is commonly used for: Customer onboarding, KYC processes, Data management, Compliance monitoring.",use_cases,Client Data Collector
For what purposes is Client Data Collector designed?,"Client Data Collector is commonly used for: Customer onboarding, KYC processes, Data management, Compliance monitoring.",use_cases,Client Data Collector
In what situations is Client Data Collector useful?,"You should consider Client Data Collector for: Customer onboarding, KYC processes, Data management, Compliance monitoring. It's particularly effective in these scenarios.",use_cases,Client Data Collector
What types of organizations use Client Data Collector?,"You should consider Client Data Collector for: Customer onboarding, KYC processes, Data management, Compliance monitoring. It's particularly effective in these scenarios.",use_cases,Client Data Collector
What applications does Client Data Collector have?,"You should consider Client Data Collector for: Customer onboarding, KYC processes, Data management, Compliance monitoring. It's particularly effective in these scenarios.",use_cases,Client Data Collector
What business needs does Client Data Collector meet?,"Client Data Collector helps solve challenges related to: Customer onboarding, KYC processes, Data management, Compliance monitoring. It provides comprehensive solutions for these business needs.",use_cases,Client Data Collector
How can my company get Client Data Collector?,"To implement Client Data Collector, please contact Vermeg directly. Our team will assess your specific needs and provide detailed information about implementation, pricing, and support options.",acquisition,Client Data Collector
How can I start using Client Data Collector?,"To implement Client Data Collector, please contact Vermeg directly. Our team will assess your specific needs and provide detailed information about implementation, pricing, and support options.",acquisition,Client Data Collector
What are the steps to get Client Data Collector?,"To implement Client Data Collector, please contact Vermeg directly. Our team will assess your specific needs and provide detailed information about implementation, pricing, and support options.",acquisition,Client Data Collector
How do I obtain Client Data Collector?,"To implement Client Data Collector, please contact Vermeg directly. Our team will assess your specific needs and provide detailed information about implementation, pricing, and support options.",acquisition,Client Data Collector
What's needed to get Client Data Collector?,"To implement Client Data Collector, please contact Vermeg directly. Our team will assess your specific needs and provide detailed information about implementation, pricing, and support options.",acquisition,Client Data Collector
Should my business consider Client Data Collector?,"Client Data Collector is designed to meet diverse business requirements in the financial services industry. To determine if it's suitable for your specific needs, please contact Vermeg for a detailed consultation and assessment.",suitability,Client Data Collector
Is Client Data Collector the right choice for us?,"Client Data Collector is designed to meet diverse business requirements in the financial services industry. To determine if it's suitable for your specific needs, please contact Vermeg for a detailed consultation and assessment.",suitability,Client Data Collector
Can Client Data Collector work in our environment?,"Client Data Collector is designed to meet diverse business requirements in the financial services industry. To determine if it's suitable for your specific needs, please contact Vermeg for a detailed consultation and assessment.",suitability,Client Data Collector
Would Client Data Collector be suitable for our requirements?,"Client Data Collector is designed to meet diverse business requirements in the financial services industry. To determine if it's suitable for your specific needs, please contact Vermeg for a detailed consultation and assessment.",suitability,Client Data Collector
Is Client Data Collector designed for businesses like ours?,"Client Data Collector is designed to meet diverse business requirements in the financial services industry. To determine if it's suitable for your specific needs, please contact Vermeg for a detailed consultation and assessment.",suitability,Client Data Collector
What's the implementation duration for Client Data Collector?,Implementation time for Client Data Collector varies depending on your specific requirements and organizational complexity. Vermeg's implementation team will work with you to develop a timeline that meets your needs.,implementation,Client Data Collector
When can we expect Client Data Collector to be ready?,Implementation time for Client Data Collector varies depending on your specific requirements and organizational complexity. Vermeg's implementation team will work with you to develop a timeline that meets your needs.,implementation,Client Data Collector
What's the time to value for Client Data Collector?,Implementation time for Client Data Collector varies depending on your specific requirements and organizational complexity. Vermeg's implementation team will work with you to develop a timeline that meets your needs.,implementation,Client Data Collector
What's the delivery timeframe for Client Data Collector?,Implementation time for Client Data Collector varies depending on your specific requirements and organizational complexity. Vermeg's implementation team will work with you to develop a timeline that meets your needs.,implementation,Client Data Collector
What's the implementation timeline for Client Data Collector?,Implementation time for Client Data Collector varies depending on your specific requirements and organizational complexity. Vermeg's implementation team will work with you to develop a timeline that meets your needs.,implementation,Client Data Collector
What can you tell me about Collateral Email Channel Automation?,Vermeg Collateral Email Channel Automation is a professional solution designed to meet the specific needs of financial institutions.,general_info,Collateral Email Channel Automation
Help me understand Collateral Email Channel Automation,Vermeg Collateral Email Channel Automation is a professional solution designed to meet the specific needs of financial institutions.,general_info,Collateral Email Channel Automation
Explain Collateral Email Channel Automation to me,Vermeg Collateral Email Channel Automation is a professional solution designed to meet the specific needs of financial institutions.,general_info,Collateral Email Channel Automation
I need information on Collateral Email Channel Automation,Vermeg Collateral Email Channel Automation is a professional solution designed to meet the specific needs of financial institutions.,general_info,Collateral Email Channel Automation
Could you describe Collateral Email Channel Automation?,Vermeg Collateral Email Channel Automation is a professional solution designed to meet the specific needs of financial institutions.,general_info,Collateral Email Channel Automation
What should I know about Collateral Email Channel Automation?,Vermeg Collateral Email Channel Automation is a professional solution designed to meet the specific needs of financial institutions. It offers comprehensive functionality to help organizations improve their operations and meet regulatory requirements.,general_info,Collateral Email Channel Automation
Give me information about Collateral Email Channel Automation,Vermeg Collateral Email Channel Automation is a professional solution designed to meet the specific needs of financial institutions. It offers comprehensive functionality to help organizations improve their operations and meet regulatory requirements.,general_info,Collateral Email Channel Automation
I'd like to know about Collateral Email Channel Automation,Vermeg Collateral Email Channel Automation is a professional solution designed to meet the specific needs of financial institutions. It offers comprehensive functionality to help organizations improve their operations and meet regulatory requirements.,general_info,Collateral Email Channel Automation
How does Collateral Email Channel Automation serve its purpose?,Collateral Email Channel Automation vermeg collateral email channel automation is a professional solution designed to meet the specific needs of financial institutions. The solution helps organizations streamline their processes and achieve better outcomes.,functionality,Collateral Email Channel Automation
How does Collateral Email Channel Automation function?,Collateral Email Channel Automation vermeg collateral email channel automation is a professional solution designed to meet the specific needs of financial institutions. The solution helps organizations streamline their processes and achieve better outcomes.,functionality,Collateral Email Channel Automation
What's the main function of Collateral Email Channel Automation?,Collateral Email Channel Automation vermeg collateral email channel automation is a professional solution designed to meet the specific needs of financial institutions. The solution helps organizations streamline their processes and achieve better outcomes.,functionality,Collateral Email Channel Automation
What processes does Collateral Email Channel Automation handle?,Collateral Email Channel Automation vermeg collateral email channel automation is a professional solution designed to meet the specific needs of financial institutions. The solution helps organizations streamline their processes and achieve better outcomes.,functionality,Collateral Email Channel Automation
Provide details about Collateral Email Channel Automation,Certainly! Vermeg Collateral Email Channel Automation is a professional solution designed to meet the specific needs of financial institutions. This makes it an ideal choice for organizations looking to enhance their operational capabilities.,general_info,Collateral Email Channel Automation
What are the technical capabilities of Collateral Email Channel Automation?,"The key features of Collateral Email Channel Automation include: Professional-grade functionality, Integration capabilities, Compliance support, User-friendly interface, Scalable architecture.",features,Collateral Email Channel Automation
What does Collateral Email Channel Automation offer in terms of features?,"The key features of Collateral Email Channel Automation include: Professional-grade functionality, Integration capabilities, Compliance support, User-friendly interface, Scalable architecture.",features,Collateral Email Channel Automation
Describe the features of Collateral Email Channel Automation,"The key features of Collateral Email Channel Automation include: Professional-grade functionality, Integration capabilities, Compliance support, User-friendly interface, Scalable architecture.",features,Collateral Email Channel Automation
List the features of Collateral Email Channel Automation,"The key features of Collateral Email Channel Automation include: Professional-grade functionality, Integration capabilities, Compliance support, User-friendly interface, Scalable architecture.",features,Collateral Email Channel Automation
What are the main capabilities of Collateral Email Channel Automation?,"Collateral Email Channel Automation offers the following capabilities: Professional-grade functionality, Integration capabilities, Compliance support, User-friendly interface, Scalable architecture.",features,Collateral Email Channel Automation
What can Collateral Email Channel Automation do?,"Collateral Email Channel Automation offers the following capabilities: Professional-grade functionality, Integration capabilities, Compliance support, User-friendly interface, Scalable architecture.",features,Collateral Email Channel Automation
What functionality is included in Collateral Email Channel Automation?,"Collateral Email Channel Automation offers the following capabilities: Professional-grade functionality, Integration capabilities, Compliance support, User-friendly interface, Scalable architecture.",features,Collateral Email Channel Automation
What are Collateral Email Channel Automation's key features?,"Collateral Email Channel Automation offers the following capabilities: Professional-grade functionality, Integration capabilities, Compliance support, User-friendly interface, Scalable architecture.",features,Collateral Email Channel Automation
What can I do with Collateral Email Channel Automation?,"Collateral Email Channel Automation provides comprehensive functionality including: Professional-grade functionality, Integration capabilities, Compliance support, User-friendly interface, Scalable architecture.",features,Collateral Email Channel Automation
Why would I want to use Collateral Email Channel Automation?,"The key benefits of Collateral Email Channel Automation include: Improved operational efficiency, Enhanced compliance, Reduced operational risk, Better customer service, Cost optimization.",benefits,Collateral Email Channel Automation
How can Collateral Email Channel Automation improve my operations?,"The key benefits of Collateral Email Channel Automation include: Improved operational efficiency, Enhanced compliance, Reduced operational risk, Better customer service, Cost optimization.",benefits,Collateral Email Channel Automation
What advantages does Collateral Email Channel Automation offer?,"The key benefits of Collateral Email Channel Automation include: Improved operational efficiency, Enhanced compliance, Reduced operational risk, Better customer service, Cost optimization.",benefits,Collateral Email Channel Automation
What positive impact can Collateral Email Channel Automation have?,"The key benefits of Collateral Email Channel Automation include: Improved operational efficiency, Enhanced compliance, Reduced operational risk, Better customer service, Cost optimization.",benefits,Collateral Email Channel Automation
How does Collateral Email Channel Automation add value?,"You should choose Collateral Email Channel Automation because it provides: Improved operational efficiency, Enhanced compliance, Reduced operational risk, Better customer service, Cost optimization. These advantages help organizations achieve their business objectives more effectively.",benefits,Collateral Email Channel Automation
What are the business benefits of Collateral Email Channel Automation?,"You should choose Collateral Email Channel Automation because it provides: Improved operational efficiency, Enhanced compliance, Reduced operational risk, Better customer service, Cost optimization. These advantages help organizations achieve their business objectives more effectively.",benefits,Collateral Email Channel Automation
What applications does Collateral Email Channel Automation have?,"Collateral Email Channel Automation is commonly used for: Business process optimization, Compliance management, Risk management, Customer service enhancement.",use_cases,Collateral Email Channel Automation
Where can Collateral Email Channel Automation be applied?,"Collateral Email Channel Automation is commonly used for: Business process optimization, Compliance management, Risk management, Customer service enhancement.",use_cases,Collateral Email Channel Automation
For what purposes is Collateral Email Channel Automation designed?,"Collateral Email Channel Automation is commonly used for: Business process optimization, Compliance management, Risk management, Customer service enhancement.",use_cases,Collateral Email Channel Automation
What types of organizations use Collateral Email Channel Automation?,"Collateral Email Channel Automation is commonly used for: Business process optimization, Compliance management, Risk management, Customer service enhancement.",use_cases,Collateral Email Channel Automation
What challenges does Collateral Email Channel Automation help with?,"Collateral Email Channel Automation is commonly used for: Business process optimization, Compliance management, Risk management, Customer service enhancement.",use_cases,Collateral Email Channel Automation
When is Collateral Email Channel Automation most effective?,"You should consider Collateral Email Channel Automation for: Business process optimization, Compliance management, Risk management, Customer service enhancement. It's particularly effective in these scenarios.",use_cases,Collateral Email Channel Automation
What business problems can Collateral Email Channel Automation address?,"You should consider Collateral Email Channel Automation for: Business process optimization, Compliance management, Risk management, Customer service enhancement. It's particularly effective in these scenarios.",use_cases,Collateral Email Channel Automation
In which industries is Collateral Email Channel Automation used?,"You should consider Collateral Email Channel Automation for: Business process optimization, Compliance management, Risk management, Customer service enhancement. It's particularly effective in these scenarios.",use_cases,Collateral Email Channel Automation
In what situations is Collateral Email Channel Automation useful?,"Collateral Email Channel Automation helps solve challenges related to: Business process optimization, Compliance management, Risk management, Customer service enhancement. It provides comprehensive solutions for these business needs.",use_cases,Collateral Email Channel Automation
How is Collateral Email Channel Automation typically implemented?,"Collateral Email Channel Automation helps solve challenges related to: Business process optimization, Compliance management, Risk management, Customer service enhancement. It provides comprehensive solutions for these business needs.",use_cases,Collateral Email Channel Automation
What's the procurement process for Collateral Email Channel Automation?,"To implement Collateral Email Channel Automation, please contact Vermeg directly. Our team will assess your specific needs and provide detailed information about implementation, pricing, and support options.",acquisition,Collateral Email Channel Automation
How do I get started with Collateral Email Channel Automation?,"To implement Collateral Email Channel Automation, please contact Vermeg directly. Our team will assess your specific needs and provide detailed information about implementation, pricing, and support options.",acquisition,Collateral Email Channel Automation
How can I implement Collateral Email Channel Automation?,"To implement Collateral Email Channel Automation, please contact Vermeg directly. Our team will assess your specific needs and provide detailed information about implementation, pricing, and support options.",acquisition,Collateral Email Channel Automation
How do I buy Collateral Email Channel Automation?,"To implement Collateral Email Channel Automation, please contact Vermeg directly. Our team will assess your specific needs and provide detailed information about implementation, pricing, and support options.",acquisition,Collateral Email Channel Automation
How can I access Collateral Email Channel Automation?,"To implement Collateral Email Channel Automation, please contact Vermeg directly. Our team will assess your specific needs and provide detailed information about implementation, pricing, and support options.",acquisition,Collateral Email Channel Automation
Is Collateral Email Channel Automation designed for businesses like ours?,"Collateral Email Channel Automation is designed to meet diverse business requirements in the financial services industry. To determine if it's suitable for your specific needs, please contact Vermeg for a detailed consultation and assessment.",suitability,Collateral Email Channel Automation
Would Collateral Email Channel Automation benefit our type of business?,"Collateral Email Channel Automation is designed to meet diverse business requirements in the financial services industry. To determine if it's suitable for your specific needs, please contact Vermeg for a detailed consultation and assessment.",suitability,Collateral Email Channel Automation
Would Collateral Email Channel Automation work for my company?,"Collateral Email Channel Automation is designed to meet diverse business requirements in the financial services industry. To determine if it's suitable for your specific needs, please contact Vermeg for a detailed consultation and assessment.",suitability,Collateral Email Channel Automation
Would Collateral Email Channel Automation fit our organization?,"Collateral Email Channel Automation is designed to meet diverse business requirements in the financial services industry. To determine if it's suitable for your specific needs, please contact Vermeg for a detailed consultation and assessment.",suitability,Collateral Email Channel Automation
What's the time to value for Collateral Email Channel Automation?,Implementation time for Collateral Email Channel Automation varies depending on your specific requirements and organizational complexity. Vermeg's implementation team will work with you to develop a timeline that meets your needs.,implementation,Collateral Email Channel Automation
What's the implementation timeline for Collateral Email Channel Automation?,Implementation time for Collateral Email Channel Automation varies depending on your specific requirements and organizational complexity. Vermeg's implementation team will work with you to develop a timeline that meets your needs.,implementation,Collateral Email Channel Automation
How long is the deployment process for Collateral Email Channel Automation?,Implementation time for Collateral Email Channel Automation varies depending on your specific requirements and organizational complexity. Vermeg's implementation team will work with you to develop a timeline that meets your needs.,implementation,Collateral Email Channel Automation
What's the timeframe for implementing Collateral Email Channel Automation?,Implementation time for Collateral Email Channel Automation varies depending on your specific requirements and organizational complexity. Vermeg's implementation team will work with you to develop a timeline that meets your needs.,implementation,Collateral Email Channel Automation
What's the setup time for Collateral Email Channel Automation?,Implementation time for Collateral Email Channel Automation varies depending on your specific requirements and organizational complexity. Vermeg's implementation team will work with you to develop a timeline that meets your needs.,implementation,Collateral Email Channel Automation
What can you tell me about Default Management?,Vermeg Default Management is a professional solution designed to meet the specific needs of financial institutions.,general_info,Default Management
I'm interested in learning about Default Management,Vermeg Default Management is a professional solution designed to meet the specific needs of financial institutions.,general_info,Default Management
Provide details about Default Management,Vermeg Default Management is a professional solution designed to meet the specific needs of financial institutions.,general_info,Default Management
Could you describe Default Management?,Vermeg Default Management is a professional solution designed to meet the specific needs of financial institutions.,general_info,Default Management
What should I know about Default Management?,Vermeg Default Management is a professional solution designed to meet the specific needs of financial institutions.,general_info,Default Management
Give me information about Default Management,Vermeg Default Management is a professional solution designed to meet the specific needs of financial institutions. It offers comprehensive functionality to help organizations improve their operations and meet regulatory requirements.,general_info,Default Management
How does Default Management function?,Default Management vermeg default management is a professional solution designed to meet the specific needs of financial institutions. The solution helps organizations streamline their processes and achieve better outcomes.,functionality,Default Management
What's the main function of Default Management?,Default Management vermeg default management is a professional solution designed to meet the specific needs of financial institutions. The solution helps organizations streamline their processes and achieve better outcomes.,functionality,Default Management
What tasks does Default Management perform?,Default Management vermeg default management is a professional solution designed to meet the specific needs of financial institutions. The solution helps organizations streamline their processes and achieve better outcomes.,functionality,Default Management
What job does Default Management do?,Default Management vermeg default management is a professional solution designed to meet the specific needs of financial institutions. The solution helps organizations streamline their processes and achieve better outcomes.,functionality,Default Management
What is the purpose of Default Management?,Default Management vermeg default management is a professional solution designed to meet the specific needs of financial institutions. The solution helps organizations streamline their processes and achieve better outcomes.,functionality,Default Management
What's Default Management all about?,Certainly! Vermeg Default Management is a professional solution designed to meet the specific needs of financial institutions. This makes it an ideal choice for organizations looking to enhance their operational capabilities.,general_info,Default Management
Describe the features of Default Management,"The key features of Default Management include: Professional-grade functionality, Integration capabilities, Compliance support, User-friendly interface, Scalable architecture.",features,Default Management
What does Default Management offer in terms of features?,"The key features of Default Management include: Professional-grade functionality, Integration capabilities, Compliance support, User-friendly interface, Scalable architecture.",features,Default Management
What are Default Management's key features?,"The key features of Default Management include: Professional-grade functionality, Integration capabilities, Compliance support, User-friendly interface, Scalable architecture.",features,Default Management
What are the technical capabilities of Default Management?,"Default Management offers the following capabilities: Professional-grade functionality, Integration capabilities, Compliance support, User-friendly interface, Scalable architecture.",features,Default Management
What are the main capabilities of Default Management?,"Default Management offers the following capabilities: Professional-grade functionality, Integration capabilities, Compliance support, User-friendly interface, Scalable architecture.",features,Default Management
Tell me about Default Management's features,"Default Management offers the following capabilities: Professional-grade functionality, Integration capabilities, Compliance support, User-friendly interface, Scalable architecture.",features,Default Management
What can Default Management do?,"Default Management offers the following capabilities: Professional-grade functionality, Integration capabilities, Compliance support, User-friendly interface, Scalable architecture.",features,Default Management
What can I do with Default Management?,"Default Management provides comprehensive functionality including: Professional-grade functionality, Integration capabilities, Compliance support, User-friendly interface, Scalable architecture.",features,Default Management
What value does Default Management provide?,"The key benefits of Default Management include: Improved operational efficiency, Enhanced compliance, Reduced operational risk, Better customer service, Cost optimization.",benefits,Default Management
What are the business benefits of Default Management?,"The key benefits of Default Management include: Improved operational efficiency, Enhanced compliance, Reduced operational risk, Better customer service, Cost optimization.",benefits,Default Management
How does Default Management add value?,"The key benefits of Default Management include: Improved operational efficiency, Enhanced compliance, Reduced operational risk, Better customer service, Cost optimization.",benefits,Default Management
How can Default Management improve my operations?,"The key benefits of Default Management include: Improved operational efficiency, Enhanced compliance, Reduced operational risk, Better customer service, Cost optimization.",benefits,Default Management
What ROI can I expect from Default Management?,"You should choose Default Management because it provides: Improved operational efficiency, Enhanced compliance, Reduced operational risk, Better customer service, Cost optimization. These advantages help organizations achieve their business objectives more effectively.",benefits,Default Management
What makes Default Management valuable?,"You should choose Default Management because it provides: Improved operational efficiency, Enhanced compliance, Reduced operational risk, Better customer service, Cost optimization. These advantages help organizations achieve their business objectives more effectively.",benefits,Default Management
Why would I want to use Default Management?,"You should choose Default Management because it provides: Improved operational efficiency, Enhanced compliance, Reduced operational risk, Better customer service, Cost optimization. These advantages help organizations achieve their business objectives more effectively.",benefits,Default Management
What are the advantages of Default Management?,"Default Management can help your organization by providing: Improved operational efficiency, Enhanced compliance, Reduced operational risk, Better customer service, Cost optimization. This leads to improved performance and better business outcomes.",benefits,Default Management
In which industries is Default Management used?,"Default Management is commonly used for: Business process optimization, Compliance management, Risk management, Customer service enhancement.",use_cases,Default Management
What scenarios is Default Management designed for?,"Default Management is commonly used for: Business process optimization, Compliance management, Risk management, Customer service enhancement.",use_cases,Default Management
Where can Default Management be applied?,"Default Management is commonly used for: Business process optimization, Compliance management, Risk management, Customer service enhancement.",use_cases,Default Management
What business needs does Default Management meet?,"You should consider Default Management for: Business process optimization, Compliance management, Risk management, Customer service enhancement. It's particularly effective in these scenarios.",use_cases,Default Management
What applications does Default Management have?,"You should consider Default Management for: Business process optimization, Compliance management, Risk management, Customer service enhancement. It's particularly effective in these scenarios.",use_cases,Default Management
What types of organizations use Default Management?,"You should consider Default Management for: Business process optimization, Compliance management, Risk management, Customer service enhancement. It's particularly effective in these scenarios.",use_cases,Default Management
When is Default Management most effective?,"You should consider Default Management for: Business process optimization, Compliance management, Risk management, Customer service enhancement. It's particularly effective in these scenarios.",use_cases,Default Management
In what situations is Default Management useful?,"Default Management helps solve challenges related to: Business process optimization, Compliance management, Risk management, Customer service enhancement. It provides comprehensive solutions for these business needs.",use_cases,Default Management
For what purposes is Default Management designed?,"Default Management helps solve challenges related to: Business process optimization, Compliance management, Risk management, Customer service enhancement. It provides comprehensive solutions for these business needs.",use_cases,Default Management
How do I request Default Management?,"To implement Default Management, please contact Vermeg directly. Our team will assess your specific needs and provide detailed information about implementation, pricing, and support options.",acquisition,Default Management
How can I purchase Default Management?,"To implement Default Management, please contact Vermeg directly. Our team will assess your specific needs and provide detailed information about implementation, pricing, and support options.",acquisition,Default Management
What's the procurement process for Default Management?,"To implement Default Management, please contact Vermeg directly. Our team will assess your specific needs and provide detailed information about implementation, pricing, and support options.",acquisition,Default Management
What's the process to acquire Default Management?,"To implement Default Management, please contact Vermeg directly. Our team will assess your specific needs and provide detailed information about implementation, pricing, and support options.",acquisition,Default Management
How do I get started with Default Management?,"To implement Default Management, please contact Vermeg directly. Our team will assess your specific needs and provide detailed information about implementation, pricing, and support options.",acquisition,Default Management
Would Default Management be suitable for our requirements?,"Default Management is designed to meet diverse business requirements in the financial services industry. To determine if it's suitable for your specific needs, please contact Vermeg for a detailed consultation and assessment.",suitability,Default Management
Should my business consider Default Management?,"Default Management is designed to meet diverse business requirements in the financial services industry. To determine if it's suitable for your specific needs, please contact Vermeg for a detailed consultation and assessment.",suitability,Default Management
Is Default Management right for my organization?,"Default Management is designed to meet diverse business requirements in the financial services industry. To determine if it's suitable for your specific needs, please contact Vermeg for a detailed consultation and assessment.",suitability,Default Management
Would Default Management fit our organization?,"Default Management is designed to meet diverse business requirements in the financial services industry. To determine if it's suitable for your specific needs, please contact Vermeg for a detailed consultation and assessment.",suitability,Default Management
What's the time to value for Default Management?,Implementation time for Default Management varies depending on your specific requirements and organizational complexity. Vermeg's implementation team will work with you to develop a timeline that meets your needs.,implementation,Default Management
How long is the deployment process for Default Management?,Implementation time for Default Management varies depending on your specific requirements and organizational complexity. Vermeg's implementation team will work with you to develop a timeline that meets your needs.,implementation,Default Management
How long does Default Management take to go live?,Implementation time for Default Management varies depending on your specific requirements and organizational complexity. Vermeg's implementation team will work with you to develop a timeline that meets your needs.,implementation,Default Management
How soon can we start using Default Management?,Implementation time for Default Management varies depending on your specific requirements and organizational complexity. Vermeg's implementation team will work with you to develop a timeline that meets your needs.,implementation,Default Management
I'm interested in learning about Digital Commercial Agreement,Vermeg Digital Commercial Agreement is a professional solution designed to meet the specific needs of financial institutions.,general_info,Digital Commercial Agreement
What can you tell me about Digital Commercial Agreement?,Vermeg Digital Commercial Agreement is a professional solution designed to meet the specific needs of financial institutions.,general_info,Digital Commercial Agreement
I need information on Digital Commercial Agreement,Vermeg Digital Commercial Agreement is a professional solution designed to meet the specific needs of financial institutions.,general_info,Digital Commercial Agreement
Help me understand Digital Commercial Agreement,Vermeg Digital Commercial Agreement is a professional solution designed to meet the specific needs of financial institutions.,general_info,Digital Commercial Agreement
I'd like to know about Digital Commercial Agreement,Vermeg Digital Commercial Agreement is a professional solution designed to meet the specific needs of financial institutions.,general_info,Digital Commercial Agreement
Could you describe Digital Commercial Agreement?,Vermeg Digital Commercial Agreement is a professional solution designed to meet the specific needs of financial institutions. It offers comprehensive functionality to help organizations improve their operations and meet regulatory requirements.,general_info,Digital Commercial Agreement
What exactly is Digital Commercial Agreement?,Vermeg Digital Commercial Agreement is a professional solution designed to meet the specific needs of financial institutions. It offers comprehensive functionality to help organizations improve their operations and meet regulatory requirements.,general_info,Digital Commercial Agreement
What is the purpose of Digital Commercial Agreement?,Digital Commercial Agreement vermeg digital commercial agreement is a professional solution designed to meet the specific needs of financial institutions. The solution helps organizations streamline their processes and achieve better outcomes.,functionality,Digital Commercial Agreement
How does Digital Commercial Agreement help?,Digital Commercial Agreement vermeg digital commercial agreement is a professional solution designed to meet the specific needs of financial institutions. The solution helps organizations streamline their processes and achieve better outcomes.,functionality,Digital Commercial Agreement
What's the core function of Digital Commercial Agreement?,Digital Commercial Agreement vermeg digital commercial agreement is a professional solution designed to meet the specific needs of financial institutions. The solution helps organizations streamline their processes and achieve better outcomes.,functionality,Digital Commercial Agreement
What role does Digital Commercial Agreement play?,Digital Commercial Agreement vermeg digital commercial agreement is a professional solution designed to meet the specific needs of financial institutions. The solution helps organizations streamline their processes and achieve better outcomes.,functionality,Digital Commercial Agreement
What job does Digital Commercial Agreement do?,Digital Commercial Agreement vermeg digital commercial agreement is a professional solution designed to meet the specific needs of financial institutions. The solution helps organizations streamline their processes and achieve better outcomes.,functionality,Digital Commercial Agreement
What functionality is included in Digital Commercial Agreement?,"The key features of Digital Commercial Agreement include: Professional-grade functionality, Integration capabilities, Compliance support, User-friendly interface, Scalable architecture.",features,Digital Commercial Agreement
What are the technical capabilities of Digital Commercial Agreement?,"The key features of Digital Commercial Agreement include: Professional-grade functionality, Integration capabilities, Compliance support, User-friendly interface, Scalable architecture.",features,Digital Commercial Agreement
What does Digital Commercial Agreement offer in terms of features?,"The key features of Digital Commercial Agreement include: Professional-grade functionality, Integration capabilities, Compliance support, User-friendly interface, Scalable architecture.",features,Digital Commercial Agreement
Tell me about Digital Commercial Agreement's features,"The key features of Digital Commercial Agreement include: Professional-grade functionality, Integration capabilities, Compliance support, User-friendly interface, Scalable architecture.",features,Digital Commercial Agreement
What are Digital Commercial Agreement's key features?,"Digital Commercial Agreement offers the following capabilities: Professional-grade functionality, Integration capabilities, Compliance support, User-friendly interface, Scalable architecture.",features,Digital Commercial Agreement
Describe the features of Digital Commercial Agreement,"Digital Commercial Agreement offers the following capabilities: Professional-grade functionality, Integration capabilities, Compliance support, User-friendly interface, Scalable architecture.",features,Digital Commercial Agreement
List the features of Digital Commercial Agreement,"Digital Commercial Agreement provides comprehensive functionality including: Professional-grade functionality, Integration capabilities, Compliance support, User-friendly interface, Scalable architecture.",features,Digital Commercial Agreement
What are the main capabilities of Digital Commercial Agreement?,"Digital Commercial Agreement provides comprehensive functionality including: Professional-grade functionality, Integration capabilities, Compliance support, User-friendly interface, Scalable architecture.",features,Digital Commercial Agreement
What makes Digital Commercial Agreement valuable?,"The key benefits of Digital Commercial Agreement include: Improved operational efficiency, Enhanced compliance, Reduced operational risk, Better customer service, Cost optimization.",benefits,Digital Commercial Agreement
How will Digital Commercial Agreement benefit my business?,"The key benefits of Digital Commercial Agreement include: Improved operational efficiency, Enhanced compliance, Reduced operational risk, Better customer service, Cost optimization.",benefits,Digital Commercial Agreement
How can Digital Commercial Agreement improve my operations?,"The key benefits of Digital Commercial Agreement include: Improved operational efficiency, Enhanced compliance, Reduced operational risk, Better customer service, Cost optimization.",benefits,Digital Commercial Agreement
What positive impact can Digital Commercial Agreement have?,"The key benefits of Digital Commercial Agreement include: Improved operational efficiency, Enhanced compliance, Reduced operational risk, Better customer service, Cost optimization.",benefits,Digital Commercial Agreement
What advantages does Digital Commercial Agreement offer?,"You should choose Digital Commercial Agreement because it provides: Improved operational efficiency, Enhanced compliance, Reduced operational risk, Better customer service, Cost optimization. These advantages help organizations achieve their business objectives more effectively.",benefits,Digital Commercial Agreement
What ROI can I expect from Digital Commercial Agreement?,"You should choose Digital Commercial Agreement because it provides: Improved operational efficiency, Enhanced compliance, Reduced operational risk, Better customer service, Cost optimization. These advantages help organizations achieve their business objectives more effectively.",benefits,Digital Commercial Agreement
What are the advantages of Digital Commercial Agreement?,"You should choose Digital Commercial Agreement because it provides: Improved operational efficiency, Enhanced compliance, Reduced operational risk, Better customer service, Cost optimization. These advantages help organizations achieve their business objectives more effectively.",benefits,Digital Commercial Agreement
What are the business benefits of Digital Commercial Agreement?,"Digital Commercial Agreement can help your organization by providing: Improved operational efficiency, Enhanced compliance, Reduced operational risk, Better customer service, Cost optimization. This leads to improved performance and better business outcomes.",benefits,Digital Commercial Agreement
Why is Digital Commercial Agreement beneficial?,"Digital Commercial Agreement can help your organization by providing: Improved operational efficiency, Enhanced compliance, Reduced operational risk, Better customer service, Cost optimization. This leads to improved performance and better business outcomes.",benefits,Digital Commercial Agreement
When is Digital Commercial Agreement most effective?,"Digital Commercial Agreement is commonly used for: Business process optimization, Compliance management, Risk management, Customer service enhancement.",use_cases,Digital Commercial Agreement
For what purposes is Digital Commercial Agreement designed?,"Digital Commercial Agreement is commonly used for: Business process optimization, Compliance management, Risk management, Customer service enhancement.",use_cases,Digital Commercial Agreement
In what situations is Digital Commercial Agreement useful?,"Digital Commercial Agreement is commonly used for: Business process optimization, Compliance management, Risk management, Customer service enhancement.",use_cases,Digital Commercial Agreement
How is Digital Commercial Agreement typically implemented?,"Digital Commercial Agreement is commonly used for: Business process optimization, Compliance management, Risk management, Customer service enhancement.",use_cases,Digital Commercial Agreement
Where can Digital Commercial Agreement be applied?,"You should consider Digital Commercial Agreement for: Business process optimization, Compliance management, Risk management, Customer service enhancement. It's particularly effective in these scenarios.",use_cases,Digital Commercial Agreement
What applications does Digital Commercial Agreement have?,"You should consider Digital Commercial Agreement for: Business process optimization, Compliance management, Risk management, Customer service enhancement. It's particularly effective in these scenarios.",use_cases,Digital Commercial Agreement
What types of organizations use Digital Commercial Agreement?,"You should consider Digital Commercial Agreement for: Business process optimization, Compliance management, Risk management, Customer service enhancement. It's particularly effective in these scenarios.",use_cases,Digital Commercial Agreement
What business problems can Digital Commercial Agreement address?,"You should consider Digital Commercial Agreement for: Business process optimization, Compliance management, Risk management, Customer service enhancement. It's particularly effective in these scenarios.",use_cases,Digital Commercial Agreement
What business needs does Digital Commercial Agreement meet?,"Digital Commercial Agreement helps solve challenges related to: Business process optimization, Compliance management, Risk management, Customer service enhancement. It provides comprehensive solutions for these business needs.",use_cases,Digital Commercial Agreement
What's the process to acquire Digital Commercial Agreement?,"To implement Digital Commercial Agreement, please contact Vermeg directly. Our team will assess your specific needs and provide detailed information about implementation, pricing, and support options.",acquisition,Digital Commercial Agreement
What's the procurement process for Digital Commercial Agreement?,"To implement Digital Commercial Agreement, please contact Vermeg directly. Our team will assess your specific needs and provide detailed information about implementation, pricing, and support options.",acquisition,Digital Commercial Agreement
How can I start using Digital Commercial Agreement?,"To implement Digital Commercial Agreement, please contact Vermeg directly. Our team will assess your specific needs and provide detailed information about implementation, pricing, and support options.",acquisition,Digital Commercial Agreement
How can I purchase Digital Commercial Agreement?,"To implement Digital Commercial Agreement, please contact Vermeg directly. Our team will assess your specific needs and provide detailed information about implementation, pricing, and support options.",acquisition,Digital Commercial Agreement
How can I implement Digital Commercial Agreement?,"To implement Digital Commercial Agreement, please contact Vermeg directly. Our team will assess your specific needs and provide detailed information about implementation, pricing, and support options.",acquisition,Digital Commercial Agreement
Should my business consider Digital Commercial Agreement?,"Digital Commercial Agreement is designed to meet diverse business requirements in the financial services industry. To determine if it's suitable for your specific needs, please contact Vermeg for a detailed consultation and assessment.",suitability,Digital Commercial Agreement
Would Digital Commercial Agreement fit our organization?,"Digital Commercial Agreement is designed to meet diverse business requirements in the financial services industry. To determine if it's suitable for your specific needs, please contact Vermeg for a detailed consultation and assessment.",suitability,Digital Commercial Agreement
Would Digital Commercial Agreement benefit our type of business?,"Digital Commercial Agreement is designed to meet diverse business requirements in the financial services industry. To determine if it's suitable for your specific needs, please contact Vermeg for a detailed consultation and assessment.",suitability,Digital Commercial Agreement
Is Digital Commercial Agreement right for my organization?,"Digital Commercial Agreement is designed to meet diverse business requirements in the financial services industry. To determine if it's suitable for your specific needs, please contact Vermeg for a detailed consultation and assessment.",suitability,Digital Commercial Agreement
Can Digital Commercial Agreement work in our environment?,"Digital Commercial Agreement is designed to meet diverse business requirements in the financial services industry. To determine if it's suitable for your specific needs, please contact Vermeg for a detailed consultation and assessment.",suitability,Digital Commercial Agreement
What's the time to value for Digital Commercial Agreement?,Implementation time for Digital Commercial Agreement varies depending on your specific requirements and organizational complexity. Vermeg's implementation team will work with you to develop a timeline that meets your needs.,implementation,Digital Commercial Agreement
How soon can we start using Digital Commercial Agreement?,Implementation time for Digital Commercial Agreement varies depending on your specific requirements and organizational complexity. Vermeg's implementation team will work with you to develop a timeline that meets your needs.,implementation,Digital Commercial Agreement
What's the implementation duration for Digital Commercial Agreement?,Implementation time for Digital Commercial Agreement varies depending on your specific requirements and organizational complexity. Vermeg's implementation team will work with you to develop a timeline that meets your needs.,implementation,Digital Commercial Agreement
What's the rollout timeline for Digital Commercial Agreement?,Implementation time for Digital Commercial Agreement varies depending on your specific requirements and organizational complexity. Vermeg's implementation team will work with you to develop a timeline that meets your needs.,implementation,Digital Commercial Agreement
What can you tell me about Easy Agreement?,Vermeg Easy Agreement is a digital contract management solution that streamlines the agreement process.,general_info,Easy Agreement
What's Easy Agreement all about?,Vermeg Easy Agreement is a digital contract management solution that streamlines the agreement process.,general_info,Easy Agreement
Explain Easy Agreement to me,Vermeg Easy Agreement is a digital contract management solution that streamlines the agreement process.,general_info,Easy Agreement
Could you describe Easy Agreement?,Vermeg Easy Agreement is a digital contract management solution that streamlines the agreement process.,general_info,Easy Agreement
I'm interested in learning about Easy Agreement,Vermeg Easy Agreement is a digital contract management solution that streamlines the agreement process.,general_info,Easy Agreement
What should I know about Easy Agreement?,Vermeg Easy Agreement is a digital contract management solution that streamlines the agreement process. It offers comprehensive functionality to help organizations improve their operations and meet regulatory requirements.,general_info,Easy Agreement
I need information on Easy Agreement,Vermeg Easy Agreement is a digital contract management solution that streamlines the agreement process. It offers comprehensive functionality to help organizations improve their operations and meet regulatory requirements.,general_info,Easy Agreement
What role does Easy Agreement play?,Easy Agreement vermeg easy agreement is a digital contract management solution that streamlines the agreement process. The solution helps organizations streamline their processes and achieve better outcomes.,functionality,Easy Agreement
How does Easy Agreement work?,Easy Agreement vermeg easy agreement is a digital contract management solution that streamlines the agreement process. The solution helps organizations streamline their processes and achieve better outcomes.,functionality,Easy Agreement
What's the core function of Easy Agreement?,Easy Agreement vermeg easy agreement is a digital contract management solution that streamlines the agreement process. The solution helps organizations streamline their processes and achieve better outcomes.,functionality,Easy Agreement
What processes does Easy Agreement handle?,Easy Agreement vermeg easy agreement is a digital contract management solution that streamlines the agreement process. The solution helps organizations streamline their processes and achieve better outcomes.,functionality,Easy Agreement
What tasks does Easy Agreement perform?,Easy Agreement vermeg easy agreement is a digital contract management solution that streamlines the agreement process. The solution helps organizations streamline their processes and achieve better outcomes.,functionality,Easy Agreement
Help me understand Easy Agreement,Certainly! Vermeg Easy Agreement is a digital contract management solution that streamlines the agreement process. This makes it an ideal choice for organizations looking to enhance their operational capabilities.,general_info,Easy Agreement
What can I do with Easy Agreement?,"The key features of Easy Agreement include: Digital contract creation, Electronic signatures, Workflow automation, Template management, Compliance tracking.",features,Easy Agreement
What can Easy Agreement do?,"The key features of Easy Agreement include: Digital contract creation, Electronic signatures, Workflow automation, Template management, Compliance tracking.",features,Easy Agreement
What tools does Easy Agreement provide?,"The key features of Easy Agreement include: Digital contract creation, Electronic signatures, Workflow automation, Template management, Compliance tracking.",features,Easy Agreement
What does Easy Agreement offer in terms of features?,"The key features of Easy Agreement include: Digital contract creation, Electronic signatures, Workflow automation, Template management, Compliance tracking.",features,Easy Agreement
What functions does Easy Agreement offer?,"The key features of Easy Agreement include: Digital contract creation, Electronic signatures, Workflow automation, Template management, Compliance tracking.",features,Easy Agreement
What are Easy Agreement's key features?,"Easy Agreement offers the following capabilities: Digital contract creation, Electronic signatures, Workflow automation, Template management, Compliance tracking.",features,Easy Agreement
What functionality is included in Easy Agreement?,"Easy Agreement offers the following capabilities: Digital contract creation, Electronic signatures, Workflow automation, Template management, Compliance tracking.",features,Easy Agreement
What are the main capabilities of Easy Agreement?,"Easy Agreement offers the following capabilities: Digital contract creation, Electronic signatures, Workflow automation, Template management, Compliance tracking.",features,Easy Agreement
Describe the features of Easy Agreement,"Easy Agreement offers the following capabilities: Digital contract creation, Electronic signatures, Workflow automation, Template management, Compliance tracking.",features,Easy Agreement
What are the advantages of Easy Agreement?,"The key benefits of Easy Agreement include: Faster contract processing, Reduced paper usage, Improved compliance, Enhanced efficiency, Better customer experience.",benefits,Easy Agreement
What ROI can I expect from Easy Agreement?,"The key benefits of Easy Agreement include: Faster contract processing, Reduced paper usage, Improved compliance, Enhanced efficiency, Better customer experience.",benefits,Easy Agreement
How can Easy Agreement improve my operations?,"The key benefits of Easy Agreement include: Faster contract processing, Reduced paper usage, Improved compliance, Enhanced efficiency, Better customer experience.",benefits,Easy Agreement
Why would I want to use Easy Agreement?,"You should choose Easy Agreement because it provides: Faster contract processing, Reduced paper usage, Improved compliance, Enhanced efficiency, Better customer experience. These advantages help organizations achieve their business objectives more effectively.",benefits,Easy Agreement
What makes Easy Agreement valuable?,"You should choose Easy Agreement because it provides: Faster contract processing, Reduced paper usage, Improved compliance, Enhanced efficiency, Better customer experience. These advantages help organizations achieve their business objectives more effectively.",benefits,Easy Agreement
What positive impact can Easy Agreement have?,"You should choose Easy Agreement because it provides: Faster contract processing, Reduced paper usage, Improved compliance, Enhanced efficiency, Better customer experience. These advantages help organizations achieve their business objectives more effectively.",benefits,Easy Agreement
What advantages does Easy Agreement offer?,"Easy Agreement can help your organization by providing: Faster contract processing, Reduced paper usage, Improved compliance, Enhanced efficiency, Better customer experience. This leads to improved performance and better business outcomes.",benefits,Easy Agreement
What value does Easy Agreement provide?,"Easy Agreement can help your organization by providing: Faster contract processing, Reduced paper usage, Improved compliance, Enhanced efficiency, Better customer experience. This leads to improved performance and better business outcomes.",benefits,Easy Agreement
How does Easy Agreement add value?,"Easy Agreement can help your organization by providing: Faster contract processing, Reduced paper usage, Improved compliance, Enhanced efficiency, Better customer experience. This leads to improved performance and better business outcomes.",benefits,Easy Agreement
What business needs does Easy Agreement meet?,"Easy Agreement is commonly used for: Contract management, Digital agreements, Signature workflows, Compliance tracking.",use_cases,Easy Agreement
Where can Easy Agreement be applied?,"Easy Agreement is commonly used for: Contract management, Digital agreements, Signature workflows, Compliance tracking.",use_cases,Easy Agreement
In which industries is Easy Agreement used?,"You should consider Easy Agreement for: Contract management, Digital agreements, Signature workflows, Compliance tracking. It's particularly effective in these scenarios.",use_cases,Easy Agreement
What business problems can Easy Agreement address?,"You should consider Easy Agreement for: Contract management, Digital agreements, Signature workflows, Compliance tracking. It's particularly effective in these scenarios.",use_cases,Easy Agreement
For what purposes is Easy Agreement designed?,"You should consider Easy Agreement for: Contract management, Digital agreements, Signature workflows, Compliance tracking. It's particularly effective in these scenarios.",use_cases,Easy Agreement
In what situations is Easy Agreement useful?,"Easy Agreement helps solve challenges related to: Contract management, Digital agreements, Signature workflows, Compliance tracking. It provides comprehensive solutions for these business needs.",use_cases,Easy Agreement
What applications does Easy Agreement have?,"Easy Agreement helps solve challenges related to: Contract management, Digital agreements, Signature workflows, Compliance tracking. It provides comprehensive solutions for these business needs.",use_cases,Easy Agreement
How is Easy Agreement typically implemented?,"Easy Agreement helps solve challenges related to: Contract management, Digital agreements, Signature workflows, Compliance tracking. It provides comprehensive solutions for these business needs.",use_cases,Easy Agreement
How can I access Easy Agreement?,"To implement Easy Agreement, please contact Vermeg directly. Our team will assess your specific needs and provide detailed information about implementation, pricing, and support options.",acquisition,Easy Agreement
What's the procurement process for Easy Agreement?,"To implement Easy Agreement, please contact Vermeg directly. Our team will assess your specific needs and provide detailed information about implementation, pricing, and support options.",acquisition,Easy Agreement
How can my company get Easy Agreement?,"To implement Easy Agreement, please contact Vermeg directly. Our team will assess your specific needs and provide detailed information about implementation, pricing, and support options.",acquisition,Easy Agreement
How can I implement Easy Agreement?,"To implement Easy Agreement, please contact Vermeg directly. Our team will assess your specific needs and provide detailed information about implementation, pricing, and support options.",acquisition,Easy Agreement
Is Easy Agreement compatible with our business?,"Easy Agreement is designed to meet diverse business requirements in the financial services industry. To determine if it's suitable for your specific needs, please contact Vermeg for a detailed consultation and assessment.",suitability,Easy Agreement
Can Easy Agreement meet our needs?,"Easy Agreement is designed to meet diverse business requirements in the financial services industry. To determine if it's suitable for your specific needs, please contact Vermeg for a detailed consultation and assessment.",suitability,Easy Agreement
Should my business consider Easy Agreement?,"Easy Agreement is designed to meet diverse business requirements in the financial services industry. To determine if it's suitable for your specific needs, please contact Vermeg for a detailed consultation and assessment.",suitability,Easy Agreement
Would Easy Agreement fit our organization?,"Easy Agreement is designed to meet diverse business requirements in the financial services industry. To determine if it's suitable for your specific needs, please contact Vermeg for a detailed consultation and assessment.",suitability,Easy Agreement
Is Easy Agreement the right choice for us?,"Easy Agreement is designed to meet diverse business requirements in the financial services industry. To determine if it's suitable for your specific needs, please contact Vermeg for a detailed consultation and assessment.",suitability,Easy Agreement
What's the implementation timeline for Easy Agreement?,Implementation time for Easy Agreement varies depending on your specific requirements and organizational complexity. Vermeg's implementation team will work with you to develop a timeline that meets your needs.,implementation,Easy Agreement
What's the setup time for Easy Agreement?,Implementation time for Easy Agreement varies depending on your specific requirements and organizational complexity. Vermeg's implementation team will work with you to develop a timeline that meets your needs.,implementation,Easy Agreement
What's the time to value for Easy Agreement?,Implementation time for Easy Agreement varies depending on your specific requirements and organizational complexity. Vermeg's implementation team will work with you to develop a timeline that meets your needs.,implementation,Easy Agreement
How soon can we start using Easy Agreement?,Implementation time for Easy Agreement varies depending on your specific requirements and organizational complexity. Vermeg's implementation team will work with you to develop a timeline that meets your needs.,implementation,Easy Agreement
What's the timeframe for implementing Easy Agreement?,Implementation time for Easy Agreement varies depending on your specific requirements and organizational complexity. Vermeg's implementation team will work with you to develop a timeline that meets your needs.,implementation,Easy Agreement
Help me understand Easy Collateral,Vermeg Easy Collateral is a professional solution designed to meet the specific needs of financial institutions.,general_info,Easy Collateral
What exactly is Easy Collateral?,Vermeg Easy Collateral is a professional solution designed to meet the specific needs of financial institutions.,general_info,Easy Collateral
I'm interested in learning about Easy Collateral,Vermeg Easy Collateral is a professional solution designed to meet the specific needs of financial institutions.,general_info,Easy Collateral
I'd like to know about Easy Collateral,Vermeg Easy Collateral is a professional solution designed to meet the specific needs of financial institutions.,general_info,Easy Collateral
Could you describe Easy Collateral?,Vermeg Easy Collateral is a professional solution designed to meet the specific needs of financial institutions. It offers comprehensive functionality to help organizations improve their operations and meet regulatory requirements.,general_info,Easy Collateral
What's Easy Collateral all about?,Vermeg Easy Collateral is a professional solution designed to meet the specific needs of financial institutions. It offers comprehensive functionality to help organizations improve their operations and meet regulatory requirements.,general_info,Easy Collateral
Explain Easy Collateral to me,Vermeg Easy Collateral is a professional solution designed to meet the specific needs of financial institutions. It offers comprehensive functionality to help organizations improve their operations and meet regulatory requirements.,general_info,Easy Collateral
What processes does Easy Collateral handle?,Easy Collateral vermeg easy collateral is a professional solution designed to meet the specific needs of financial institutions. The solution helps organizations streamline their processes and achieve better outcomes.,functionality,Easy Collateral
What operations does Easy Collateral support?,Easy Collateral vermeg easy collateral is a professional solution designed to meet the specific needs of financial institutions. The solution helps organizations streamline their processes and achieve better outcomes.,functionality,Easy Collateral
What's the main function of Easy Collateral?,Easy Collateral vermeg easy collateral is a professional solution designed to meet the specific needs of financial institutions. The solution helps organizations streamline their processes and achieve better outcomes.,functionality,Easy Collateral
How does Easy Collateral function?,Easy Collateral vermeg easy collateral is a professional solution designed to meet the specific needs of financial institutions. The solution helps organizations streamline their processes and achieve better outcomes.,functionality,Easy Collateral
How does Easy Collateral help?,Easy Collateral vermeg easy collateral is a professional solution designed to meet the specific needs of financial institutions. The solution helps organizations streamline their processes and achieve better outcomes.,functionality,Easy Collateral
What can you tell me about Easy Collateral?,Certainly! Vermeg Easy Collateral is a professional solution designed to meet the specific needs of financial institutions. This makes it an ideal choice for organizations looking to enhance their operational capabilities.,general_info,Easy Collateral
Give me information about Easy Collateral,Certainly! Vermeg Easy Collateral is a professional solution designed to meet the specific needs of financial institutions. This makes it an ideal choice for organizations looking to enhance their operational capabilities.,general_info,Easy Collateral
What does Easy Collateral offer in terms of features?,"The key features of Easy Collateral include: Professional-grade functionality, Integration capabilities, Compliance support, User-friendly interface, Scalable architecture.",features,Easy Collateral
What can I do with Easy Collateral?,"The key features of Easy Collateral include: Professional-grade functionality, Integration capabilities, Compliance support, User-friendly interface, Scalable architecture.",features,Easy Collateral
What are Easy Collateral's key features?,"The key features of Easy Collateral include: Professional-grade functionality, Integration capabilities, Compliance support, User-friendly interface, Scalable architecture.",features,Easy Collateral
Describe the features of Easy Collateral,"Easy Collateral offers the following capabilities: Professional-grade functionality, Integration capabilities, Compliance support, User-friendly interface, Scalable architecture.",features,Easy Collateral
What are the main capabilities of Easy Collateral?,"Easy Collateral offers the following capabilities: Professional-grade functionality, Integration capabilities, Compliance support, User-friendly interface, Scalable architecture.",features,Easy Collateral
What are the technical capabilities of Easy Collateral?,"Easy Collateral offers the following capabilities: Professional-grade functionality, Integration capabilities, Compliance support, User-friendly interface, Scalable architecture.",features,Easy Collateral
List the features of Easy Collateral,"Easy Collateral provides comprehensive functionality including: Professional-grade functionality, Integration capabilities, Compliance support, User-friendly interface, Scalable architecture.",features,Easy Collateral
How can Easy Collateral improve my operations?,"The key benefits of Easy Collateral include: Improved operational efficiency, Enhanced compliance, Reduced operational risk, Better customer service, Cost optimization.",benefits,Easy Collateral
What value does Easy Collateral provide?,"The key benefits of Easy Collateral include: Improved operational efficiency, Enhanced compliance, Reduced operational risk, Better customer service, Cost optimization.",benefits,Easy Collateral
What makes Easy Collateral valuable?,"The key benefits of Easy Collateral include: Improved operational efficiency, Enhanced compliance, Reduced operational risk, Better customer service, Cost optimization.",benefits,Easy Collateral
Why would I want to use Easy Collateral?,"The key benefits of Easy Collateral include: Improved operational efficiency, Enhanced compliance, Reduced operational risk, Better customer service, Cost optimization.",benefits,Easy Collateral
Why is Easy Collateral beneficial?,"The key benefits of Easy Collateral include: Improved operational efficiency, Enhanced compliance, Reduced operational risk, Better customer service, Cost optimization.",benefits,Easy Collateral
What ROI can I expect from Easy Collateral?,"You should choose Easy Collateral because it provides: Improved operational efficiency, Enhanced compliance, Reduced operational risk, Better customer service, Cost optimization. These advantages help organizations achieve their business objectives more effectively.",benefits,Easy Collateral
What advantages does Easy Collateral offer?,"You should choose Easy Collateral because it provides: Improved operational efficiency, Enhanced compliance, Reduced operational risk, Better customer service, Cost optimization. These advantages help organizations achieve their business objectives more effectively.",benefits,Easy Collateral
How will Easy Collateral benefit my business?,"Easy Collateral can help your organization by providing: Improved operational efficiency, Enhanced compliance, Reduced operational risk, Better customer service, Cost optimization. This leads to improved performance and better business outcomes.",benefits,Easy Collateral
For what purposes is Easy Collateral designed?,"Easy Collateral is commonly used for: Business process optimization, Compliance management, Risk management, Customer service enhancement.",use_cases,Easy Collateral
How is Easy Collateral typically implemented?,"Easy Collateral is commonly used for: Business process optimization, Compliance management, Risk management, Customer service enhancement.",use_cases,Easy Collateral
What business needs does Easy Collateral meet?,"Easy Collateral is commonly used for: Business process optimization, Compliance management, Risk management, Customer service enhancement.",use_cases,Easy Collateral
In which industries is Easy Collateral used?,"Easy Collateral is commonly used for: Business process optimization, Compliance management, Risk management, Customer service enhancement.",use_cases,Easy Collateral
What types of organizations use Easy Collateral?,"You should consider Easy Collateral for: Business process optimization, Compliance management, Risk management, Customer service enhancement. It's particularly effective in these scenarios.",use_cases,Easy Collateral
What business problems can Easy Collateral address?,"Easy Collateral helps solve challenges related to: Business process optimization, Compliance management, Risk management, Customer service enhancement. It provides comprehensive solutions for these business needs.",use_cases,Easy Collateral
How do I request Easy Collateral?,"To implement Easy Collateral, please contact Vermeg directly. Our team will assess your specific needs and provide detailed information about implementation, pricing, and support options.",acquisition,Easy Collateral
How do I obtain Easy Collateral?,"To implement Easy Collateral, please contact Vermeg directly. Our team will assess your specific needs and provide detailed information about implementation, pricing, and support options.",acquisition,Easy Collateral
How do I buy Easy Collateral?,"To implement Easy Collateral, please contact Vermeg directly. Our team will assess your specific needs and provide detailed information about implementation, pricing, and support options.",acquisition,Easy Collateral
How can my company get Easy Collateral?,"To implement Easy Collateral, please contact Vermeg directly. Our team will assess your specific needs and provide detailed information about implementation, pricing, and support options.",acquisition,Easy Collateral
Is Easy Collateral relevant to our industry?,"Easy Collateral is designed to meet diverse business requirements in the financial services industry. To determine if it's suitable for your specific needs, please contact Vermeg for a detailed consultation and assessment.",suitability,Easy Collateral
Should my business consider Easy Collateral?,"Easy Collateral is designed to meet diverse business requirements in the financial services industry. To determine if it's suitable for your specific needs, please contact Vermeg for a detailed consultation and assessment.",suitability,Easy Collateral
Would Easy Collateral be suitable for our requirements?,"Easy Collateral is designed to meet diverse business requirements in the financial services industry. To determine if it's suitable for your specific needs, please contact Vermeg for a detailed consultation and assessment.",suitability,Easy Collateral
Can Easy Collateral work in our environment?,"Easy Collateral is designed to meet diverse business requirements in the financial services industry. To determine if it's suitable for your specific needs, please contact Vermeg for a detailed consultation and assessment.",suitability,Easy Collateral
Can Easy Collateral meet our needs?,"Easy Collateral is designed to meet diverse business requirements in the financial services industry. To determine if it's suitable for your specific needs, please contact Vermeg for a detailed consultation and assessment.",suitability,Easy Collateral
What's the delivery timeframe for Easy Collateral?,Implementation time for Easy Collateral varies depending on your specific requirements and organizational complexity. Vermeg's implementation team will work with you to develop a timeline that meets your needs.,implementation,Easy Collateral
What's the implementation duration for Easy Collateral?,Implementation time for Easy Collateral varies depending on your specific requirements and organizational complexity. Vermeg's implementation team will work with you to develop a timeline that meets your needs.,implementation,Easy Collateral
How long is the Easy Collateral implementation project?,Implementation time for Easy Collateral varies depending on your specific requirements and organizational complexity. Vermeg's implementation team will work with you to develop a timeline that meets your needs.,implementation,Easy Collateral
How long is the deployment process for Easy Collateral?,Implementation time for Easy Collateral varies depending on your specific requirements and organizational complexity. Vermeg's implementation team will work with you to develop a timeline that meets your needs.,implementation,Easy Collateral
What's the implementation timeline for Easy Collateral?,Implementation time for Easy Collateral varies depending on your specific requirements and organizational complexity. Vermeg's implementation team will work with you to develop a timeline that meets your needs.,implementation,Easy Collateral
What should I know about Easy Collateral?,Vermeg Easy Collateral is a professional solution designed to meet the specific needs of financial institutions.,general_info,Easy Collateral
Provide details about Easy Collateral,Vermeg Easy Collateral is a professional solution designed to meet the specific needs of financial institutions.,general_info,Easy Collateral
What is the purpose of Easy Collateral?,Easy Collateral vermeg easy collateral is a professional solution designed to meet the specific needs of financial institutions. The solution helps organizations streamline their processes and achieve better outcomes.,functionality,Easy Collateral
What role does Easy Collateral play?,Easy Collateral vermeg easy collateral is a professional solution designed to meet the specific needs of financial institutions. The solution helps organizations streamline their processes and achieve better outcomes.,functionality,Easy Collateral
What tasks does Easy Collateral perform?,Easy Collateral vermeg easy collateral is a professional solution designed to meet the specific needs of financial institutions. The solution helps organizations streamline their processes and achieve better outcomes.,functionality,Easy Collateral
What's the core function of Easy Collateral?,Easy Collateral vermeg easy collateral is a professional solution designed to meet the specific needs of financial institutions. The solution helps organizations streamline their processes and achieve better outcomes.,functionality,Easy Collateral
What can Easy Collateral do?,"The key features of Easy Collateral include: Professional-grade functionality, Integration capabilities, Compliance support, User-friendly interface, Scalable architecture.",features,Easy Collateral
What functions does Easy Collateral offer?,"Easy Collateral offers the following capabilities: Professional-grade functionality, Integration capabilities, Compliance support, User-friendly interface, Scalable architecture.",features,Easy Collateral
Tell me about Easy Collateral's features,"Easy Collateral provides comprehensive functionality including: Professional-grade functionality, Integration capabilities, Compliance support, User-friendly interface, Scalable architecture.",features,Easy Collateral
What positive impact can Easy Collateral have?,"The key benefits of Easy Collateral include: Improved operational efficiency, Enhanced compliance, Reduced operational risk, Better customer service, Cost optimization.",benefits,Easy Collateral
What are the advantages of Easy Collateral?,"You should choose Easy Collateral because it provides: Improved operational efficiency, Enhanced compliance, Reduced operational risk, Better customer service, Cost optimization. These advantages help organizations achieve their business objectives more effectively.",benefits,Easy Collateral
What scenarios is Easy Collateral designed for?,"Easy Collateral is commonly used for: Business process optimization, Compliance management, Risk management, Customer service enhancement.",use_cases,Easy Collateral
Where can Easy Collateral be applied?,"Easy Collateral is commonly used for: Business process optimization, Compliance management, Risk management, Customer service enhancement.",use_cases,Easy Collateral
In what situations is Easy Collateral useful?,"Easy Collateral is commonly used for: Business process optimization, Compliance management, Risk management, Customer service enhancement.",use_cases,Easy Collateral
What applications does Easy Collateral have?,"You should consider Easy Collateral for: Business process optimization, Compliance management, Risk management, Customer service enhancement. It's particularly effective in these scenarios.",use_cases,Easy Collateral
What challenges does Easy Collateral help with?,"You should consider Easy Collateral for: Business process optimization, Compliance management, Risk management, Customer service enhancement. It's particularly effective in these scenarios.",use_cases,Easy Collateral
How can I access Easy Collateral?,"To implement Easy Collateral, please contact Vermeg directly. Our team will assess your specific needs and provide detailed information about implementation, pricing, and support options.",acquisition,Easy Collateral
How can I start using Easy Collateral?,"To implement Easy Collateral, please contact Vermeg directly. Our team will assess your specific needs and provide detailed information about implementation, pricing, and support options.",acquisition,Easy Collateral
Is Easy Collateral compatible with our business?,"Easy Collateral is designed to meet diverse business requirements in the financial services industry. To determine if it's suitable for your specific needs, please contact Vermeg for a detailed consultation and assessment.",suitability,Easy Collateral
Is Easy Collateral appropriate for my needs?,"Easy Collateral is designed to meet diverse business requirements in the financial services industry. To determine if it's suitable for your specific needs, please contact Vermeg for a detailed consultation and assessment.",suitability,Easy Collateral
Would Easy Collateral fit our organization?,"Easy Collateral is designed to meet diverse business requirements in the financial services industry. To determine if it's suitable for your specific needs, please contact Vermeg for a detailed consultation and assessment.",suitability,Easy Collateral
Would Easy Collateral work for my company?,"Easy Collateral is designed to meet diverse business requirements in the financial services industry. To determine if it's suitable for your specific needs, please contact Vermeg for a detailed consultation and assessment.",suitability,Easy Collateral
When can we expect Easy Collateral to be ready?,Implementation time for Easy Collateral varies depending on your specific requirements and organizational complexity. Vermeg's implementation team will work with you to develop a timeline that meets your needs.,implementation,Easy Collateral
How long does Easy Collateral take to go live?,Implementation time for Easy Collateral varies depending on your specific requirements and organizational complexity. Vermeg's implementation team will work with you to develop a timeline that meets your needs.,implementation,Easy Collateral
How long before Easy Collateral is operational?,Implementation time for Easy Collateral varies depending on your specific requirements and organizational complexity. Vermeg's implementation team will work with you to develop a timeline that meets your needs.,implementation,Easy Collateral
What exactly is Fast Track?,Vermeg Fast Track is a professional solution designed to meet the specific needs of financial institutions.,general_info,Fast Track
Provide details about Fast Track,Vermeg Fast Track is a professional solution designed to meet the specific needs of financial institutions.,general_info,Fast Track
I'm interested in learning about Fast Track,Vermeg Fast Track is a professional solution designed to meet the specific needs of financial institutions.,general_info,Fast Track
What can you tell me about Fast Track?,Vermeg Fast Track is a professional solution designed to meet the specific needs of financial institutions.,general_info,Fast Track
Help me understand Fast Track,Vermeg Fast Track is a professional solution designed to meet the specific needs of financial institutions.,general_info,Fast Track
What should I know about Fast Track?,Vermeg Fast Track is a professional solution designed to meet the specific needs of financial institutions. It offers comprehensive functionality to help organizations improve their operations and meet regulatory requirements.,general_info,Fast Track
I'd like to know about Fast Track,Vermeg Fast Track is a professional solution designed to meet the specific needs of financial institutions. It offers comprehensive functionality to help organizations improve their operations and meet regulatory requirements.,general_info,Fast Track
What is the purpose of Fast Track?,Fast Track vermeg fast track is a professional solution designed to meet the specific needs of financial institutions. The solution helps organizations streamline their processes and achieve better outcomes.,functionality,Fast Track
How does Fast Track work?,Fast Track vermeg fast track is a professional solution designed to meet the specific needs of financial institutions. The solution helps organizations streamline their processes and achieve better outcomes.,functionality,Fast Track
What job does Fast Track do?,Fast Track vermeg fast track is a professional solution designed to meet the specific needs of financial institutions. The solution helps organizations streamline their processes and achieve better outcomes.,functionality,Fast Track
How does Fast Track function?,Fast Track vermeg fast track is a professional solution designed to meet the specific needs of financial institutions. The solution helps organizations streamline their processes and achieve better outcomes.,functionality,Fast Track
What does Fast Track offer in terms of features?,"The key features of Fast Track include: Professional-grade functionality, Integration capabilities, Compliance support, User-friendly interface, Scalable architecture.",features,Fast Track
What are Fast Track's key features?,"The key features of Fast Track include: Professional-grade functionality, Integration capabilities, Compliance support, User-friendly interface, Scalable architecture.",features,Fast Track
What can Fast Track do?,"The key features of Fast Track include: Professional-grade functionality, Integration capabilities, Compliance support, User-friendly interface, Scalable architecture.",features,Fast Track
Tell me about Fast Track's features,"Fast Track offers the following capabilities: Professional-grade functionality, Integration capabilities, Compliance support, User-friendly interface, Scalable architecture.",features,Fast Track
Describe the features of Fast Track,"Fast Track offers the following capabilities: Professional-grade functionality, Integration capabilities, Compliance support, User-friendly interface, Scalable architecture.",features,Fast Track
What can I do with Fast Track?,"Fast Track offers the following capabilities: Professional-grade functionality, Integration capabilities, Compliance support, User-friendly interface, Scalable architecture.",features,Fast Track
What are the technical capabilities of Fast Track?,"Fast Track offers the following capabilities: Professional-grade functionality, Integration capabilities, Compliance support, User-friendly interface, Scalable architecture.",features,Fast Track
What tools does Fast Track provide?,"Fast Track provides comprehensive functionality including: Professional-grade functionality, Integration capabilities, Compliance support, User-friendly interface, Scalable architecture.",features,Fast Track
What functions does Fast Track offer?,"Fast Track provides comprehensive functionality including: Professional-grade functionality, Integration capabilities, Compliance support, User-friendly interface, Scalable architecture.",features,Fast Track
How does Fast Track add value?,"The key benefits of Fast Track include: Improved operational efficiency, Enhanced compliance, Reduced operational risk, Better customer service, Cost optimization.",benefits,Fast Track
How can Fast Track improve my operations?,"The key benefits of Fast Track include: Improved operational efficiency, Enhanced compliance, Reduced operational risk, Better customer service, Cost optimization.",benefits,Fast Track
Why would I want to use Fast Track?,"The key benefits of Fast Track include: Improved operational efficiency, Enhanced compliance, Reduced operational risk, Better customer service, Cost optimization.",benefits,Fast Track
How will Fast Track benefit my business?,"The key benefits of Fast Track include: Improved operational efficiency, Enhanced compliance, Reduced operational risk, Better customer service, Cost optimization.",benefits,Fast Track
What value does Fast Track provide?,"You should choose Fast Track because it provides: Improved operational efficiency, Enhanced compliance, Reduced operational risk, Better customer service, Cost optimization. These advantages help organizations achieve their business objectives more effectively.",benefits,Fast Track
What are the advantages of Fast Track?,"You should choose Fast Track because it provides: Improved operational efficiency, Enhanced compliance, Reduced operational risk, Better customer service, Cost optimization. These advantages help organizations achieve their business objectives more effectively.",benefits,Fast Track
What makes Fast Track valuable?,"You should choose Fast Track because it provides: Improved operational efficiency, Enhanced compliance, Reduced operational risk, Better customer service, Cost optimization. These advantages help organizations achieve their business objectives more effectively.",benefits,Fast Track
What ROI can I expect from Fast Track?,"Fast Track can help your organization by providing: Improved operational efficiency, Enhanced compliance, Reduced operational risk, Better customer service, Cost optimization. This leads to improved performance and better business outcomes.",benefits,Fast Track
In which industries is Fast Track used?,"Fast Track is commonly used for: Business process optimization, Compliance management, Risk management, Customer service enhancement.",use_cases,Fast Track
What applications does Fast Track have?,"Fast Track is commonly used for: Business process optimization, Compliance management, Risk management, Customer service enhancement.",use_cases,Fast Track
What business problems can Fast Track address?,"Fast Track is commonly used for: Business process optimization, Compliance management, Risk management, Customer service enhancement.",use_cases,Fast Track
How is Fast Track typically implemented?,"Fast Track is commonly used for: Business process optimization, Compliance management, Risk management, Customer service enhancement.",use_cases,Fast Track
What types of organizations use Fast Track?,"You should consider Fast Track for: Business process optimization, Compliance management, Risk management, Customer service enhancement. It's particularly effective in these scenarios.",use_cases,Fast Track
In what situations is Fast Track useful?,"You should consider Fast Track for: Business process optimization, Compliance management, Risk management, Customer service enhancement. It's particularly effective in these scenarios.",use_cases,Fast Track
What challenges does Fast Track help with?,"Fast Track helps solve challenges related to: Business process optimization, Compliance management, Risk management, Customer service enhancement. It provides comprehensive solutions for these business needs.",use_cases,Fast Track
What scenarios is Fast Track designed for?,"Fast Track helps solve challenges related to: Business process optimization, Compliance management, Risk management, Customer service enhancement. It provides comprehensive solutions for these business needs.",use_cases,Fast Track
What business needs does Fast Track meet?,"Fast Track helps solve challenges related to: Business process optimization, Compliance management, Risk management, Customer service enhancement. It provides comprehensive solutions for these business needs.",use_cases,Fast Track
What are the steps to get Fast Track?,"To implement Fast Track, please contact Vermeg directly. Our team will assess your specific needs and provide detailed information about implementation, pricing, and support options.",acquisition,Fast Track
How can I purchase Fast Track?,"To implement Fast Track, please contact Vermeg directly. Our team will assess your specific needs and provide detailed information about implementation, pricing, and support options.",acquisition,Fast Track
How can I access Fast Track?,"To implement Fast Track, please contact Vermeg directly. Our team will assess your specific needs and provide detailed information about implementation, pricing, and support options.",acquisition,Fast Track
How can I start using Fast Track?,"To implement Fast Track, please contact Vermeg directly. Our team will assess your specific needs and provide detailed information about implementation, pricing, and support options.",acquisition,Fast Track
How do I request Fast Track?,"To implement Fast Track, please contact Vermeg directly. Our team will assess your specific needs and provide detailed information about implementation, pricing, and support options.",acquisition,Fast Track
Is Fast Track compatible with our business?,"Fast Track is designed to meet diverse business requirements in the financial services industry. To determine if it's suitable for your specific needs, please contact Vermeg for a detailed consultation and assessment.",suitability,Fast Track
Would Fast Track fit our organization?,"Fast Track is designed to meet diverse business requirements in the financial services industry. To determine if it's suitable for your specific needs, please contact Vermeg for a detailed consultation and assessment.",suitability,Fast Track
Would Fast Track be suitable for our requirements?,"Fast Track is designed to meet diverse business requirements in the financial services industry. To determine if it's suitable for your specific needs, please contact Vermeg for a detailed consultation and assessment.",suitability,Fast Track
Is Fast Track a good fit for us?,"Fast Track is designed to meet diverse business requirements in the financial services industry. To determine if it's suitable for your specific needs, please contact Vermeg for a detailed consultation and assessment.",suitability,Fast Track
What's the setup time for Fast Track?,Implementation time for Fast Track varies depending on your specific requirements and organizational complexity. Vermeg's implementation team will work with you to develop a timeline that meets your needs.,implementation,Fast Track
How long does Fast Track take to go live?,Implementation time for Fast Track varies depending on your specific requirements and organizational complexity. Vermeg's implementation team will work with you to develop a timeline that meets your needs.,implementation,Fast Track
What's the delivery timeframe for Fast Track?,Implementation time for Fast Track varies depending on your specific requirements and organizational complexity. Vermeg's implementation team will work with you to develop a timeline that meets your needs.,implementation,Fast Track
What's the implementation timeline for Fast Track?,Implementation time for Fast Track varies depending on your specific requirements and organizational complexity. Vermeg's implementation team will work with you to develop a timeline that meets your needs.,implementation,Fast Track
What's the time to value for Fast Track?,Implementation time for Fast Track varies depending on your specific requirements and organizational complexity. Vermeg's implementation team will work with you to develop a timeline that meets your needs.,implementation,Fast Track
What's Group Insurance Member Enrolment all about?,Vermeg Group Insurance Member Enrolment is a professional solution designed to meet the specific needs of financial institutions.,general_info,Group Insurance Member Enrolment
I need information on Group Insurance Member Enrolment,Vermeg Group Insurance Member Enrolment is a professional solution designed to meet the specific needs of financial institutions.,general_info,Group Insurance Member Enrolment
Could you describe Group Insurance Member Enrolment?,Vermeg Group Insurance Member Enrolment is a professional solution designed to meet the specific needs of financial institutions.,general_info,Group Insurance Member Enrolment
I'd like to know about Group Insurance Member Enrolment,Vermeg Group Insurance Member Enrolment is a professional solution designed to meet the specific needs of financial institutions.,general_info,Group Insurance Member Enrolment
I'm interested in learning about Group Insurance Member Enrolment,Vermeg Group Insurance Member Enrolment is a professional solution designed to meet the specific needs of financial institutions. It offers comprehensive functionality to help organizations improve their operations and meet regulatory requirements.,general_info,Group Insurance Member Enrolment
What's the core function of Group Insurance Member Enrolment?,Group Insurance Member Enrolment vermeg group insurance member enrolment is a professional solution designed to meet the specific needs of financial institutions. The solution helps organizations streamline their processes and achieve better outcomes.,functionality,Group Insurance Member Enrolment
How does Group Insurance Member Enrolment work?,Group Insurance Member Enrolment vermeg group insurance member enrolment is a professional solution designed to meet the specific needs of financial institutions. The solution helps organizations streamline their processes and achieve better outcomes.,functionality,Group Insurance Member Enrolment
What tasks does Group Insurance Member Enrolment perform?,Group Insurance Member Enrolment vermeg group insurance member enrolment is a professional solution designed to meet the specific needs of financial institutions. The solution helps organizations streamline their processes and achieve better outcomes.,functionality,Group Insurance Member Enrolment
How does Group Insurance Member Enrolment operate?,Group Insurance Member Enrolment vermeg group insurance member enrolment is a professional solution designed to meet the specific needs of financial institutions. The solution helps organizations streamline their processes and achieve better outcomes.,functionality,Group Insurance Member Enrolment
Provide details about Group Insurance Member Enrolment,Certainly! Vermeg Group Insurance Member Enrolment is a professional solution designed to meet the specific needs of financial institutions. This makes it an ideal choice for organizations looking to enhance their operational capabilities.,general_info,Group Insurance Member Enrolment
What can you tell me about Group Insurance Member Enrolment?,Certainly! Vermeg Group Insurance Member Enrolment is a professional solution designed to meet the specific needs of financial institutions. This makes it an ideal choice for organizations looking to enhance their operational capabilities.,general_info,Group Insurance Member Enrolment
What are Group Insurance Member Enrolment's key features?,"The key features of Group Insurance Member Enrolment include: Professional-grade functionality, Integration capabilities, Compliance support, User-friendly interface, Scalable architecture.",features,Group Insurance Member Enrolment
Describe the features of Group Insurance Member Enrolment,"The key features of Group Insurance Member Enrolment include: Professional-grade functionality, Integration capabilities, Compliance support, User-friendly interface, Scalable architecture.",features,Group Insurance Member Enrolment
What tools does Group Insurance Member Enrolment provide?,"The key features of Group Insurance Member Enrolment include: Professional-grade functionality, Integration capabilities, Compliance support, User-friendly interface, Scalable architecture.",features,Group Insurance Member Enrolment
Tell me about Group Insurance Member Enrolment's features,"The key features of Group Insurance Member Enrolment include: Professional-grade functionality, Integration capabilities, Compliance support, User-friendly interface, Scalable architecture.",features,Group Insurance Member Enrolment
What functionality is included in Group Insurance Member Enrolment?,"Group Insurance Member Enrolment offers the following capabilities: Professional-grade functionality, Integration capabilities, Compliance support, User-friendly interface, Scalable architecture.",features,Group Insurance Member Enrolment
What functions does Group Insurance Member Enrolment offer?,"Group Insurance Member Enrolment offers the following capabilities: Professional-grade functionality, Integration capabilities, Compliance support, User-friendly interface, Scalable architecture.",features,Group Insurance Member Enrolment
What are the main capabilities of Group Insurance Member Enrolment?,"Group Insurance Member Enrolment offers the following capabilities: Professional-grade functionality, Integration capabilities, Compliance support, User-friendly interface, Scalable architecture.",features,Group Insurance Member Enrolment
What can Group Insurance Member Enrolment do?,"Group Insurance Member Enrolment provides comprehensive functionality including: Professional-grade functionality, Integration capabilities, Compliance support, User-friendly interface, Scalable architecture.",features,Group Insurance Member Enrolment
What advantages does Group Insurance Member Enrolment offer?,"The key benefits of Group Insurance Member Enrolment include: Improved operational efficiency, Enhanced compliance, Reduced operational risk, Better customer service, Cost optimization.",benefits,Group Insurance Member Enrolment
What makes Group Insurance Member Enrolment valuable?,"The key benefits of Group Insurance Member Enrolment include: Improved operational efficiency, Enhanced compliance, Reduced operational risk, Better customer service, Cost optimization.",benefits,Group Insurance Member Enrolment
What value does Group Insurance Member Enrolment provide?,"The key benefits of Group Insurance Member Enrolment include: Improved operational efficiency, Enhanced compliance, Reduced operational risk, Better customer service, Cost optimization.",benefits,Group Insurance Member Enrolment
Why is Group Insurance Member Enrolment beneficial?,"The key benefits of Group Insurance Member Enrolment include: Improved operational efficiency, Enhanced compliance, Reduced operational risk, Better customer service, Cost optimization.",benefits,Group Insurance Member Enrolment
What ROI can I expect from Group Insurance Member Enrolment?,"You should choose Group Insurance Member Enrolment because it provides: Improved operational efficiency, Enhanced compliance, Reduced operational risk, Better customer service, Cost optimization. These advantages help organizations achieve their business objectives more effectively.",benefits,Group Insurance Member Enrolment
What are the advantages of Group Insurance Member Enrolment?,"Group Insurance Member Enrolment can help your organization by providing: Improved operational efficiency, Enhanced compliance, Reduced operational risk, Better customer service, Cost optimization. This leads to improved performance and better business outcomes.",benefits,Group Insurance Member Enrolment
What are the business benefits of Group Insurance Member Enrolment?,"Group Insurance Member Enrolment can help your organization by providing: Improved operational efficiency, Enhanced compliance, Reduced operational risk, Better customer service, Cost optimization. This leads to improved performance and better business outcomes.",benefits,Group Insurance Member Enrolment
What business problems can Group Insurance Member Enrolment address?,"Group Insurance Member Enrolment is commonly used for: Business process optimization, Compliance management, Risk management, Customer service enhancement.",use_cases,Group Insurance Member Enrolment
What scenarios is Group Insurance Member Enrolment designed for?,"Group Insurance Member Enrolment is commonly used for: Business process optimization, Compliance management, Risk management, Customer service enhancement.",use_cases,Group Insurance Member Enrolment
In which industries is Group Insurance Member Enrolment used?,"Group Insurance Member Enrolment is commonly used for: Business process optimization, Compliance management, Risk management, Customer service enhancement.",use_cases,Group Insurance Member Enrolment
For what purposes is Group Insurance Member Enrolment designed?,"Group Insurance Member Enrolment is commonly used for: Business process optimization, Compliance management, Risk management, Customer service enhancement.",use_cases,Group Insurance Member Enrolment
What types of organizations use Group Insurance Member Enrolment?,"Group Insurance Member Enrolment is commonly used for: Business process optimization, Compliance management, Risk management, Customer service enhancement.",use_cases,Group Insurance Member Enrolment
What business needs does Group Insurance Member Enrolment meet?,"Group Insurance Member Enrolment helps solve challenges related to: Business process optimization, Compliance management, Risk management, Customer service enhancement. It provides comprehensive solutions for these business needs.",use_cases,Group Insurance Member Enrolment
What challenges does Group Insurance Member Enrolment help with?,"Group Insurance Member Enrolment helps solve challenges related to: Business process optimization, Compliance management, Risk management, Customer service enhancement. It provides comprehensive solutions for these business needs.",use_cases,Group Insurance Member Enrolment
What do I need to do to get Group Insurance Member Enrolment?,"To implement Group Insurance Member Enrolment, please contact Vermeg directly. Our team will assess your specific needs and provide detailed information about implementation, pricing, and support options.",acquisition,Group Insurance Member Enrolment
How do I buy Group Insurance Member Enrolment?,"To implement Group Insurance Member Enrolment, please contact Vermeg directly. Our team will assess your specific needs and provide detailed information about implementation, pricing, and support options.",acquisition,Group Insurance Member Enrolment
How can my company get Group Insurance Member Enrolment?,"To implement Group Insurance Member Enrolment, please contact Vermeg directly. Our team will assess your specific needs and provide detailed information about implementation, pricing, and support options.",acquisition,Group Insurance Member Enrolment
How can I start using Group Insurance Member Enrolment?,"To implement Group Insurance Member Enrolment, please contact Vermeg directly. Our team will assess your specific needs and provide detailed information about implementation, pricing, and support options.",acquisition,Group Insurance Member Enrolment
How can I access Group Insurance Member Enrolment?,"To implement Group Insurance Member Enrolment, please contact Vermeg directly. Our team will assess your specific needs and provide detailed information about implementation, pricing, and support options.",acquisition,Group Insurance Member Enrolment
Is Group Insurance Member Enrolment appropriate for my needs?,"Group Insurance Member Enrolment is designed to meet diverse business requirements in the financial services industry. To determine if it's suitable for your specific needs, please contact Vermeg for a detailed consultation and assessment.",suitability,Group Insurance Member Enrolment
Is Group Insurance Member Enrolment right for my organization?,"Group Insurance Member Enrolment is designed to meet diverse business requirements in the financial services industry. To determine if it's suitable for your specific needs, please contact Vermeg for a detailed consultation and assessment.",suitability,Group Insurance Member Enrolment
Is Group Insurance Member Enrolment the right choice for us?,"Group Insurance Member Enrolment is designed to meet diverse business requirements in the financial services industry. To determine if it's suitable for your specific needs, please contact Vermeg for a detailed consultation and assessment.",suitability,Group Insurance Member Enrolment
Would Group Insurance Member Enrolment be suitable for our requirements?,"Group Insurance Member Enrolment is designed to meet diverse business requirements in the financial services industry. To determine if it's suitable for your specific needs, please contact Vermeg for a detailed consultation and assessment.",suitability,Group Insurance Member Enrolment
What's the rollout timeline for Group Insurance Member Enrolment?,Implementation time for Group Insurance Member Enrolment varies depending on your specific requirements and organizational complexity. Vermeg's implementation team will work with you to develop a timeline that meets your needs.,implementation,Group Insurance Member Enrolment
How long before Group Insurance Member Enrolment is operational?,Implementation time for Group Insurance Member Enrolment varies depending on your specific requirements and organizational complexity. Vermeg's implementation team will work with you to develop a timeline that meets your needs.,implementation,Group Insurance Member Enrolment
How soon can we start using Group Insurance Member Enrolment?,Implementation time for Group Insurance Member Enrolment varies depending on your specific requirements and organizational complexity. Vermeg's implementation team will work with you to develop a timeline that meets your needs.,implementation,Group Insurance Member Enrolment
What's the time to value for Group Insurance Member Enrolment?,Implementation time for Group Insurance Member Enrolment varies depending on your specific requirements and organizational complexity. Vermeg's implementation team will work with you to develop a timeline that meets your needs.,implementation,Group Insurance Member Enrolment
How quickly can Group Insurance Member Enrolment be deployed?,Implementation time for Group Insurance Member Enrolment varies depending on your specific requirements and organizational complexity. Vermeg's implementation team will work with you to develop a timeline that meets your needs.,implementation,Group Insurance Member Enrolment
I'd like to know about Individual Life & Health Insurance,Vermeg Individual Life & Health Insurance is a professional solution designed to meet the specific needs of financial institutions.,general_info,Individual Life & Health Insurance
What exactly is Individual Life & Health Insurance?,Vermeg Individual Life & Health Insurance is a professional solution designed to meet the specific needs of financial institutions.,general_info,Individual Life & Health Insurance
I'm interested in learning about Individual Life & Health Insurance,Vermeg Individual Life & Health Insurance is a professional solution designed to meet the specific needs of financial institutions.,general_info,Individual Life & Health Insurance
What can you tell me about Individual Life & Health Insurance?,Vermeg Individual Life & Health Insurance is a professional solution designed to meet the specific needs of financial institutions. It offers comprehensive functionality to help organizations improve their operations and meet regulatory requirements.,general_info,Individual Life & Health Insurance
What should I know about Individual Life & Health Insurance?,Vermeg Individual Life & Health Insurance is a professional solution designed to meet the specific needs of financial institutions. It offers comprehensive functionality to help organizations improve their operations and meet regulatory requirements.,general_info,Individual Life & Health Insurance
Provide details about Individual Life & Health Insurance,Vermeg Individual Life & Health Insurance is a professional solution designed to meet the specific needs of financial institutions. It offers comprehensive functionality to help organizations improve their operations and meet regulatory requirements.,general_info,Individual Life & Health Insurance
What is Individual Life & Health Insurance designed to do?,Individual Life & Health Insurance vermeg individual life & health insurance is a professional solution designed to meet the specific needs of financial institutions. The solution helps organizations streamline their processes and achieve better outcomes.,functionality,Individual Life & Health Insurance
What's the main function of Individual Life & Health Insurance?,Individual Life & Health Insurance vermeg individual life & health insurance is a professional solution designed to meet the specific needs of financial institutions. The solution helps organizations streamline their processes and achieve better outcomes.,functionality,Individual Life & Health Insurance
What role does Individual Life & Health Insurance play?,Individual Life & Health Insurance vermeg individual life & health insurance is a professional solution designed to meet the specific needs of financial institutions. The solution helps organizations streamline their processes and achieve better outcomes.,functionality,Individual Life & Health Insurance
What is the purpose of Individual Life & Health Insurance?,Individual Life & Health Insurance vermeg individual life & health insurance is a professional solution designed to meet the specific needs of financial institutions. The solution helps organizations streamline their processes and achieve better outcomes.,functionality,Individual Life & Health Insurance
What processes does Individual Life & Health Insurance handle?,Individual Life & Health Insurance vermeg individual life & health insurance is a professional solution designed to meet the specific needs of financial institutions. The solution helps organizations streamline their processes and achieve better outcomes.,functionality,Individual Life & Health Insurance
Explain Individual Life & Health Insurance to me,Certainly! Vermeg Individual Life & Health Insurance is a professional solution designed to meet the specific needs of financial institutions. This makes it an ideal choice for organizations looking to enhance their operational capabilities.,general_info,Individual Life & Health Insurance
I need information on Individual Life & Health Insurance,Certainly! Vermeg Individual Life & Health Insurance is a professional solution designed to meet the specific needs of financial institutions. This makes it an ideal choice for organizations looking to enhance their operational capabilities.,general_info,Individual Life & Health Insurance
Could you describe Individual Life & Health Insurance?,Certainly! Vermeg Individual Life & Health Insurance is a professional solution designed to meet the specific needs of financial institutions. This makes it an ideal choice for organizations looking to enhance their operational capabilities.,general_info,Individual Life & Health Insurance
What tools does Individual Life & Health Insurance provide?,"The key features of Individual Life & Health Insurance include: Professional-grade functionality, Integration capabilities, Compliance support, User-friendly interface, Scalable architecture.",features,Individual Life & Health Insurance
What can I do with Individual Life & Health Insurance?,"The key features of Individual Life & Health Insurance include: Professional-grade functionality, Integration capabilities, Compliance support, User-friendly interface, Scalable architecture.",features,Individual Life & Health Insurance
What can Individual Life & Health Insurance do?,"The key features of Individual Life & Health Insurance include: Professional-grade functionality, Integration capabilities, Compliance support, User-friendly interface, Scalable architecture.",features,Individual Life & Health Insurance
Tell me about Individual Life & Health Insurance's features,"The key features of Individual Life & Health Insurance include: Professional-grade functionality, Integration capabilities, Compliance support, User-friendly interface, Scalable architecture.",features,Individual Life & Health Insurance
What does Individual Life & Health Insurance offer in terms of features?,"The key features of Individual Life & Health Insurance include: Professional-grade functionality, Integration capabilities, Compliance support, User-friendly interface, Scalable architecture.",features,Individual Life & Health Insurance
List the features of Individual Life & Health Insurance,"Individual Life & Health Insurance offers the following capabilities: Professional-grade functionality, Integration capabilities, Compliance support, User-friendly interface, Scalable architecture.",features,Individual Life & Health Insurance
What are the technical capabilities of Individual Life & Health Insurance?,"Individual Life & Health Insurance offers the following capabilities: Professional-grade functionality, Integration capabilities, Compliance support, User-friendly interface, Scalable architecture.",features,Individual Life & Health Insurance
What are the main capabilities of Individual Life & Health Insurance?,"Individual Life & Health Insurance provides comprehensive functionality including: Professional-grade functionality, Integration capabilities, Compliance support, User-friendly interface, Scalable architecture.",features,Individual Life & Health Insurance
What functionality is included in Individual Life & Health Insurance?,"Individual Life & Health Insurance provides comprehensive functionality including: Professional-grade functionality, Integration capabilities, Compliance support, User-friendly interface, Scalable architecture.",features,Individual Life & Health Insurance
What makes Individual Life & Health Insurance valuable?,"The key benefits of Individual Life & Health Insurance include: Improved operational efficiency, Enhanced compliance, Reduced operational risk, Better customer service, Cost optimization.",benefits,Individual Life & Health Insurance
How will Individual Life & Health Insurance benefit my business?,"The key benefits of Individual Life & Health Insurance include: Improved operational efficiency, Enhanced compliance, Reduced operational risk, Better customer service, Cost optimization.",benefits,Individual Life & Health Insurance
What ROI can I expect from Individual Life & Health Insurance?,"You should choose Individual Life & Health Insurance because it provides: Improved operational efficiency, Enhanced compliance, Reduced operational risk, Better customer service, Cost optimization. These advantages help organizations achieve their business objectives more effectively.",benefits,Individual Life & Health Insurance
What are the business benefits of Individual Life & Health Insurance?,"You should choose Individual Life & Health Insurance because it provides: Improved operational efficiency, Enhanced compliance, Reduced operational risk, Better customer service, Cost optimization. These advantages help organizations achieve their business objectives more effectively.",benefits,Individual Life & Health Insurance
What are the advantages of Individual Life & Health Insurance?,"You should choose Individual Life & Health Insurance because it provides: Improved operational efficiency, Enhanced compliance, Reduced operational risk, Better customer service, Cost optimization. These advantages help organizations achieve their business objectives more effectively.",benefits,Individual Life & Health Insurance
Why is Individual Life & Health Insurance beneficial?,"Individual Life & Health Insurance can help your organization by providing: Improved operational efficiency, Enhanced compliance, Reduced operational risk, Better customer service, Cost optimization. This leads to improved performance and better business outcomes.",benefits,Individual Life & Health Insurance
What advantages does Individual Life & Health Insurance offer?,"Individual Life & Health Insurance can help your organization by providing: Improved operational efficiency, Enhanced compliance, Reduced operational risk, Better customer service, Cost optimization. This leads to improved performance and better business outcomes.",benefits,Individual Life & Health Insurance
How does Individual Life & Health Insurance add value?,"Individual Life & Health Insurance can help your organization by providing: Improved operational efficiency, Enhanced compliance, Reduced operational risk, Better customer service, Cost optimization. This leads to improved performance and better business outcomes.",benefits,Individual Life & Health Insurance
When is Individual Life & Health Insurance most effective?,"Individual Life & Health Insurance is commonly used for: Business process optimization, Compliance management, Risk management, Customer service enhancement.",use_cases,Individual Life & Health Insurance
For what purposes is Individual Life & Health Insurance designed?,"Individual Life & Health Insurance is commonly used for: Business process optimization, Compliance management, Risk management, Customer service enhancement.",use_cases,Individual Life & Health Insurance
What business problems can Individual Life & Health Insurance address?,"Individual Life & Health Insurance is commonly used for: Business process optimization, Compliance management, Risk management, Customer service enhancement.",use_cases,Individual Life & Health Insurance
In which industries is Individual Life & Health Insurance used?,"You should consider Individual Life & Health Insurance for: Business process optimization, Compliance management, Risk management, Customer service enhancement. It's particularly effective in these scenarios.",use_cases,Individual Life & Health Insurance
How is Individual Life & Health Insurance typically implemented?,"You should consider Individual Life & Health Insurance for: Business process optimization, Compliance management, Risk management, Customer service enhancement. It's particularly effective in these scenarios.",use_cases,Individual Life & Health Insurance
In what situations is Individual Life & Health Insurance useful?,"You should consider Individual Life & Health Insurance for: Business process optimization, Compliance management, Risk management, Customer service enhancement. It's particularly effective in these scenarios.",use_cases,Individual Life & Health Insurance
What business needs does Individual Life & Health Insurance meet?,"You should consider Individual Life & Health Insurance for: Business process optimization, Compliance management, Risk management, Customer service enhancement. It's particularly effective in these scenarios.",use_cases,Individual Life & Health Insurance
What types of organizations use Individual Life & Health Insurance?,"Individual Life & Health Insurance helps solve challenges related to: Business process optimization, Compliance management, Risk management, Customer service enhancement. It provides comprehensive solutions for these business needs.",use_cases,Individual Life & Health Insurance
What applications does Individual Life & Health Insurance have?,"Individual Life & Health Insurance helps solve challenges related to: Business process optimization, Compliance management, Risk management, Customer service enhancement. It provides comprehensive solutions for these business needs.",use_cases,Individual Life & Health Insurance
Where can Individual Life & Health Insurance be applied?,"Individual Life & Health Insurance helps solve challenges related to: Business process optimization, Compliance management, Risk management, Customer service enhancement. It provides comprehensive solutions for these business needs.",use_cases,Individual Life & Health Insurance
What challenges does Individual Life & Health Insurance help with?,"Individual Life & Health Insurance helps solve challenges related to: Business process optimization, Compliance management, Risk management, Customer service enhancement. It provides comprehensive solutions for these business needs.",use_cases,Individual Life & Health Insurance
What are the steps to get Individual Life & Health Insurance?,"To implement Individual Life & Health Insurance, please contact Vermeg directly. Our team will assess your specific needs and provide detailed information about implementation, pricing, and support options.",acquisition,Individual Life & Health Insurance
How do I get started with Individual Life & Health Insurance?,"To implement Individual Life & Health Insurance, please contact Vermeg directly. Our team will assess your specific needs and provide detailed information about implementation, pricing, and support options.",acquisition,Individual Life & Health Insurance
What's the procurement process for Individual Life & Health Insurance?,"To implement Individual Life & Health Insurance, please contact Vermeg directly. Our team will assess your specific needs and provide detailed information about implementation, pricing, and support options.",acquisition,Individual Life & Health Insurance
What's needed to get Individual Life & Health Insurance?,"To implement Individual Life & Health Insurance, please contact Vermeg directly. Our team will assess your specific needs and provide detailed information about implementation, pricing, and support options.",acquisition,Individual Life & Health Insurance
How can I access Individual Life & Health Insurance?,"To implement Individual Life & Health Insurance, please contact Vermeg directly. Our team will assess your specific needs and provide detailed information about implementation, pricing, and support options.",acquisition,Individual Life & Health Insurance
Is Individual Life & Health Insurance relevant to our industry?,"Individual Life & Health Insurance is designed to meet diverse business requirements in the financial services industry. To determine if it's suitable for your specific needs, please contact Vermeg for a detailed consultation and assessment.",suitability,Individual Life & Health Insurance
Would Individual Life & Health Insurance fit our organization?,"Individual Life & Health Insurance is designed to meet diverse business requirements in the financial services industry. To determine if it's suitable for your specific needs, please contact Vermeg for a detailed consultation and assessment.",suitability,Individual Life & Health Insurance
Should my business consider Individual Life & Health Insurance?,"Individual Life & Health Insurance is designed to meet diverse business requirements in the financial services industry. To determine if it's suitable for your specific needs, please contact Vermeg for a detailed consultation and assessment.",suitability,Individual Life & Health Insurance
Can Individual Life & Health Insurance meet our needs?,"Individual Life & Health Insurance is designed to meet diverse business requirements in the financial services industry. To determine if it's suitable for your specific needs, please contact Vermeg for a detailed consultation and assessment.",suitability,Individual Life & Health Insurance
Can Individual Life & Health Insurance work in our environment?,"Individual Life & Health Insurance is designed to meet diverse business requirements in the financial services industry. To determine if it's suitable for your specific needs, please contact Vermeg for a detailed consultation and assessment.",suitability,Individual Life & Health Insurance
What's the timeframe for implementing Individual Life & Health Insurance?,Implementation time for Individual Life & Health Insurance varies depending on your specific requirements and organizational complexity. Vermeg's implementation team will work with you to develop a timeline that meets your needs.,implementation,Individual Life & Health Insurance
How soon can we start using Individual Life & Health Insurance?,Implementation time for Individual Life & Health Insurance varies depending on your specific requirements and organizational complexity. Vermeg's implementation team will work with you to develop a timeline that meets your needs.,implementation,Individual Life & Health Insurance
How long does Individual Life & Health Insurance take to go live?,Implementation time for Individual Life & Health Insurance varies depending on your specific requirements and organizational complexity. Vermeg's implementation team will work with you to develop a timeline that meets your needs.,implementation,Individual Life & Health Insurance
What's the implementation timeline for Individual Life & Health Insurance?,Implementation time for Individual Life & Health Insurance varies depending on your specific requirements and organizational complexity. Vermeg's implementation team will work with you to develop a timeline that meets your needs.,implementation,Individual Life & Health Insurance
What's the setup time for Individual Life & Health Insurance?,Implementation time for Individual Life & Health Insurance varies depending on your specific requirements and organizational complexity. Vermeg's implementation team will work with you to develop a timeline that meets your needs.,implementation,Individual Life & Health Insurance
Help me understand Individual Life & Health Insurance,Vermeg Individual Life & Health Insurance is a professional solution designed to meet the specific needs of financial institutions. It offers comprehensive functionality to help organizations improve their operations and meet regulatory requirements.,general_info,Individual Life & Health Insurance
How does Individual Life & Health Insurance work?,Individual Life & Health Insurance vermeg individual life & health insurance is a professional solution designed to meet the specific needs of financial institutions. The solution helps organizations streamline their processes and achieve better outcomes.,functionality,Individual Life & Health Insurance
What operations does Individual Life & Health Insurance support?,Individual Life & Health Insurance vermeg individual life & health insurance is a professional solution designed to meet the specific needs of financial institutions. The solution helps organizations streamline their processes and achieve better outcomes.,functionality,Individual Life & Health Insurance
How does Individual Life & Health Insurance function?,Individual Life & Health Insurance vermeg individual life & health insurance is a professional solution designed to meet the specific needs of financial institutions. The solution helps organizations streamline their processes and achieve better outcomes.,functionality,Individual Life & Health Insurance
What are Individual Life & Health Insurance's key features?,"The key features of Individual Life & Health Insurance include: Professional-grade functionality, Integration capabilities, Compliance support, User-friendly interface, Scalable architecture.",features,Individual Life & Health Insurance
Describe the features of Individual Life & Health Insurance,"Individual Life & Health Insurance offers the following capabilities: Professional-grade functionality, Integration capabilities, Compliance support, User-friendly interface, Scalable architecture.",features,Individual Life & Health Insurance
What functions does Individual Life & Health Insurance offer?,"Individual Life & Health Insurance provides comprehensive functionality including: Professional-grade functionality, Integration capabilities, Compliance support, User-friendly interface, Scalable architecture.",features,Individual Life & Health Insurance
What positive impact can Individual Life & Health Insurance have?,"The key benefits of Individual Life & Health Insurance include: Improved operational efficiency, Enhanced compliance, Reduced operational risk, Better customer service, Cost optimization.",benefits,Individual Life & Health Insurance
Why would I want to use Individual Life & Health Insurance?,"The key benefits of Individual Life & Health Insurance include: Improved operational efficiency, Enhanced compliance, Reduced operational risk, Better customer service, Cost optimization.",benefits,Individual Life & Health Insurance
What's the process to acquire Individual Life & Health Insurance?,"To implement Individual Life & Health Insurance, please contact Vermeg directly. Our team will assess your specific needs and provide detailed information about implementation, pricing, and support options.",acquisition,Individual Life & Health Insurance
How can I start using Individual Life & Health Insurance?,"To implement Individual Life & Health Insurance, please contact Vermeg directly. Our team will assess your specific needs and provide detailed information about implementation, pricing, and support options.",acquisition,Individual Life & Health Insurance
Is Individual Life & Health Insurance appropriate for my needs?,"Individual Life & Health Insurance is designed to meet diverse business requirements in the financial services industry. To determine if it's suitable for your specific needs, please contact Vermeg for a detailed consultation and assessment.",suitability,Individual Life & Health Insurance
Is Individual Life & Health Insurance designed for businesses like ours?,"Individual Life & Health Insurance is designed to meet diverse business requirements in the financial services industry. To determine if it's suitable for your specific needs, please contact Vermeg for a detailed consultation and assessment.",suitability,Individual Life & Health Insurance
Would Individual Life & Health Insurance benefit our type of business?,"Individual Life & Health Insurance is designed to meet diverse business requirements in the financial services industry. To determine if it's suitable for your specific needs, please contact Vermeg for a detailed consultation and assessment.",suitability,Individual Life & Health Insurance
Is Individual Life & Health Insurance a good fit for us?,"Individual Life & Health Insurance is designed to meet diverse business requirements in the financial services industry. To determine if it's suitable for your specific needs, please contact Vermeg for a detailed consultation and assessment.",suitability,Individual Life & Health Insurance
What's the rollout timeline for Individual Life & Health Insurance?,Implementation time for Individual Life & Health Insurance varies depending on your specific requirements and organizational complexity. Vermeg's implementation team will work with you to develop a timeline that meets your needs.,implementation,Individual Life & Health Insurance
What's the delivery timeframe for Individual Life & Health Insurance?,Implementation time for Individual Life & Health Insurance varies depending on your specific requirements and organizational complexity. Vermeg's implementation team will work with you to develop a timeline that meets your needs.,implementation,Individual Life & Health Insurance
How long before Individual Life & Health Insurance is operational?,Implementation time for Individual Life & Health Insurance varies depending on your specific requirements and organizational complexity. Vermeg's implementation team will work with you to develop a timeline that meets your needs.,implementation,Individual Life & Health Insurance
What's the time to value for Individual Life & Health Insurance?,Implementation time for Individual Life & Health Insurance varies depending on your specific requirements and organizational complexity. Vermeg's implementation team will work with you to develop a timeline that meets your needs.,implementation,Individual Life & Health Insurance
Provide details about Money for Life,Vermeg Money for Life is a professional solution designed to meet the specific needs of financial institutions.,general_info,Money for Life
Help me understand Money for Life,Vermeg Money for Life is a professional solution designed to meet the specific needs of financial institutions.,general_info,Money for Life
What's Money for Life all about?,Vermeg Money for Life is a professional solution designed to meet the specific needs of financial institutions.,general_info,Money for Life
What can you tell me about Money for Life?,Vermeg Money for Life is a professional solution designed to meet the specific needs of financial institutions.,general_info,Money for Life
I need information on Money for Life,Vermeg Money for Life is a professional solution designed to meet the specific needs of financial institutions. It offers comprehensive functionality to help organizations improve their operations and meet regulatory requirements.,general_info,Money for Life
What exactly is Money for Life?,Vermeg Money for Life is a professional solution designed to meet the specific needs of financial institutions. It offers comprehensive functionality to help organizations improve their operations and meet regulatory requirements.,general_info,Money for Life
I'm interested in learning about Money for Life,Vermeg Money for Life is a professional solution designed to meet the specific needs of financial institutions. It offers comprehensive functionality to help organizations improve their operations and meet regulatory requirements.,general_info,Money for Life
How does Money for Life operate?,Money for Life vermeg money for life is a professional solution designed to meet the specific needs of financial institutions. The solution helps organizations streamline their processes and achieve better outcomes.,functionality,Money for Life
What job does Money for Life do?,Money for Life vermeg money for life is a professional solution designed to meet the specific needs of financial institutions. The solution helps organizations streamline their processes and achieve better outcomes.,functionality,Money for Life
How does Money for Life serve its purpose?,Money for Life vermeg money for life is a professional solution designed to meet the specific needs of financial institutions. The solution helps organizations streamline their processes and achieve better outcomes.,functionality,Money for Life
What processes does Money for Life handle?,Money for Life vermeg money for life is a professional solution designed to meet the specific needs of financial institutions. The solution helps organizations streamline their processes and achieve better outcomes.,functionality,Money for Life
What operations does Money for Life support?,Money for Life vermeg money for life is a professional solution designed to meet the specific needs of financial institutions. The solution helps organizations streamline their processes and achieve better outcomes.,functionality,Money for Life
Could you describe Money for Life?,Certainly! Vermeg Money for Life is a professional solution designed to meet the specific needs of financial institutions. This makes it an ideal choice for organizations looking to enhance their operational capabilities.,general_info,Money for Life
Explain Money for Life to me,Certainly! Vermeg Money for Life is a professional solution designed to meet the specific needs of financial institutions. This makes it an ideal choice for organizations looking to enhance their operational capabilities.,general_info,Money for Life
I'd like to know about Money for Life,Certainly! Vermeg Money for Life is a professional solution designed to meet the specific needs of financial institutions. This makes it an ideal choice for organizations looking to enhance their operational capabilities.,general_info,Money for Life
Give me information about Money for Life,Certainly! Vermeg Money for Life is a professional solution designed to meet the specific needs of financial institutions. This makes it an ideal choice for organizations looking to enhance their operational capabilities.,general_info,Money for Life
What are the main capabilities of Money for Life?,"The key features of Money for Life include: Professional-grade functionality, Integration capabilities, Compliance support, User-friendly interface, Scalable architecture.",features,Money for Life
List the features of Money for Life,"The key features of Money for Life include: Professional-grade functionality, Integration capabilities, Compliance support, User-friendly interface, Scalable architecture.",features,Money for Life
What tools does Money for Life provide?,"The key features of Money for Life include: Professional-grade functionality, Integration capabilities, Compliance support, User-friendly interface, Scalable architecture.",features,Money for Life
What are Money for Life's key features?,"Money for Life offers the following capabilities: Professional-grade functionality, Integration capabilities, Compliance support, User-friendly interface, Scalable architecture.",features,Money for Life
Tell me about Money for Life's features,"Money for Life offers the following capabilities: Professional-grade functionality, Integration capabilities, Compliance support, User-friendly interface, Scalable architecture.",features,Money for Life
What are the technical capabilities of Money for Life?,"Money for Life offers the following capabilities: Professional-grade functionality, Integration capabilities, Compliance support, User-friendly interface, Scalable architecture.",features,Money for Life
What functions does Money for Life offer?,"Money for Life provides comprehensive functionality including: Professional-grade functionality, Integration capabilities, Compliance support, User-friendly interface, Scalable architecture.",features,Money for Life
What can I do with Money for Life?,"Money for Life provides comprehensive functionality including: Professional-grade functionality, Integration capabilities, Compliance support, User-friendly interface, Scalable architecture.",features,Money for Life
What functionality is included in Money for Life?,"Money for Life provides comprehensive functionality including: Professional-grade functionality, Integration capabilities, Compliance support, User-friendly interface, Scalable architecture.",features,Money for Life
What are the business benefits of Money for Life?,"The key benefits of Money for Life include: Improved operational efficiency, Enhanced compliance, Reduced operational risk, Better customer service, Cost optimization.",benefits,Money for Life
What positive impact can Money for Life have?,"The key benefits of Money for Life include: Improved operational efficiency, Enhanced compliance, Reduced operational risk, Better customer service, Cost optimization.",benefits,Money for Life
How can Money for Life improve my operations?,"The key benefits of Money for Life include: Improved operational efficiency, Enhanced compliance, Reduced operational risk, Better customer service, Cost optimization.",benefits,Money for Life
What ROI can I expect from Money for Life?,"The key benefits of Money for Life include: Improved operational efficiency, Enhanced compliance, Reduced operational risk, Better customer service, Cost optimization.",benefits,Money for Life
What value does Money for Life provide?,"You should choose Money for Life because it provides: Improved operational efficiency, Enhanced compliance, Reduced operational risk, Better customer service, Cost optimization. These advantages help organizations achieve their business objectives more effectively.",benefits,Money for Life
What makes Money for Life valuable?,"You should choose Money for Life because it provides: Improved operational efficiency, Enhanced compliance, Reduced operational risk, Better customer service, Cost optimization. These advantages help organizations achieve their business objectives more effectively.",benefits,Money for Life
What are the advantages of Money for Life?,"You should choose Money for Life because it provides: Improved operational efficiency, Enhanced compliance, Reduced operational risk, Better customer service, Cost optimization. These advantages help organizations achieve their business objectives more effectively.",benefits,Money for Life
How will Money for Life benefit my business?,"You should choose Money for Life because it provides: Improved operational efficiency, Enhanced compliance, Reduced operational risk, Better customer service, Cost optimization. These advantages help organizations achieve their business objectives more effectively.",benefits,Money for Life
Why would I want to use Money for Life?,"Money for Life can help your organization by providing: Improved operational efficiency, Enhanced compliance, Reduced operational risk, Better customer service, Cost optimization. This leads to improved performance and better business outcomes.",benefits,Money for Life
What business needs does Money for Life meet?,"Money for Life is commonly used for: Business process optimization, Compliance management, Risk management, Customer service enhancement.",use_cases,Money for Life
How is Money for Life typically implemented?,"Money for Life is commonly used for: Business process optimization, Compliance management, Risk management, Customer service enhancement.",use_cases,Money for Life
What types of organizations use Money for Life?,"Money for Life is commonly used for: Business process optimization, Compliance management, Risk management, Customer service enhancement.",use_cases,Money for Life
In what situations is Money for Life useful?,"You should consider Money for Life for: Business process optimization, Compliance management, Risk management, Customer service enhancement. It's particularly effective in these scenarios.",use_cases,Money for Life
In which industries is Money for Life used?,"You should consider Money for Life for: Business process optimization, Compliance management, Risk management, Customer service enhancement. It's particularly effective in these scenarios.",use_cases,Money for Life
What business problems can Money for Life address?,"Money for Life helps solve challenges related to: Business process optimization, Compliance management, Risk management, Customer service enhancement. It provides comprehensive solutions for these business needs.",use_cases,Money for Life
How do I get started with Money for Life?,"To implement Money for Life, please contact Vermeg directly. Our team will assess your specific needs and provide detailed information about implementation, pricing, and support options.",acquisition,Money for Life
What's needed to get Money for Life?,"To implement Money for Life, please contact Vermeg directly. Our team will assess your specific needs and provide detailed information about implementation, pricing, and support options.",acquisition,Money for Life
What's the procurement process for Money for Life?,"To implement Money for Life, please contact Vermeg directly. Our team will assess your specific needs and provide detailed information about implementation, pricing, and support options.",acquisition,Money for Life
How can I implement Money for Life?,"To implement Money for Life, please contact Vermeg directly. Our team will assess your specific needs and provide detailed information about implementation, pricing, and support options.",acquisition,Money for Life
Is Money for Life appropriate for my needs?,"Money for Life is designed to meet diverse business requirements in the financial services industry. To determine if it's suitable for your specific needs, please contact Vermeg for a detailed consultation and assessment.",suitability,Money for Life
Would Money for Life be suitable for our requirements?,"Money for Life is designed to meet diverse business requirements in the financial services industry. To determine if it's suitable for your specific needs, please contact Vermeg for a detailed consultation and assessment.",suitability,Money for Life
Would Money for Life fit our organization?,"Money for Life is designed to meet diverse business requirements in the financial services industry. To determine if it's suitable for your specific needs, please contact Vermeg for a detailed consultation and assessment.",suitability,Money for Life
Is Money for Life designed for businesses like ours?,"Money for Life is designed to meet diverse business requirements in the financial services industry. To determine if it's suitable for your specific needs, please contact Vermeg for a detailed consultation and assessment.",suitability,Money for Life
Would Money for Life work for my company?,"Money for Life is designed to meet diverse business requirements in the financial services industry. To determine if it's suitable for your specific needs, please contact Vermeg for a detailed consultation and assessment.",suitability,Money for Life
How soon can we start using Money for Life?,Implementation time for Money for Life varies depending on your specific requirements and organizational complexity. Vermeg's implementation team will work with you to develop a timeline that meets your needs.,implementation,Money for Life
What's the delivery timeframe for Money for Life?,Implementation time for Money for Life varies depending on your specific requirements and organizational complexity. Vermeg's implementation team will work with you to develop a timeline that meets your needs.,implementation,Money for Life
What's the implementation duration for Money for Life?,Implementation time for Money for Life varies depending on your specific requirements and organizational complexity. Vermeg's implementation team will work with you to develop a timeline that meets your needs.,implementation,Money for Life
What's the rollout timeline for Money for Life?,Implementation time for Money for Life varies depending on your specific requirements and organizational complexity. Vermeg's implementation team will work with you to develop a timeline that meets your needs.,implementation,Money for Life
What should I know about Optimizer?,Vermeg Optimizer is a professional solution designed to meet the specific needs of financial institutions.,general_info,Optimizer
Could you describe Optimizer?,Vermeg Optimizer is a professional solution designed to meet the specific needs of financial institutions.,general_info,Optimizer
What's Optimizer all about?,Vermeg Optimizer is a professional solution designed to meet the specific needs of financial institutions.,general_info,Optimizer
Give me information about Optimizer,Vermeg Optimizer is a professional solution designed to meet the specific needs of financial institutions.,general_info,Optimizer
Explain Optimizer to me,Vermeg Optimizer is a professional solution designed to meet the specific needs of financial institutions.,general_info,Optimizer
Help me understand Optimizer,Vermeg Optimizer is a professional solution designed to meet the specific needs of financial institutions. It offers comprehensive functionality to help organizations improve their operations and meet regulatory requirements.,general_info,Optimizer
I'm interested in learning about Optimizer,Vermeg Optimizer is a professional solution designed to meet the specific needs of financial institutions. It offers comprehensive functionality to help organizations improve their operations and meet regulatory requirements.,general_info,Optimizer
Provide details about Optimizer,Vermeg Optimizer is a professional solution designed to meet the specific needs of financial institutions. It offers comprehensive functionality to help organizations improve their operations and meet regulatory requirements.,general_info,Optimizer
How does Optimizer help?,Optimizer vermeg optimizer is a professional solution designed to meet the specific needs of financial institutions. The solution helps organizations streamline their processes and achieve better outcomes.,functionality,Optimizer
What processes does Optimizer handle?,Optimizer vermeg optimizer is a professional solution designed to meet the specific needs of financial institutions. The solution helps organizations streamline their processes and achieve better outcomes.,functionality,Optimizer
How does Optimizer serve its purpose?,Optimizer vermeg optimizer is a professional solution designed to meet the specific needs of financial institutions. The solution helps organizations streamline their processes and achieve better outcomes.,functionality,Optimizer
What tasks does Optimizer perform?,Optimizer vermeg optimizer is a professional solution designed to meet the specific needs of financial institutions. The solution helps organizations streamline their processes and achieve better outcomes.,functionality,Optimizer
What can you tell me about Optimizer?,Certainly! Vermeg Optimizer is a professional solution designed to meet the specific needs of financial institutions. This makes it an ideal choice for organizations looking to enhance their operational capabilities.,general_info,Optimizer
List the features of Optimizer,"The key features of Optimizer include: Professional-grade functionality, Integration capabilities, Compliance support, User-friendly interface, Scalable architecture.",features,Optimizer
What are the main capabilities of Optimizer?,"The key features of Optimizer include: Professional-grade functionality, Integration capabilities, Compliance support, User-friendly interface, Scalable architecture.",features,Optimizer
What functions does Optimizer offer?,"The key features of Optimizer include: Professional-grade functionality, Integration capabilities, Compliance support, User-friendly interface, Scalable architecture.",features,Optimizer
Describe the features of Optimizer,"The key features of Optimizer include: Professional-grade functionality, Integration capabilities, Compliance support, User-friendly interface, Scalable architecture.",features,Optimizer
What can I do with Optimizer?,"The key features of Optimizer include: Professional-grade functionality, Integration capabilities, Compliance support, User-friendly interface, Scalable architecture.",features,Optimizer
What are the technical capabilities of Optimizer?,"Optimizer provides comprehensive functionality including: Professional-grade functionality, Integration capabilities, Compliance support, User-friendly interface, Scalable architecture.",features,Optimizer
Tell me about Optimizer's features,"Optimizer provides comprehensive functionality including: Professional-grade functionality, Integration capabilities, Compliance support, User-friendly interface, Scalable architecture.",features,Optimizer
What are Optimizer's key features?,"Optimizer provides comprehensive functionality including: Professional-grade functionality, Integration capabilities, Compliance support, User-friendly interface, Scalable architecture.",features,Optimizer
What value does Optimizer provide?,"The key benefits of Optimizer include: Improved operational efficiency, Enhanced compliance, Reduced operational risk, Better customer service, Cost optimization.",benefits,Optimizer
What advantages does Optimizer offer?,"The key benefits of Optimizer include: Improved operational efficiency, Enhanced compliance, Reduced operational risk, Better customer service, Cost optimization.",benefits,Optimizer
What are the business benefits of Optimizer?,"The key benefits of Optimizer include: Improved operational efficiency, Enhanced compliance, Reduced operational risk, Better customer service, Cost optimization.",benefits,Optimizer
What ROI can I expect from Optimizer?,"The key benefits of Optimizer include: Improved operational efficiency, Enhanced compliance, Reduced operational risk, Better customer service, Cost optimization.",benefits,Optimizer
What positive impact can Optimizer have?,"The key benefits of Optimizer include: Improved operational efficiency, Enhanced compliance, Reduced operational risk, Better customer service, Cost optimization.",benefits,Optimizer
What makes Optimizer valuable?,"You should choose Optimizer because it provides: Improved operational efficiency, Enhanced compliance, Reduced operational risk, Better customer service, Cost optimization. These advantages help organizations achieve their business objectives more effectively.",benefits,Optimizer
How will Optimizer benefit my business?,"You should choose Optimizer because it provides: Improved operational efficiency, Enhanced compliance, Reduced operational risk, Better customer service, Cost optimization. These advantages help organizations achieve their business objectives more effectively.",benefits,Optimizer
What challenges does Optimizer help with?,"Optimizer is commonly used for: Business process optimization, Compliance management, Risk management, Customer service enhancement.",use_cases,Optimizer
What scenarios is Optimizer designed for?,"Optimizer is commonly used for: Business process optimization, Compliance management, Risk management, Customer service enhancement.",use_cases,Optimizer
Where can Optimizer be applied?,"Optimizer is commonly used for: Business process optimization, Compliance management, Risk management, Customer service enhancement.",use_cases,Optimizer
When is Optimizer most effective?,"Optimizer is commonly used for: Business process optimization, Compliance management, Risk management, Customer service enhancement.",use_cases,Optimizer
What types of organizations use Optimizer?,"You should consider Optimizer for: Business process optimization, Compliance management, Risk management, Customer service enhancement. It's particularly effective in these scenarios.",use_cases,Optimizer
What business problems can Optimizer address?,"You should consider Optimizer for: Business process optimization, Compliance management, Risk management, Customer service enhancement. It's particularly effective in these scenarios.",use_cases,Optimizer
How is Optimizer typically implemented?,"You should consider Optimizer for: Business process optimization, Compliance management, Risk management, Customer service enhancement. It's particularly effective in these scenarios.",use_cases,Optimizer
For what purposes is Optimizer designed?,"You should consider Optimizer for: Business process optimization, Compliance management, Risk management, Customer service enhancement. It's particularly effective in these scenarios.",use_cases,Optimizer
What applications does Optimizer have?,"You should consider Optimizer for: Business process optimization, Compliance management, Risk management, Customer service enhancement. It's particularly effective in these scenarios.",use_cases,Optimizer
In which industries is Optimizer used?,"Optimizer helps solve challenges related to: Business process optimization, Compliance management, Risk management, Customer service enhancement. It provides comprehensive solutions for these business needs.",use_cases,Optimizer
How can I implement Optimizer?,"To implement Optimizer, please contact Vermeg directly. Our team will assess your specific needs and provide detailed information about implementation, pricing, and support options.",acquisition,Optimizer
How can I start using Optimizer?,"To implement Optimizer, please contact Vermeg directly. Our team will assess your specific needs and provide detailed information about implementation, pricing, and support options.",acquisition,Optimizer
What's needed to get Optimizer?,"To implement Optimizer, please contact Vermeg directly. Our team will assess your specific needs and provide detailed information about implementation, pricing, and support options.",acquisition,Optimizer
How can my company get Optimizer?,"To implement Optimizer, please contact Vermeg directly. Our team will assess your specific needs and provide detailed information about implementation, pricing, and support options.",acquisition,Optimizer
How do I request Optimizer?,"To implement Optimizer, please contact Vermeg directly. Our team will assess your specific needs and provide detailed information about implementation, pricing, and support options.",acquisition,Optimizer
Would Optimizer be suitable for our requirements?,"Optimizer is designed to meet diverse business requirements in the financial services industry. To determine if it's suitable for your specific needs, please contact Vermeg for a detailed consultation and assessment.",suitability,Optimizer
Is Optimizer relevant to our industry?,"Optimizer is designed to meet diverse business requirements in the financial services industry. To determine if it's suitable for your specific needs, please contact Vermeg for a detailed consultation and assessment.",suitability,Optimizer
Is Optimizer appropriate for my needs?,"Optimizer is designed to meet diverse business requirements in the financial services industry. To determine if it's suitable for your specific needs, please contact Vermeg for a detailed consultation and assessment.",suitability,Optimizer
Would Optimizer work for my company?,"Optimizer is designed to meet diverse business requirements in the financial services industry. To determine if it's suitable for your specific needs, please contact Vermeg for a detailed consultation and assessment.",suitability,Optimizer
Would Optimizer fit our organization?,"Optimizer is designed to meet diverse business requirements in the financial services industry. To determine if it's suitable for your specific needs, please contact Vermeg for a detailed consultation and assessment.",suitability,Optimizer
What's the setup time for Optimizer?,Implementation time for Optimizer varies depending on your specific requirements and organizational complexity. Vermeg's implementation team will work with you to develop a timeline that meets your needs.,implementation,Optimizer
How long is the deployment process for Optimizer?,Implementation time for Optimizer varies depending on your specific requirements and organizational complexity. Vermeg's implementation team will work with you to develop a timeline that meets your needs.,implementation,Optimizer
What's the implementation duration for Optimizer?,Implementation time for Optimizer varies depending on your specific requirements and organizational complexity. Vermeg's implementation team will work with you to develop a timeline that meets your needs.,implementation,Optimizer
What's the rollout timeline for Optimizer?,Implementation time for Optimizer varies depending on your specific requirements and organizational complexity. Vermeg's implementation team will work with you to develop a timeline that meets your needs.,implementation,Optimizer
How long does Optimizer take to go live?,Implementation time for Optimizer varies depending on your specific requirements and organizational complexity. Vermeg's implementation team will work with you to develop a timeline that meets your needs.,implementation,Optimizer
What's Oversight Limits all about?,Vermeg Oversight Limits is a professional solution designed to meet the specific needs of financial institutions.,general_info,Oversight Limits
Give me information about Oversight Limits,Vermeg Oversight Limits is a professional solution designed to meet the specific needs of financial institutions.,general_info,Oversight Limits
What exactly is Oversight Limits?,Vermeg Oversight Limits is a professional solution designed to meet the specific needs of financial institutions.,general_info,Oversight Limits
Explain Oversight Limits to me,Vermeg Oversight Limits is a professional solution designed to meet the specific needs of financial institutions.,general_info,Oversight Limits
I'd like to know about Oversight Limits,Vermeg Oversight Limits is a professional solution designed to meet the specific needs of financial institutions. It offers comprehensive functionality to help organizations improve their operations and meet regulatory requirements.,general_info,Oversight Limits
What can you tell me about Oversight Limits?,Vermeg Oversight Limits is a professional solution designed to meet the specific needs of financial institutions. It offers comprehensive functionality to help organizations improve their operations and meet regulatory requirements.,general_info,Oversight Limits
Provide details about Oversight Limits,Vermeg Oversight Limits is a professional solution designed to meet the specific needs of financial institutions. It offers comprehensive functionality to help organizations improve their operations and meet regulatory requirements.,general_info,Oversight Limits
What operations does Oversight Limits support?,Oversight Limits vermeg oversight limits is a professional solution designed to meet the specific needs of financial institutions. The solution helps organizations streamline their processes and achieve better outcomes.,functionality,Oversight Limits
How does Oversight Limits work?,Oversight Limits vermeg oversight limits is a professional solution designed to meet the specific needs of financial institutions. The solution helps organizations streamline their processes and achieve better outcomes.,functionality,Oversight Limits
What's the main function of Oversight Limits?,Oversight Limits vermeg oversight limits is a professional solution designed to meet the specific needs of financial institutions. The solution helps organizations streamline their processes and achieve better outcomes.,functionality,Oversight Limits
What is Oversight Limits designed to do?,Oversight Limits vermeg oversight limits is a professional solution designed to meet the specific needs of financial institutions. The solution helps organizations streamline their processes and achieve better outcomes.,functionality,Oversight Limits
What is the purpose of Oversight Limits?,Oversight Limits vermeg oversight limits is a professional solution designed to meet the specific needs of financial institutions. The solution helps organizations streamline their processes and achieve better outcomes.,functionality,Oversight Limits
What should I know about Oversight Limits?,Certainly! Vermeg Oversight Limits is a professional solution designed to meet the specific needs of financial institutions. This makes it an ideal choice for organizations looking to enhance their operational capabilities.,general_info,Oversight Limits
What can I do with Oversight Limits?,"The key features of Oversight Limits include: Professional-grade functionality, Integration capabilities, Compliance support, User-friendly interface, Scalable architecture.",features,Oversight Limits
What functionality is included in Oversight Limits?,"The key features of Oversight Limits include: Professional-grade functionality, Integration capabilities, Compliance support, User-friendly interface, Scalable architecture.",features,Oversight Limits
What are Oversight Limits's key features?,"The key features of Oversight Limits include: Professional-grade functionality, Integration capabilities, Compliance support, User-friendly interface, Scalable architecture.",features,Oversight Limits
What does Oversight Limits offer in terms of features?,"Oversight Limits offers the following capabilities: Professional-grade functionality, Integration capabilities, Compliance support, User-friendly interface, Scalable architecture.",features,Oversight Limits
What are the main capabilities of Oversight Limits?,"Oversight Limits offers the following capabilities: Professional-grade functionality, Integration capabilities, Compliance support, User-friendly interface, Scalable architecture.",features,Oversight Limits
What functions does Oversight Limits offer?,"Oversight Limits provides comprehensive functionality including: Professional-grade functionality, Integration capabilities, Compliance support, User-friendly interface, Scalable architecture.",features,Oversight Limits
What tools does Oversight Limits provide?,"Oversight Limits provides comprehensive functionality including: Professional-grade functionality, Integration capabilities, Compliance support, User-friendly interface, Scalable architecture.",features,Oversight Limits
List the features of Oversight Limits,"Oversight Limits provides comprehensive functionality including: Professional-grade functionality, Integration capabilities, Compliance support, User-friendly interface, Scalable architecture.",features,Oversight Limits
Why is Oversight Limits beneficial?,"The key benefits of Oversight Limits include: Improved operational efficiency, Enhanced compliance, Reduced operational risk, Better customer service, Cost optimization.",benefits,Oversight Limits
How will Oversight Limits benefit my business?,"The key benefits of Oversight Limits include: Improved operational efficiency, Enhanced compliance, Reduced operational risk, Better customer service, Cost optimization.",benefits,Oversight Limits
How can Oversight Limits improve my operations?,"The key benefits of Oversight Limits include: Improved operational efficiency, Enhanced compliance, Reduced operational risk, Better customer service, Cost optimization.",benefits,Oversight Limits
What positive impact can Oversight Limits have?,"The key benefits of Oversight Limits include: Improved operational efficiency, Enhanced compliance, Reduced operational risk, Better customer service, Cost optimization.",benefits,Oversight Limits
What are the advantages of Oversight Limits?,"You should choose Oversight Limits because it provides: Improved operational efficiency, Enhanced compliance, Reduced operational risk, Better customer service, Cost optimization. These advantages help organizations achieve their business objectives more effectively.",benefits,Oversight Limits
What ROI can I expect from Oversight Limits?,"You should choose Oversight Limits because it provides: Improved operational efficiency, Enhanced compliance, Reduced operational risk, Better customer service, Cost optimization. These advantages help organizations achieve their business objectives more effectively.",benefits,Oversight Limits
How does Oversight Limits add value?,"You should choose Oversight Limits because it provides: Improved operational efficiency, Enhanced compliance, Reduced operational risk, Better customer service, Cost optimization. These advantages help organizations achieve their business objectives more effectively.",benefits,Oversight Limits
What advantages does Oversight Limits offer?,"Oversight Limits can help your organization by providing: Improved operational efficiency, Enhanced compliance, Reduced operational risk, Better customer service, Cost optimization. This leads to improved performance and better business outcomes.",benefits,Oversight Limits
What are the business benefits of Oversight Limits?,"Oversight Limits can help your organization by providing: Improved operational efficiency, Enhanced compliance, Reduced operational risk, Better customer service, Cost optimization. This leads to improved performance and better business outcomes.",benefits,Oversight Limits
What scenarios is Oversight Limits designed for?,"Oversight Limits is commonly used for: Business process optimization, Compliance management, Risk management, Customer service enhancement.",use_cases,Oversight Limits
What applications does Oversight Limits have?,"Oversight Limits is commonly used for: Business process optimization, Compliance management, Risk management, Customer service enhancement.",use_cases,Oversight Limits
What challenges does Oversight Limits help with?,"Oversight Limits is commonly used for: Business process optimization, Compliance management, Risk management, Customer service enhancement.",use_cases,Oversight Limits
How is Oversight Limits typically implemented?,"Oversight Limits is commonly used for: Business process optimization, Compliance management, Risk management, Customer service enhancement.",use_cases,Oversight Limits
In what situations is Oversight Limits useful?,"You should consider Oversight Limits for: Business process optimization, Compliance management, Risk management, Customer service enhancement. It's particularly effective in these scenarios.",use_cases,Oversight Limits
When is Oversight Limits most effective?,"You should consider Oversight Limits for: Business process optimization, Compliance management, Risk management, Customer service enhancement. It's particularly effective in these scenarios.",use_cases,Oversight Limits
Where can Oversight Limits be applied?,"Oversight Limits helps solve challenges related to: Business process optimization, Compliance management, Risk management, Customer service enhancement. It provides comprehensive solutions for these business needs.",use_cases,Oversight Limits
For what purposes is Oversight Limits designed?,"Oversight Limits helps solve challenges related to: Business process optimization, Compliance management, Risk management, Customer service enhancement. It provides comprehensive solutions for these business needs.",use_cases,Oversight Limits
What's needed to get Oversight Limits?,"To implement Oversight Limits, please contact Vermeg directly. Our team will assess your specific needs and provide detailed information about implementation, pricing, and support options.",acquisition,Oversight Limits
How can I purchase Oversight Limits?,"To implement Oversight Limits, please contact Vermeg directly. Our team will assess your specific needs and provide detailed information about implementation, pricing, and support options.",acquisition,Oversight Limits
How do I get started with Oversight Limits?,"To implement Oversight Limits, please contact Vermeg directly. Our team will assess your specific needs and provide detailed information about implementation, pricing, and support options.",acquisition,Oversight Limits
What are the steps to get Oversight Limits?,"To implement Oversight Limits, please contact Vermeg directly. Our team will assess your specific needs and provide detailed information about implementation, pricing, and support options.",acquisition,Oversight Limits
How do I buy Oversight Limits?,"To implement Oversight Limits, please contact Vermeg directly. Our team will assess your specific needs and provide detailed information about implementation, pricing, and support options.",acquisition,Oversight Limits
Would Oversight Limits fit our organization?,"Oversight Limits is designed to meet diverse business requirements in the financial services industry. To determine if it's suitable for your specific needs, please contact Vermeg for a detailed consultation and assessment.",suitability,Oversight Limits
Should my business consider Oversight Limits?,"Oversight Limits is designed to meet diverse business requirements in the financial services industry. To determine if it's suitable for your specific needs, please contact Vermeg for a detailed consultation and assessment.",suitability,Oversight Limits
Would Oversight Limits benefit our type of business?,"Oversight Limits is designed to meet diverse business requirements in the financial services industry. To determine if it's suitable for your specific needs, please contact Vermeg for a detailed consultation and assessment.",suitability,Oversight Limits
Is Oversight Limits a good fit for us?,"Oversight Limits is designed to meet diverse business requirements in the financial services industry. To determine if it's suitable for your specific needs, please contact Vermeg for a detailed consultation and assessment.",suitability,Oversight Limits
What's the setup time for Oversight Limits?,Implementation time for Oversight Limits varies depending on your specific requirements and organizational complexity. Vermeg's implementation team will work with you to develop a timeline that meets your needs.,implementation,Oversight Limits
How soon can we start using Oversight Limits?,Implementation time for Oversight Limits varies depending on your specific requirements and organizational complexity. Vermeg's implementation team will work with you to develop a timeline that meets your needs.,implementation,Oversight Limits
How long is the Oversight Limits implementation project?,Implementation time for Oversight Limits varies depending on your specific requirements and organizational complexity. Vermeg's implementation team will work with you to develop a timeline that meets your needs.,implementation,Oversight Limits
What's the implementation timeline for Oversight Limits?,Implementation time for Oversight Limits varies depending on your specific requirements and organizational complexity. Vermeg's implementation team will work with you to develop a timeline that meets your needs.,implementation,Oversight Limits
How quickly can Oversight Limits be deployed?,Implementation time for Oversight Limits varies depending on your specific requirements and organizational complexity. Vermeg's implementation team will work with you to develop a timeline that meets your needs.,implementation,Oversight Limits
What is the purpose of Xchanger?,Xchanger vermeg xchanger is a comprehensive regulatory reporting platform that helps financial institutions manage their regulatory obligations efficiently. The solution helps organizations streamline their processes and achieve better outcomes.,functionality,Xchanger
What functions does Xchanger offer?,"The key features of Xchanger include: Automated regulatory reporting, Multi-jurisdiction compliance, Real-time data validation, Flexible data transformation, Comprehensive audit trail.",features,Xchanger
List the features of Xchanger,"The key features of Xchanger include: Automated regulatory reporting, Multi-jurisdiction compliance, Real-time data validation, Flexible data transformation, Comprehensive audit trail.",features,Xchanger
What types of organizations use Xchanger?,"Xchanger is commonly used for: Regulatory reporting, Risk management, Data quality management, Compliance monitoring.",use_cases,Xchanger
What applications does Xchanger have?,"Xchanger is commonly used for: Regulatory reporting, Risk management, Data quality management, Compliance monitoring.",use_cases,Xchanger
How is Xchanger typically implemented?,"You should consider Xchanger for: Regulatory reporting, Risk management, Data quality management, Compliance monitoring. It's particularly effective in these scenarios.",use_cases,Xchanger
How do I request Xchanger?,"To implement Xchanger, please contact Vermeg directly. Our team will assess your specific needs and provide detailed information about implementation, pricing, and support options.",acquisition,Xchanger
How do I buy Xchanger?,"To implement Xchanger, please contact Vermeg directly. Our team will assess your specific needs and provide detailed information about implementation, pricing, and support options.",acquisition,Xchanger
How can I access Xchanger?,"To implement Xchanger, please contact Vermeg directly. Our team will assess your specific needs and provide detailed information about implementation, pricing, and support options.",acquisition,Xchanger
What do I need to do to get Xchanger?,"To implement Xchanger, please contact Vermeg directly. Our team will assess your specific needs and provide detailed information about implementation, pricing, and support options.",acquisition,Xchanger
Would Xchanger benefit our type of business?,"Xchanger is designed to meet diverse business requirements in the financial services industry. To determine if it's suitable for your specific needs, please contact Vermeg for a detailed consultation and assessment.",suitability,Xchanger
How long before Xchanger is operational?,Implementation time for Xchanger varies depending on your specific requirements and organizational complexity. Vermeg's implementation team will work with you to develop a timeline that meets your needs.,implementation,Xchanger
I'd like to know about Colline,Vermeg Colline is a powerful insurance and pension administration platform designed to manage the complete lifecycle of insurance products.,general_info,Colline
What should I know about Colline?,Vermeg Colline is a powerful insurance and pension administration platform designed to manage the complete lifecycle of insurance products.,general_info,Colline
Could you describe Colline?,Vermeg Colline is a powerful insurance and pension administration platform designed to manage the complete lifecycle of insurance products.,general_info,Colline
Give me information about Colline,Vermeg Colline is a powerful insurance and pension administration platform designed to manage the complete lifecycle of insurance products.,general_info,Colline
I'm interested in learning about Colline,Vermeg Colline is a powerful insurance and pension administration platform designed to manage the complete lifecycle of insurance products. It offers comprehensive functionality to help organizations improve their operations and meet regulatory requirements.,general_info,Colline
What operations does Colline support?,Colline vermeg colline is a powerful insurance and pension administration platform designed to manage the complete lifecycle of insurance products. The solution helps organizations streamline their processes and achieve better outcomes.,functionality,Colline
What role does Colline play?,Colline vermeg colline is a powerful insurance and pension administration platform designed to manage the complete lifecycle of insurance products. The solution helps organizations streamline their processes and achieve better outcomes.,functionality,Colline
How does Colline function?,Colline vermeg colline is a powerful insurance and pension administration platform designed to manage the complete lifecycle of insurance products. The solution helps organizations streamline their processes and achieve better outcomes.,functionality,Colline
What's the core function of Colline?,Colline vermeg colline is a powerful insurance and pension administration platform designed to manage the complete lifecycle of insurance products. The solution helps organizations streamline their processes and achieve better outcomes.,functionality,Colline
How does Colline serve its purpose?,Colline vermeg colline is a powerful insurance and pension administration platform designed to manage the complete lifecycle of insurance products. The solution helps organizations streamline their processes and achieve better outcomes.,functionality,Colline
Provide details about Colline,Certainly! Vermeg Colline is a powerful insurance and pension administration platform designed to manage the complete lifecycle of insurance products. This makes it an ideal choice for organizations looking to enhance their operational capabilities.,general_info,Colline
What can you tell me about Colline?,Certainly! Vermeg Colline is a powerful insurance and pension administration platform designed to manage the complete lifecycle of insurance products. This makes it an ideal choice for organizations looking to enhance their operational capabilities.,general_info,Colline
Help me understand Colline,Certainly! Vermeg Colline is a powerful insurance and pension administration platform designed to manage the complete lifecycle of insurance products. This makes it an ideal choice for organizations looking to enhance their operational capabilities.,general_info,Colline
List the features of Colline,"The key features of Colline include: Policy administration, Claims management, Premium calculation, Workflow automation, Multi-product support.",features,Colline
What are the technical capabilities of Colline?,"The key features of Colline include: Policy administration, Claims management, Premium calculation, Workflow automation, Multi-product support.",features,Colline
What are the main capabilities of Colline?,"The key features of Colline include: Policy administration, Claims management, Premium calculation, Workflow automation, Multi-product support.",features,Colline
Describe the features of Colline,"The key features of Colline include: Policy administration, Claims management, Premium calculation, Workflow automation, Multi-product support.",features,Colline
What functionality is included in Colline?,"Colline offers the following capabilities: Policy administration, Claims management, Premium calculation, Workflow automation, Multi-product support.",features,Colline
What can Colline do?,"Colline offers the following capabilities: Policy administration, Claims management, Premium calculation, Workflow automation, Multi-product support.",features,Colline
What can I do with Colline?,"Colline offers the following capabilities: Policy administration, Claims management, Premium calculation, Workflow automation, Multi-product support.",features,Colline
What functions does Colline offer?,"Colline offers the following capabilities: Policy administration, Claims management, Premium calculation, Workflow automation, Multi-product support.",features,Colline
What does Colline offer in terms of features?,"Colline provides comprehensive functionality including: Policy administration, Claims management, Premium calculation, Workflow automation, Multi-product support.",features,Colline
What are the business benefits of Colline?,"The key benefits of Colline include: Streamlines operations, Reduces processing time, Improves customer service, Enhances operational efficiency, Supports business growth.",benefits,Colline
What makes Colline valuable?,"The key benefits of Colline include: Streamlines operations, Reduces processing time, Improves customer service, Enhances operational efficiency, Supports business growth.",benefits,Colline
What positive impact can Colline have?,"The key benefits of Colline include: Streamlines operations, Reduces processing time, Improves customer service, Enhances operational efficiency, Supports business growth.",benefits,Colline
What value does Colline provide?,"The key benefits of Colline include: Streamlines operations, Reduces processing time, Improves customer service, Enhances operational efficiency, Supports business growth.",benefits,Colline
What advantages does Colline offer?,"You should choose Colline because it provides: Streamlines operations, Reduces processing time, Improves customer service, Enhances operational efficiency, Supports business growth. These advantages help organizations achieve their business objectives more effectively.",benefits,Colline
How will Colline benefit my business?,"You should choose Colline because it provides: Streamlines operations, Reduces processing time, Improves customer service, Enhances operational efficiency, Supports business growth. These advantages help organizations achieve their business objectives more effectively.",benefits,Colline
Why would I want to use Colline?,"You should choose Colline because it provides: Streamlines operations, Reduces processing time, Improves customer service, Enhances operational efficiency, Supports business growth. These advantages help organizations achieve their business objectives more effectively.",benefits,Colline
What are the advantages of Colline?,"Colline can help your organization by providing: Streamlines operations, Reduces processing time, Improves customer service, Enhances operational efficiency, Supports business growth. This leads to improved performance and better business outcomes.",benefits,Colline
How does Colline add value?,"Colline can help your organization by providing: Streamlines operations, Reduces processing time, Improves customer service, Enhances operational efficiency, Supports business growth. This leads to improved performance and better business outcomes.",benefits,Colline
What challenges does Colline help with?,"Colline is commonly used for: Life insurance administration, Pension fund management, Claims processing, Customer relationship management.",use_cases,Colline
What types of organizations use Colline?,"Colline is commonly used for: Life insurance administration, Pension fund management, Claims processing, Customer relationship management.",use_cases,Colline
Where can Colline be applied?,"Colline is commonly used for: Life insurance administration, Pension fund management, Claims processing, Customer relationship management.",use_cases,Colline
What business problems can Colline address?,"You should consider Colline for: Life insurance administration, Pension fund management, Claims processing, Customer relationship management. It's particularly effective in these scenarios.",use_cases,Colline
When is Colline most effective?,"You should consider Colline for: Life insurance administration, Pension fund management, Claims processing, Customer relationship management. It's particularly effective in these scenarios.",use_cases,Colline
For what purposes is Colline designed?,"Colline helps solve challenges related to: Life insurance administration, Pension fund management, Claims processing, Customer relationship management. It provides comprehensive solutions for these business needs.",use_cases,Colline
In which industries is Colline used?,"Colline helps solve challenges related to: Life insurance administration, Pension fund management, Claims processing, Customer relationship management. It provides comprehensive solutions for these business needs.",use_cases,Colline
What scenarios is Colline designed for?,"Colline helps solve challenges related to: Life insurance administration, Pension fund management, Claims processing, Customer relationship management. It provides comprehensive solutions for these business needs.",use_cases,Colline
What's needed to get Colline?,"To implement Colline, please contact Vermeg directly. Our team will assess your specific needs and provide detailed information about implementation, pricing, and support options.",acquisition,Colline
How can I start using Colline?,"To implement Colline, please contact Vermeg directly. Our team will assess your specific needs and provide detailed information about implementation, pricing, and support options.",acquisition,Colline
How can I implement Colline?,"To implement Colline, please contact Vermeg directly. Our team will assess your specific needs and provide detailed information about implementation, pricing, and support options.",acquisition,Colline
How can my company get Colline?,"To implement Colline, please contact Vermeg directly. Our team will assess your specific needs and provide detailed information about implementation, pricing, and support options.",acquisition,Colline
What's the process to acquire Colline?,"To implement Colline, please contact Vermeg directly. Our team will assess your specific needs and provide detailed information about implementation, pricing, and support options.",acquisition,Colline
Is Colline right for my organization?,"Colline is designed to meet diverse business requirements in the financial services industry. To determine if it's suitable for your specific needs, please contact Vermeg for a detailed consultation and assessment.",suitability,Colline
Is Colline a good fit for us?,"Colline is designed to meet diverse business requirements in the financial services industry. To determine if it's suitable for your specific needs, please contact Vermeg for a detailed consultation and assessment.",suitability,Colline
Would Colline work for my company?,"Colline is designed to meet diverse business requirements in the financial services industry. To determine if it's suitable for your specific needs, please contact Vermeg for a detailed consultation and assessment.",suitability,Colline
Would Colline be suitable for our requirements?,"Colline is designed to meet diverse business requirements in the financial services industry. To determine if it's suitable for your specific needs, please contact Vermeg for a detailed consultation and assessment.",suitability,Colline
When can we expect Colline to be ready?,Implementation time for Colline varies depending on your specific requirements and organizational complexity. Vermeg's implementation team will work with you to develop a timeline that meets your needs.,implementation,Colline
How long is the Colline implementation project?,Implementation time for Colline varies depending on your specific requirements and organizational complexity. Vermeg's implementation team will work with you to develop a timeline that meets your needs.,implementation,Colline
How quickly can Colline be deployed?,Implementation time for Colline varies depending on your specific requirements and organizational complexity. Vermeg's implementation team will work with you to develop a timeline that meets your needs.,implementation,Colline
How long does Colline take to go live?,Implementation time for Colline varies depending on your specific requirements and organizational complexity. Vermeg's implementation team will work with you to develop a timeline that meets your needs.,implementation,Colline
I'd like to know about General,Vermeg General is a professional solution designed to meet the specific needs of financial institutions.,general_info,General
I'm interested in learning about General,Vermeg General is a professional solution designed to meet the specific needs of financial institutions.,general_info,General
Provide details about General,Vermeg General is a professional solution designed to meet the specific needs of financial institutions.,general_info,General
What exactly is General?,Vermeg General is a professional solution designed to meet the specific needs of financial institutions.,general_info,General
Give me information about General,Vermeg General is a professional solution designed to meet the specific needs of financial institutions. It offers comprehensive functionality to help organizations improve their operations and meet regulatory requirements.,general_info,General
Explain General to me,Vermeg General is a professional solution designed to meet the specific needs of financial institutions. It offers comprehensive functionality to help organizations improve their operations and meet regulatory requirements.,general_info,General
What can you tell me about General?,Vermeg General is a professional solution designed to meet the specific needs of financial institutions. It offers comprehensive functionality to help organizations improve their operations and meet regulatory requirements.,general_info,General
I need information on General,Vermeg General is a professional solution designed to meet the specific needs of financial institutions. It offers comprehensive functionality to help organizations improve their operations and meet regulatory requirements.,general_info,General
Could you describe General?,Vermeg General is a professional solution designed to meet the specific needs of financial institutions. It offers comprehensive functionality to help organizations improve their operations and meet regulatory requirements.,general_info,General
What role does General play?,General vermeg general is a professional solution designed to meet the specific needs of financial institutions. The solution helps organizations streamline their processes and achieve better outcomes.,functionality,General
How does General serve its purpose?,General vermeg general is a professional solution designed to meet the specific needs of financial institutions. The solution helps organizations streamline their processes and achieve better outcomes.,functionality,General
How does General work?,General vermeg general is a professional solution designed to meet the specific needs of financial institutions. The solution helps organizations streamline their processes and achieve better outcomes.,functionality,General
What tasks does General perform?,General vermeg general is a professional solution designed to meet the specific needs of financial institutions. The solution helps organizations streamline their processes and achieve better outcomes.,functionality,General
What's the core function of General?,General vermeg general is a professional solution designed to meet the specific needs of financial institutions. The solution helps organizations streamline their processes and achieve better outcomes.,functionality,General
What should I know about General?,Certainly! Vermeg General is a professional solution designed to meet the specific needs of financial institutions. This makes it an ideal choice for organizations looking to enhance their operational capabilities.,general_info,General
Tell me about General's features,"The key features of General include: Professional-grade functionality, Integration capabilities, Compliance support, User-friendly interface, Scalable architecture.",features,General
What functions does General offer?,"The key features of General include: Professional-grade functionality, Integration capabilities, Compliance support, User-friendly interface, Scalable architecture.",features,General
What can General do?,"General offers the following capabilities: Professional-grade functionality, Integration capabilities, Compliance support, User-friendly interface, Scalable architecture.",features,General
List the features of General,"General offers the following capabilities: Professional-grade functionality, Integration capabilities, Compliance support, User-friendly interface, Scalable architecture.",features,General
What can I do with General?,"General offers the following capabilities: Professional-grade functionality, Integration capabilities, Compliance support, User-friendly interface, Scalable architecture.",features,General
Describe the features of General,"General offers the following capabilities: Professional-grade functionality, Integration capabilities, Compliance support, User-friendly interface, Scalable architecture.",features,General
What tools does General provide?,"General provides comprehensive functionality including: Professional-grade functionality, Integration capabilities, Compliance support, User-friendly interface, Scalable architecture.",features,General
What are the main capabilities of General?,"General provides comprehensive functionality including: Professional-grade functionality, Integration capabilities, Compliance support, User-friendly interface, Scalable architecture.",features,General
What value does General provide?,"The key benefits of General include: Improved operational efficiency, Enhanced compliance, Reduced operational risk, Better customer service, Cost optimization.",benefits,General
What positive impact can General have?,"The key benefits of General include: Improved operational efficiency, Enhanced compliance, Reduced operational risk, Better customer service, Cost optimization.",benefits,General
What makes General valuable?,"The key benefits of General include: Improved operational efficiency, Enhanced compliance, Reduced operational risk, Better customer service, Cost optimization.",benefits,General
What are the business benefits of General?,"The key benefits of General include: Improved operational efficiency, Enhanced compliance, Reduced operational risk, Better customer service, Cost optimization.",benefits,General
How can General improve my operations?,"You should choose General because it provides: Improved operational efficiency, Enhanced compliance, Reduced operational risk, Better customer service, Cost optimization. These advantages help organizations achieve their business objectives more effectively.",benefits,General
How will General benefit my business?,"You should choose General because it provides: Improved operational efficiency, Enhanced compliance, Reduced operational risk, Better customer service, Cost optimization. These advantages help organizations achieve their business objectives more effectively.",benefits,General
How does General add value?,"You should choose General because it provides: Improved operational efficiency, Enhanced compliance, Reduced operational risk, Better customer service, Cost optimization. These advantages help organizations achieve their business objectives more effectively.",benefits,General
What are the advantages of General?,"General can help your organization by providing: Improved operational efficiency, Enhanced compliance, Reduced operational risk, Better customer service, Cost optimization. This leads to improved performance and better business outcomes.",benefits,General
In what situations is General useful?,"General is commonly used for: Business process optimization, Compliance management, Risk management, Customer service enhancement.",use_cases,General
What scenarios is General designed for?,"General is commonly used for: Business process optimization, Compliance management, Risk management, Customer service enhancement.",use_cases,General
What applications does General have?,"You should consider General for: Business process optimization, Compliance management, Risk management, Customer service enhancement. It's particularly effective in these scenarios.",use_cases,General
In which industries is General used?,"You should consider General for: Business process optimization, Compliance management, Risk management, Customer service enhancement. It's particularly effective in these scenarios.",use_cases,General
How is General typically implemented?,"You should consider General for: Business process optimization, Compliance management, Risk management, Customer service enhancement. It's particularly effective in these scenarios.",use_cases,General
For what purposes is General designed?,"General helps solve challenges related to: Business process optimization, Compliance management, Risk management, Customer service enhancement. It provides comprehensive solutions for these business needs.",use_cases,General
How can I implement General?,"To implement General, please contact Vermeg directly. Our team will assess your specific needs and provide detailed information about implementation, pricing, and support options.",acquisition,General
How can I access General?,"To implement General, please contact Vermeg directly. Our team will assess your specific needs and provide detailed information about implementation, pricing, and support options.",acquisition,General
How do I get started with General?,"To implement General, please contact Vermeg directly. Our team will assess your specific needs and provide detailed information about implementation, pricing, and support options.",acquisition,General
How do I request General?,"To implement General, please contact Vermeg directly. Our team will assess your specific needs and provide detailed information about implementation, pricing, and support options.",acquisition,General
Can General meet our needs?,"General is designed to meet diverse business requirements in the financial services industry. To determine if it's suitable for your specific needs, please contact Vermeg for a detailed consultation and assessment.",suitability,General
Would General be suitable for our requirements?,"General is designed to meet diverse business requirements in the financial services industry. To determine if it's suitable for your specific needs, please contact Vermeg for a detailed consultation and assessment.",suitability,General
Would General benefit our type of business?,"General is designed to meet diverse business requirements in the financial services industry. To determine if it's suitable for your specific needs, please contact Vermeg for a detailed consultation and assessment.",suitability,General
Would General work for my company?,"General is designed to meet diverse business requirements in the financial services industry. To determine if it's suitable for your specific needs, please contact Vermeg for a detailed consultation and assessment.",suitability,General
How soon can we start using General?,Implementation time for General varies depending on your specific requirements and organizational complexity. Vermeg's implementation team will work with you to develop a timeline that meets your needs.,implementation,General
What's the implementation duration for General?,Implementation time for General varies depending on your specific requirements and organizational complexity. Vermeg's implementation team will work with you to develop a timeline that meets your needs.,implementation,General
What's the rollout timeline for General?,Implementation time for General varies depending on your specific requirements and organizational complexity. Vermeg's implementation team will work with you to develop a timeline that meets your needs.,implementation,General
How long before General is operational?,Implementation time for General varies depending on your specific requirements and organizational complexity. Vermeg's implementation team will work with you to develop a timeline that meets your needs.,implementation,General
What's the setup time for General?,Implementation time for General varies depending on your specific requirements and organizational complexity. Vermeg's implementation team will work with you to develop a timeline that meets your needs.,implementation,General
Could you describe Megara?,Vermeg Megara is an advanced analytics and risk management platform that provides comprehensive insights for financial institutions.,general_info,Megara
What's Megara all about?,Vermeg Megara is an advanced analytics and risk management platform that provides comprehensive insights for financial institutions.,general_info,Megara
I need information on Megara,Vermeg Megara is an advanced analytics and risk management platform that provides comprehensive insights for financial institutions.,general_info,Megara
What exactly is Megara?,Vermeg Megara is an advanced analytics and risk management platform that provides comprehensive insights for financial institutions.,general_info,Megara
I'd like to know about Megara,Vermeg Megara is an advanced analytics and risk management platform that provides comprehensive insights for financial institutions. It offers comprehensive functionality to help organizations improve their operations and meet regulatory requirements.,general_info,Megara
Give me information about Megara,Vermeg Megara is an advanced analytics and risk management platform that provides comprehensive insights for financial institutions. It offers comprehensive functionality to help organizations improve their operations and meet regulatory requirements.,general_info,Megara
What can you tell me about Megara?,Vermeg Megara is an advanced analytics and risk management platform that provides comprehensive insights for financial institutions. It offers comprehensive functionality to help organizations improve their operations and meet regulatory requirements.,general_info,Megara
What is Megara designed to do?,Megara vermeg megara is an advanced analytics and risk management platform that provides comprehensive insights for financial institutions. The solution helps organizations streamline their processes and achieve better outcomes.,functionality,Megara
What is the purpose of Megara?,Megara vermeg megara is an advanced analytics and risk management platform that provides comprehensive insights for financial institutions. The solution helps organizations streamline their processes and achieve better outcomes.,functionality,Megara
How does Megara serve its purpose?,Megara vermeg megara is an advanced analytics and risk management platform that provides comprehensive insights for financial institutions. The solution helps organizations streamline their processes and achieve better outcomes.,functionality,Megara
What job does Megara do?,Megara vermeg megara is an advanced analytics and risk management platform that provides comprehensive insights for financial institutions. The solution helps organizations streamline their processes and achieve better outcomes.,functionality,Megara
What tasks does Megara perform?,Megara vermeg megara is an advanced analytics and risk management platform that provides comprehensive insights for financial institutions. The solution helps organizations streamline their processes and achieve better outcomes.,functionality,Megara
I'm interested in learning about Megara,Certainly! Vermeg Megara is an advanced analytics and risk management platform that provides comprehensive insights for financial institutions. This makes it an ideal choice for organizations looking to enhance their operational capabilities.,general_info,Megara
Provide details about Megara,Certainly! Vermeg Megara is an advanced analytics and risk management platform that provides comprehensive insights for financial institutions. This makes it an ideal choice for organizations looking to enhance their operational capabilities.,general_info,Megara
Tell me about Megara's features,"The key features of Megara include: Advanced analytics, Risk assessment, Portfolio management, Stress testing, Real-time monitoring.",features,Megara
What can I do with Megara?,"The key features of Megara include: Advanced analytics, Risk assessment, Portfolio management, Stress testing, Real-time monitoring.",features,Megara
List the features of Megara,"The key features of Megara include: Advanced analytics, Risk assessment, Portfolio management, Stress testing, Real-time monitoring.",features,Megara
What functions does Megara offer?,"The key features of Megara include: Advanced analytics, Risk assessment, Portfolio management, Stress testing, Real-time monitoring.",features,Megara
What are the main capabilities of Megara?,"Megara offers the following capabilities: Advanced analytics, Risk assessment, Portfolio management, Stress testing, Real-time monitoring.",features,Megara
What can Megara do?,"Megara offers the following capabilities: Advanced analytics, Risk assessment, Portfolio management, Stress testing, Real-time monitoring.",features,Megara
What does Megara offer in terms of features?,"Megara offers the following capabilities: Advanced analytics, Risk assessment, Portfolio management, Stress testing, Real-time monitoring.",features,Megara
What tools does Megara provide?,"Megara offers the following capabilities: Advanced analytics, Risk assessment, Portfolio management, Stress testing, Real-time monitoring.",features,Megara
What are the technical capabilities of Megara?,"Megara provides comprehensive functionality including: Advanced analytics, Risk assessment, Portfolio management, Stress testing, Real-time monitoring.",features,Megara
Describe the features of Megara,"Megara provides comprehensive functionality including: Advanced analytics, Risk assessment, Portfolio management, Stress testing, Real-time monitoring.",features,Megara
Why is Megara beneficial?,"The key benefits of Megara include: Enhanced risk visibility, Better decision making, Improved portfolio performance, Regulatory compliance, Operational efficiency.",benefits,Megara
How does Megara add value?,"The key benefits of Megara include: Enhanced risk visibility, Better decision making, Improved portfolio performance, Regulatory compliance, Operational efficiency.",benefits,Megara
What makes Megara valuable?,"The key benefits of Megara include: Enhanced risk visibility, Better decision making, Improved portfolio performance, Regulatory compliance, Operational efficiency.",benefits,Megara
Why would I want to use Megara?,"The key benefits of Megara include: Enhanced risk visibility, Better decision making, Improved portfolio performance, Regulatory compliance, Operational efficiency.",benefits,Megara
What are the business benefits of Megara?,"The key benefits of Megara include: Enhanced risk visibility, Better decision making, Improved portfolio performance, Regulatory compliance, Operational efficiency.",benefits,Megara
How can Megara improve my operations?,"You should choose Megara because it provides: Enhanced risk visibility, Better decision making, Improved portfolio performance, Regulatory compliance, Operational efficiency. These advantages help organizations achieve their business objectives more effectively.",benefits,Megara
What ROI can I expect from Megara?,"Megara can help your organization by providing: Enhanced risk visibility, Better decision making, Improved portfolio performance, Regulatory compliance, Operational efficiency. This leads to improved performance and better business outcomes.",benefits,Megara
How will Megara benefit my business?,"Megara can help your organization by providing: Enhanced risk visibility, Better decision making, Improved portfolio performance, Regulatory compliance, Operational efficiency. This leads to improved performance and better business outcomes.",benefits,Megara
What positive impact can Megara have?,"Megara can help your organization by providing: Enhanced risk visibility, Better decision making, Improved portfolio performance, Regulatory compliance, Operational efficiency. This leads to improved performance and better business outcomes.",benefits,Megara
For what purposes is Megara designed?,"Megara is commonly used for: Risk management, Portfolio optimization, Regulatory reporting, Stress testing.",use_cases,Megara
In which industries is Megara used?,"Megara is commonly used for: Risk management, Portfolio optimization, Regulatory reporting, Stress testing.",use_cases,Megara
What scenarios is Megara designed for?,"Megara is commonly used for: Risk management, Portfolio optimization, Regulatory reporting, Stress testing.",use_cases,Megara
What business problems can Megara address?,"You should consider Megara for: Risk management, Portfolio optimization, Regulatory reporting, Stress testing. It's particularly effective in these scenarios.",use_cases,Megara
When is Megara most effective?,"You should consider Megara for: Risk management, Portfolio optimization, Regulatory reporting, Stress testing. It's particularly effective in these scenarios.",use_cases,Megara
What types of organizations use Megara?,"You should consider Megara for: Risk management, Portfolio optimization, Regulatory reporting, Stress testing. It's particularly effective in these scenarios.",use_cases,Megara
How is Megara typically implemented?,"Megara helps solve challenges related to: Risk management, Portfolio optimization, Regulatory reporting, Stress testing. It provides comprehensive solutions for these business needs.",use_cases,Megara
Where can Megara be applied?,"Megara helps solve challenges related to: Risk management, Portfolio optimization, Regulatory reporting, Stress testing. It provides comprehensive solutions for these business needs.",use_cases,Megara
What are the steps to get Megara?,"To implement Megara, please contact Vermeg directly. Our team will assess your specific needs and provide detailed information about implementation, pricing, and support options.",acquisition,Megara
What's the process to acquire Megara?,"To implement Megara, please contact Vermeg directly. Our team will assess your specific needs and provide detailed information about implementation, pricing, and support options.",acquisition,Megara
What's needed to get Megara?,"To implement Megara, please contact Vermeg directly. Our team will assess your specific needs and provide detailed information about implementation, pricing, and support options.",acquisition,Megara
How do I buy Megara?,"To implement Megara, please contact Vermeg directly. Our team will assess your specific needs and provide detailed information about implementation, pricing, and support options.",acquisition,Megara
How can my company get Megara?,"To implement Megara, please contact Vermeg directly. Our team will assess your specific needs and provide detailed information about implementation, pricing, and support options.",acquisition,Megara
Is Megara appropriate for my needs?,"Megara is designed to meet diverse business requirements in the financial services industry. To determine if it's suitable for your specific needs, please contact Vermeg for a detailed consultation and assessment.",suitability,Megara
Would Megara fit our organization?,"Megara is designed to meet diverse business requirements in the financial services industry. To determine if it's suitable for your specific needs, please contact Vermeg for a detailed consultation and assessment.",suitability,Megara
Can Megara meet our needs?,"Megara is designed to meet diverse business requirements in the financial services industry. To determine if it's suitable for your specific needs, please contact Vermeg for a detailed consultation and assessment.",suitability,Megara
Can Megara work in our environment?,"Megara is designed to meet diverse business requirements in the financial services industry. To determine if it's suitable for your specific needs, please contact Vermeg for a detailed consultation and assessment.",suitability,Megara
What's the implementation timeline for Megara?,Implementation time for Megara varies depending on your specific requirements and organizational complexity. Vermeg's implementation team will work with you to develop a timeline that meets your needs.,implementation,Megara
What's the time to value for Megara?,Implementation time for Megara varies depending on your specific requirements and organizational complexity. Vermeg's implementation team will work with you to develop a timeline that meets your needs.,implementation,Megara
How long is the Megara implementation project?,Implementation time for Megara varies depending on your specific requirements and organizational complexity. Vermeg's implementation team will work with you to develop a timeline that meets your needs.,implementation,Megara
What's the timeframe for implementing Megara?,Implementation time for Megara varies depending on your specific requirements and organizational complexity. Vermeg's implementation team will work with you to develop a timeline that meets your needs.,implementation,Megara
What's the rollout timeline for Megara?,Implementation time for Megara varies depending on your specific requirements and organizational complexity. Vermeg's implementation team will work with you to develop a timeline that meets your needs.,implementation,Megara
What's Soliam all about?,Vermeg Soliam is a comprehensive asset management platform that provides end-to-end portfolio management capabilities.,general_info,Soliam
Could you describe Soliam?,Vermeg Soliam is a comprehensive asset management platform that provides end-to-end portfolio management capabilities.,general_info,Soliam
Provide details about Soliam,Vermeg Soliam is a comprehensive asset management platform that provides end-to-end portfolio management capabilities.,general_info,Soliam
I'm interested in learning about Soliam,Vermeg Soliam is a comprehensive asset management platform that provides end-to-end portfolio management capabilities.,general_info,Soliam
Help me understand Soliam,Vermeg Soliam is a comprehensive asset management platform that provides end-to-end portfolio management capabilities. It offers comprehensive functionality to help organizations improve their operations and meet regulatory requirements.,general_info,Soliam
I'd like to know about Soliam,Vermeg Soliam is a comprehensive asset management platform that provides end-to-end portfolio management capabilities. It offers comprehensive functionality to help organizations improve their operations and meet regulatory requirements.,general_info,Soliam
What job does Soliam do?,Soliam vermeg soliam is a comprehensive asset management platform that provides end-to-end portfolio management capabilities. The solution helps organizations streamline their processes and achieve better outcomes.,functionality,Soliam
What is Soliam designed to do?,Soliam vermeg soliam is a comprehensive asset management platform that provides end-to-end portfolio management capabilities. The solution helps organizations streamline their processes and achieve better outcomes.,functionality,Soliam
What's the core function of Soliam?,Soliam vermeg soliam is a comprehensive asset management platform that provides end-to-end portfolio management capabilities. The solution helps organizations streamline their processes and achieve better outcomes.,functionality,Soliam
How does Soliam serve its purpose?,Soliam vermeg soliam is a comprehensive asset management platform that provides end-to-end portfolio management capabilities. The solution helps organizations streamline their processes and achieve better outcomes.,functionality,Soliam
What is the purpose of Soliam?,Soliam vermeg soliam is a comprehensive asset management platform that provides end-to-end portfolio management capabilities. The solution helps organizations streamline their processes and achieve better outcomes.,functionality,Soliam
I need information on Soliam,Certainly! Vermeg Soliam is a comprehensive asset management platform that provides end-to-end portfolio management capabilities. This makes it an ideal choice for organizations looking to enhance their operational capabilities.,general_info,Soliam
What can I do with Soliam?,"The key features of Soliam include: Portfolio management, Trade execution, Risk monitoring, Performance analysis, Compliance management.",features,Soliam
What tools does Soliam provide?,"The key features of Soliam include: Portfolio management, Trade execution, Risk monitoring, Performance analysis, Compliance management.",features,Soliam
Describe the features of Soliam,"The key features of Soliam include: Portfolio management, Trade execution, Risk monitoring, Performance analysis, Compliance management.",features,Soliam
What are the main capabilities of Soliam?,"The key features of Soliam include: Portfolio management, Trade execution, Risk monitoring, Performance analysis, Compliance management.",features,Soliam
What are Soliam's key features?,"Soliam offers the following capabilities: Portfolio management, Trade execution, Risk monitoring, Performance analysis, Compliance management.",features,Soliam
List the features of Soliam,"Soliam offers the following capabilities: Portfolio management, Trade execution, Risk monitoring, Performance analysis, Compliance management.",features,Soliam
What functions does Soliam offer?,"Soliam provides comprehensive functionality including: Portfolio management, Trade execution, Risk monitoring, Performance analysis, Compliance management.",features,Soliam
What are the technical capabilities of Soliam?,"Soliam provides comprehensive functionality including: Portfolio management, Trade execution, Risk monitoring, Performance analysis, Compliance management.",features,Soliam
What does Soliam offer in terms of features?,"Soliam provides comprehensive functionality including: Portfolio management, Trade execution, Risk monitoring, Performance analysis, Compliance management.",features,Soliam
How will Soliam benefit my business?,"The key benefits of Soliam include: Optimized investment performance, Reduced operational risk, Enhanced compliance, Improved efficiency, Better client service.",benefits,Soliam
Why is Soliam beneficial?,"The key benefits of Soliam include: Optimized investment performance, Reduced operational risk, Enhanced compliance, Improved efficiency, Better client service.",benefits,Soliam
What value does Soliam provide?,"The key benefits of Soliam include: Optimized investment performance, Reduced operational risk, Enhanced compliance, Improved efficiency, Better client service.",benefits,Soliam
How can Soliam improve my operations?,"The key benefits of Soliam include: Optimized investment performance, Reduced operational risk, Enhanced compliance, Improved efficiency, Better client service.",benefits,Soliam
What are the advantages of Soliam?,"You should choose Soliam because it provides: Optimized investment performance, Reduced operational risk, Enhanced compliance, Improved efficiency, Better client service. These advantages help organizations achieve their business objectives more effectively.",benefits,Soliam
What positive impact can Soliam have?,"You should choose Soliam because it provides: Optimized investment performance, Reduced operational risk, Enhanced compliance, Improved efficiency, Better client service. These advantages help organizations achieve their business objectives more effectively.",benefits,Soliam
What are the business benefits of Soliam?,"You should choose Soliam because it provides: Optimized investment performance, Reduced operational risk, Enhanced compliance, Improved efficiency, Better client service. These advantages help organizations achieve their business objectives more effectively.",benefits,Soliam
What ROI can I expect from Soliam?,"Soliam can help your organization by providing: Optimized investment performance, Reduced operational risk, Enhanced compliance, Improved efficiency, Better client service. This leads to improved performance and better business outcomes.",benefits,Soliam
What types of organizations use Soliam?,"Soliam is commonly used for: Asset management, Portfolio optimization, Risk management, Performance monitoring.",use_cases,Soliam
For what purposes is Soliam designed?,"Soliam is commonly used for: Asset management, Portfolio optimization, Risk management, Performance monitoring.",use_cases,Soliam
What business problems can Soliam address?,"Soliam is commonly used for: Asset management, Portfolio optimization, Risk management, Performance monitoring.",use_cases,Soliam
What applications does Soliam have?,"Soliam is commonly used for: Asset management, Portfolio optimization, Risk management, Performance monitoring.",use_cases,Soliam
What challenges does Soliam help with?,"Soliam is commonly used for: Asset management, Portfolio optimization, Risk management, Performance monitoring.",use_cases,Soliam
In what situations is Soliam useful?,"You should consider Soliam for: Asset management, Portfolio optimization, Risk management, Performance monitoring. It's particularly effective in these scenarios.",use_cases,Soliam
What business needs does Soliam meet?,"You should consider Soliam for: Asset management, Portfolio optimization, Risk management, Performance monitoring. It's particularly effective in these scenarios.",use_cases,Soliam
In which industries is Soliam used?,"You should consider Soliam for: Asset management, Portfolio optimization, Risk management, Performance monitoring. It's particularly effective in these scenarios.",use_cases,Soliam
How can I implement Soliam?,"To implement Soliam, please contact Vermeg directly. Our team will assess your specific needs and provide detailed information about implementation, pricing, and support options.",acquisition,Soliam
How do I obtain Soliam?,"To implement Soliam, please contact Vermeg directly. Our team will assess your specific needs and provide detailed information about implementation, pricing, and support options.",acquisition,Soliam
What's the process to acquire Soliam?,"To implement Soliam, please contact Vermeg directly. Our team will assess your specific needs and provide detailed information about implementation, pricing, and support options.",acquisition,Soliam
How can I access Soliam?,"To implement Soliam, please contact Vermeg directly. Our team will assess your specific needs and provide detailed information about implementation, pricing, and support options.",acquisition,Soliam
What are the steps to get Soliam?,"To implement Soliam, please contact Vermeg directly. Our team will assess your specific needs and provide detailed information about implementation, pricing, and support options.",acquisition,Soliam
Can Soliam meet our needs?,"Soliam is designed to meet diverse business requirements in the financial services industry. To determine if it's suitable for your specific needs, please contact Vermeg for a detailed consultation and assessment.",suitability,Soliam
Would Soliam fit our organization?,"Soliam is designed to meet diverse business requirements in the financial services industry. To determine if it's suitable for your specific needs, please contact Vermeg for a detailed consultation and assessment.",suitability,Soliam
Is Soliam compatible with our business?,"Soliam is designed to meet diverse business requirements in the financial services industry. To determine if it's suitable for your specific needs, please contact Vermeg for a detailed consultation and assessment.",suitability,Soliam
Is Soliam the right choice for us?,"Soliam is designed to meet diverse business requirements in the financial services industry. To determine if it's suitable for your specific needs, please contact Vermeg for a detailed consultation and assessment.",suitability,Soliam
How long is the deployment process for Soliam?,Implementation time for Soliam varies depending on your specific requirements and organizational complexity. Vermeg's implementation team will work with you to develop a timeline that meets your needs.,implementation,Soliam
When can we expect Soliam to be ready?,Implementation time for Soliam varies depending on your specific requirements and organizational complexity. Vermeg's implementation team will work with you to develop a timeline that meets your needs.,implementation,Soliam
How long does Soliam take to go live?,Implementation time for Soliam varies depending on your specific requirements and organizational complexity. Vermeg's implementation team will work with you to develop a timeline that meets your needs.,implementation,Soliam
What's the time to value for Soliam?,Implementation time for Soliam varies depending on your specific requirements and organizational complexity. Vermeg's implementation team will work with you to develop a timeline that meets your needs.,implementation,Soliam
What's the delivery timeframe for Soliam?,Implementation time for Soliam varies depending on your specific requirements and organizational complexity. Vermeg's implementation team will work with you to develop a timeline that meets your needs.,implementation,Soliam
What should I know about Solife?,Vermeg Solife is a comprehensive life insurance platform that manages the entire lifecycle of life insurance products.,general_info,Solife
Help me understand Solife,Vermeg Solife is a comprehensive life insurance platform that manages the entire lifecycle of life insurance products.,general_info,Solife
I'm interested in learning about Solife,Vermeg Solife is a comprehensive life insurance platform that manages the entire lifecycle of life insurance products.,general_info,Solife
I'd like to know about Solife,Vermeg Solife is a comprehensive life insurance platform that manages the entire lifecycle of life insurance products.,general_info,Solife
Explain Solife to me,Vermeg Solife is a comprehensive life insurance platform that manages the entire lifecycle of life insurance products. It offers comprehensive functionality to help organizations improve their operations and meet regulatory requirements.,general_info,Solife
Could you describe Solife?,Vermeg Solife is a comprehensive life insurance platform that manages the entire lifecycle of life insurance products. It offers comprehensive functionality to help organizations improve their operations and meet regulatory requirements.,general_info,Solife
How does Solife work?,Solife vermeg solife is a comprehensive life insurance platform that manages the entire lifecycle of life insurance products. The solution helps organizations streamline their processes and achieve better outcomes.,functionality,Solife
What is Solife designed to do?,Solife vermeg solife is a comprehensive life insurance platform that manages the entire lifecycle of life insurance products. The solution helps organizations streamline their processes and achieve better outcomes.,functionality,Solife
How does Solife help?,Solife vermeg solife is a comprehensive life insurance platform that manages the entire lifecycle of life insurance products. The solution helps organizations streamline their processes and achieve better outcomes.,functionality,Solife
What tasks does Solife perform?,Solife vermeg solife is a comprehensive life insurance platform that manages the entire lifecycle of life insurance products. The solution helps organizations streamline their processes and achieve better outcomes.,functionality,Solife
What exactly is Solife?,Certainly! Vermeg Solife is a comprehensive life insurance platform that manages the entire lifecycle of life insurance products. This makes it an ideal choice for organizations looking to enhance their operational capabilities.,general_info,Solife
What can you tell me about Solife?,Certainly! Vermeg Solife is a comprehensive life insurance platform that manages the entire lifecycle of life insurance products. This makes it an ideal choice for organizations looking to enhance their operational capabilities.,general_info,Solife
What can I do with Solife?,"The key features of Solife include: Policy administration, Premium management, Claims processing, Regulatory compliance, Customer management.",features,Solife
List the features of Solife,"The key features of Solife include: Policy administration, Premium management, Claims processing, Regulatory compliance, Customer management.",features,Solife
What functions does Solife offer?,"The key features of Solife include: Policy administration, Premium management, Claims processing, Regulatory compliance, Customer management.",features,Solife
What can Solife do?,"The key features of Solife include: Policy administration, Premium management, Claims processing, Regulatory compliance, Customer management.",features,Solife
What functionality is included in Solife?,"Solife offers the following capabilities: Policy administration, Premium management, Claims processing, Regulatory compliance, Customer management.",features,Solife
What tools does Solife provide?,"Solife provides comprehensive functionality including: Policy administration, Premium management, Claims processing, Regulatory compliance, Customer management.",features,Solife
What are the technical capabilities of Solife?,"Solife provides comprehensive functionality including: Policy administration, Premium management, Claims processing, Regulatory compliance, Customer management.",features,Solife
What positive impact can Solife have?,"The key benefits of Solife include: Streamlined operations, Improved customer experience, Regulatory compliance, Reduced costs, Enhanced efficiency.",benefits,Solife
How can Solife improve my operations?,"The key benefits of Solife include: Streamlined operations, Improved customer experience, Regulatory compliance, Reduced costs, Enhanced efficiency.",benefits,Solife
How will Solife benefit my business?,"The key benefits of Solife include: Streamlined operations, Improved customer experience, Regulatory compliance, Reduced costs, Enhanced efficiency.",benefits,Solife
What are the business benefits of Solife?,"The key benefits of Solife include: Streamlined operations, Improved customer experience, Regulatory compliance, Reduced costs, Enhanced efficiency.",benefits,Solife
How does Solife add value?,"The key benefits of Solife include: Streamlined operations, Improved customer experience, Regulatory compliance, Reduced costs, Enhanced efficiency.",benefits,Solife
What makes Solife valuable?,"You should choose Solife because it provides: Streamlined operations, Improved customer experience, Regulatory compliance, Reduced costs, Enhanced efficiency. These advantages help organizations achieve their business objectives more effectively.",benefits,Solife
What value does Solife provide?,"You should choose Solife because it provides: Streamlined operations, Improved customer experience, Regulatory compliance, Reduced costs, Enhanced efficiency. These advantages help organizations achieve their business objectives more effectively.",benefits,Solife
In which industries is Solife used?,"Solife is commonly used for: Life insurance administration, Policy management, Claims processing, Customer service.",use_cases,Solife
Where can Solife be applied?,"Solife is commonly used for: Life insurance administration, Policy management, Claims processing, Customer service.",use_cases,Solife
In what situations is Solife useful?,"Solife is commonly used for: Life insurance administration, Policy management, Claims processing, Customer service.",use_cases,Solife
When is Solife most effective?,"You should consider Solife for: Life insurance administration, Policy management, Claims processing, Customer service. It's particularly effective in these scenarios.",use_cases,Solife
What scenarios is Solife designed for?,"You should consider Solife for: Life insurance administration, Policy management, Claims processing, Customer service. It's particularly effective in these scenarios.",use_cases,Solife
What business problems can Solife address?,"You should consider Solife for: Life insurance administration, Policy management, Claims processing, Customer service. It's particularly effective in these scenarios.",use_cases,Solife
How is Solife typically implemented?,"Solife helps solve challenges related to: Life insurance administration, Policy management, Claims processing, Customer service. It provides comprehensive solutions for these business needs.",use_cases,Solife
What challenges does Solife help with?,"Solife helps solve challenges related to: Life insurance administration, Policy management, Claims processing, Customer service. It provides comprehensive solutions for these business needs.",use_cases,Solife
For what purposes is Solife designed?,"Solife helps solve challenges related to: Life insurance administration, Policy management, Claims processing, Customer service. It provides comprehensive solutions for these business needs.",use_cases,Solife
How can I implement Solife?,"To implement Solife, please contact Vermeg directly. Our team will assess your specific needs and provide detailed information about implementation, pricing, and support options.",acquisition,Solife
How can I start using Solife?,"To implement Solife, please contact Vermeg directly. Our team will assess your specific needs and provide detailed information about implementation, pricing, and support options.",acquisition,Solife
How do I obtain Solife?,"To implement Solife, please contact Vermeg directly. Our team will assess your specific needs and provide detailed information about implementation, pricing, and support options.",acquisition,Solife
What's the procurement process for Solife?,"To implement Solife, please contact Vermeg directly. Our team will assess your specific needs and provide detailed information about implementation, pricing, and support options.",acquisition,Solife
How do I request Solife?,"To implement Solife, please contact Vermeg directly. Our team will assess your specific needs and provide detailed information about implementation, pricing, and support options.",acquisition,Solife
Would Solife work for my company?,"Solife is designed to meet diverse business requirements in the financial services industry. To determine if it's suitable for your specific needs, please contact Vermeg for a detailed consultation and assessment.",suitability,Solife
Would Solife fit our organization?,"Solife is designed to meet diverse business requirements in the financial services industry. To determine if it's suitable for your specific needs, please contact Vermeg for a detailed consultation and assessment.",suitability,Solife
Should my business consider Solife?,"Solife is designed to meet diverse business requirements in the financial services industry. To determine if it's suitable for your specific needs, please contact Vermeg for a detailed consultation and assessment.",suitability,Solife
Would Solife be suitable for our requirements?,"Solife is designed to meet diverse business requirements in the financial services industry. To determine if it's suitable for your specific needs, please contact Vermeg for a detailed consultation and assessment.",suitability,Solife
What's the time to value for Solife?,Implementation time for Solife varies depending on your specific requirements and organizational complexity. Vermeg's implementation team will work with you to develop a timeline that meets your needs.,implementation,Solife
How long is the Solife implementation project?,Implementation time for Solife varies depending on your specific requirements and organizational complexity. Vermeg's implementation team will work with you to develop a timeline that meets your needs.,implementation,Solife
How quickly can Solife be deployed?,Implementation time for Solife varies depending on your specific requirements and organizational complexity. Vermeg's implementation team will work with you to develop a timeline that meets your needs.,implementation,Solife
How long before Solife is operational?,Implementation time for Solife varies depending on your specific requirements and organizational complexity. Vermeg's implementation team will work with you to develop a timeline that meets your needs.,implementation,Solife
What's the rollout timeline for Solife?,Implementation time for Solife varies depending on your specific requirements and organizational complexity. Vermeg's implementation team will work with you to develop a timeline that meets your needs.,implementation,Solife
How does Fast Track compare to other Vermeg solutions?,"Fast Track is one of Vermeg's specialized solutions with unique capabilities. Each Vermeg solution is designed for specific use cases. To understand how Fast Track compares to other solutions for your specific needs, please contact Vermeg for a detailed comparison and consultation.",comparison,Fast Track
What makes Fast Track different from other solutions?,Fast Track has distinctive features and capabilities that set it apart. The specific differences depend on your requirements and the solutions you're comparing. Vermeg can provide a detailed analysis of how Fast Track differs from other options in the market.,comparison,Fast Track
Is Fast Track better than competing products?,"Fast Track is designed with Vermeg's expertise in financial services to provide superior functionality and value. The best choice depends on your specific requirements, existing infrastructure, and business objectives. Contact Vermeg for a detailed comparison with your current solutions.",comparison,Fast Track
How does Solife compare to other Vermeg solutions?,"Solife is one of Vermeg's specialized solutions with unique capabilities. Each Vermeg solution is designed for specific use cases. To understand how Solife compares to other solutions for your specific needs, please contact Vermeg for a detailed comparison and consultation.",comparison,Solife
What makes Solife different from other solutions?,Solife has distinctive features and capabilities that set it apart. The specific differences depend on your requirements and the solutions you're comparing. Vermeg can provide a detailed analysis of how Solife differs from other options in the market.,comparison,Solife
Is Solife better than competing products?,"Solife is designed with Vermeg's expertise in financial services to provide superior functionality and value. The best choice depends on your specific requirements, existing infrastructure, and business objectives. Contact Vermeg for a detailed comparison with your current solutions.",comparison,Solife
How does Collateral Email Channel Automation compare to other Vermeg solutions?,"Collateral Email Channel Automation is one of Vermeg's specialized solutions with unique capabilities. Each Vermeg solution is designed for specific use cases. To understand how Collateral Email Channel Automation compares to other solutions for your specific needs, please contact Vermeg for a detailed comparison and consultation.",comparison,Collateral Email Channel Automation
What makes Collateral Email Channel Automation different from other solutions?,Collateral Email Channel Automation has distinctive features and capabilities that set it apart. The specific differences depend on your requirements and the solutions you're comparing. Vermeg can provide a detailed analysis of how Collateral Email Channel Automation differs from other options in the market.,comparison,Collateral Email Channel Automation
Is Collateral Email Channel Automation better than competing products?,"Collateral Email Channel Automation is designed with Vermeg's expertise in financial services to provide superior functionality and value. The best choice depends on your specific requirements, existing infrastructure, and business objectives. Contact Vermeg for a detailed comparison with your current solutions.",comparison,Collateral Email Channel Automation
How does Individual Life & Health Insurance compare to other Vermeg solutions?,"Individual Life & Health Insurance is one of Vermeg's specialized solutions with unique capabilities. Each Vermeg solution is designed for specific use cases. To understand how Individual Life & Health Insurance compares to other solutions for your specific needs, please contact Vermeg for a detailed comparison and consultation.",comparison,Individual Life & Health Insurance
What makes Individual Life & Health Insurance different from other solutions?,Individual Life & Health Insurance has distinctive features and capabilities that set it apart. The specific differences depend on your requirements and the solutions you're comparing. Vermeg can provide a detailed analysis of how Individual Life & Health Insurance differs from other options in the market.,comparison,Individual Life & Health Insurance
Is Individual Life & Health Insurance better than competing products?,"Individual Life & Health Insurance is designed with Vermeg's expertise in financial services to provide superior functionality and value. The best choice depends on your specific requirements, existing infrastructure, and business objectives. Contact Vermeg for a detailed comparison with your current solutions.",comparison,Individual Life & Health Insurance
How does Oversight Limits compare to other Vermeg solutions?,"Oversight Limits is one of Vermeg's specialized solutions with unique capabilities. Each Vermeg solution is designed for specific use cases. To understand how Oversight Limits compares to other solutions for your specific needs, please contact Vermeg for a detailed comparison and consultation.",comparison,Oversight Limits
What makes Oversight Limits different from other solutions?,Oversight Limits has distinctive features and capabilities that set it apart. The specific differences depend on your requirements and the solutions you're comparing. Vermeg can provide a detailed analysis of how Oversight Limits differs from other options in the market.,comparison,Oversight Limits
Is Oversight Limits better than competing products?,"Oversight Limits is designed with Vermeg's expertise in financial services to provide superior functionality and value. The best choice depends on your specific requirements, existing infrastructure, and business objectives. Contact Vermeg for a detailed comparison with your current solutions.",comparison,Oversight Limits
How does Client Data Collector compare to other Vermeg solutions?,"Client Data Collector is one of Vermeg's specialized solutions with unique capabilities. Each Vermeg solution is designed for specific use cases. To understand how Client Data Collector compares to other solutions for your specific needs, please contact Vermeg for a detailed comparison and consultation.",comparison,Client Data Collector
What makes Client Data Collector different from other solutions?,Client Data Collector has distinctive features and capabilities that set it apart. The specific differences depend on your requirements and the solutions you're comparing. Vermeg can provide a detailed analysis of how Client Data Collector differs from other options in the market.,comparison,Client Data Collector
Is Client Data Collector better than competing products?,"Client Data Collector is designed with Vermeg's expertise in financial services to provide superior functionality and value. The best choice depends on your specific requirements, existing infrastructure, and business objectives. Contact Vermeg for a detailed comparison with your current solutions.",comparison,Client Data Collector
How does Easy Collateral compare to other Vermeg solutions?,"Easy Collateral is one of Vermeg's specialized solutions with unique capabilities. Each Vermeg solution is designed for specific use cases. To understand how Easy Collateral compares to other solutions for your specific needs, please contact Vermeg for a detailed comparison and consultation.",comparison,Easy Collateral
What makes Easy Collateral different from other solutions?,Easy Collateral has distinctive features and capabilities that set it apart. The specific differences depend on your requirements and the solutions you're comparing. Vermeg can provide a detailed analysis of how Easy Collateral differs from other options in the market.,comparison,Easy Collateral
Is Easy Collateral better than competing products?,"Easy Collateral is designed with Vermeg's expertise in financial services to provide superior functionality and value. The best choice depends on your specific requirements, existing infrastructure, and business objectives. Contact Vermeg for a detailed comparison with your current solutions.",comparison,Easy Collateral
How does Money for Life compare to other Vermeg solutions?,"Money for Life is one of Vermeg's specialized solutions with unique capabilities. Each Vermeg solution is designed for specific use cases. To understand how Money for Life compares to other solutions for your specific needs, please contact Vermeg for a detailed comparison and consultation.",comparison,Money for Life
What makes Money for Life different from other solutions?,Money for Life has distinctive features and capabilities that set it apart. The specific differences depend on your requirements and the solutions you're comparing. Vermeg can provide a detailed analysis of how Money for Life differs from other options in the market.,comparison,Money for Life
Is Money for Life better than competing products?,"Money for Life is designed with Vermeg's expertise in financial services to provide superior functionality and value. The best choice depends on your specific requirements, existing infrastructure, and business objectives. Contact Vermeg for a detailed comparison with your current solutions.",comparison,Money for Life
How does Megara compare to other Vermeg solutions?,"Megara is one of Vermeg's specialized solutions with unique capabilities. Each Vermeg solution is designed for specific use cases. To understand how Megara compares to other solutions for your specific needs, please contact Vermeg for a detailed comparison and consultation.",comparison,Megara
What makes Megara different from other solutions?,Megara has distinctive features and capabilities that set it apart. The specific differences depend on your requirements and the solutions you're comparing. Vermeg can provide a detailed analysis of how Megara differs from other options in the market.,comparison,Megara
Is Megara better than competing products?,"Megara is designed with Vermeg's expertise in financial services to provide superior functionality and value. The best choice depends on your specific requirements, existing infrastructure, and business objectives. Contact Vermeg for a detailed comparison with your current solutions.",comparison,Megara
How does Digital Commercial Agreement compare to other Vermeg solutions?,"Digital Commercial Agreement is one of Vermeg's specialized solutions with unique capabilities. Each Vermeg solution is designed for specific use cases. To understand how Digital Commercial Agreement compares to other solutions for your specific needs, please contact Vermeg for a detailed comparison and consultation.",comparison,Digital Commercial Agreement
What makes Digital Commercial Agreement different from other solutions?,Digital Commercial Agreement has distinctive features and capabilities that set it apart. The specific differences depend on your requirements and the solutions you're comparing. Vermeg can provide a detailed analysis of how Digital Commercial Agreement differs from other options in the market.,comparison,Digital Commercial Agreement
Is Digital Commercial Agreement better than competing products?,"Digital Commercial Agreement is designed with Vermeg's expertise in financial services to provide superior functionality and value. The best choice depends on your specific requirements, existing infrastructure, and business objectives. Contact Vermeg for a detailed comparison with your current solutions.",comparison,Digital Commercial Agreement
Can Fast Track be used in banking?,"Yes, Fast Track is designed for the financial services industry and can be effectively used in banking. Vermeg's solutions are built with deep understanding of various financial sectors. Contact Vermeg to discuss how Fast Track can be tailored to your specific banking requirements.",industry_specific,Fast Track
Is Fast Track suitable for banking organizations?,Fast Track is well-suited for banking organizations as it's designed specifically for the financial services sector. Vermeg has extensive experience working with banking clients and can customize Fast Track to meet sector-specific needs and regulatory requirements.,industry_specific,Fast Track
Can Fast Track be used in insurance?,"Yes, Fast Track is designed for the financial services industry and can be effectively used in insurance. Vermeg's solutions are built with deep understanding of various financial sectors. Contact Vermeg to discuss how Fast Track can be tailored to your specific insurance requirements.",industry_specific,Fast Track
Is Fast Track suitable for insurance organizations?,Fast Track is well-suited for insurance organizations as it's designed specifically for the financial services sector. Vermeg has extensive experience working with insurance clients and can customize Fast Track to meet sector-specific needs and regulatory requirements.,industry_specific,Fast Track
Can Fast Track be used in asset management?,"Yes, Fast Track is designed for the financial services industry and can be effectively used in asset management. Vermeg's solutions are built with deep understanding of various financial sectors. Contact Vermeg to discuss how Fast Track can be tailored to your specific asset management requirements.",industry_specific,Fast Track
Is Fast Track suitable for asset management organizations?,Fast Track is well-suited for asset management organizations as it's designed specifically for the financial services sector. Vermeg has extensive experience working with asset management clients and can customize Fast Track to meet sector-specific needs and regulatory requirements.,industry_specific,Fast Track
Can Solife be used in banking?,"Yes, Solife is designed for the financial services industry and can be effectively used in banking. Vermeg's solutions are built with deep understanding of various financial sectors. Contact Vermeg to discuss how Solife can be tailored to your specific banking requirements.",industry_specific,Solife
Is Solife suitable for banking organizations?,Solife is well-suited for banking organizations as it's designed specifically for the financial services sector. Vermeg has extensive experience working with banking clients and can customize Solife to meet sector-specific needs and regulatory requirements.,industry_specific,Solife
Can Solife be used in insurance?,"Yes, Solife is designed for the financial services industry and can be effectively used in insurance. Vermeg's solutions are built with deep understanding of various financial sectors. Contact Vermeg to discuss how Solife can be tailored to your specific insurance requirements.",industry_specific,Solife
Is Solife suitable for insurance organizations?,Solife is well-suited for insurance organizations as it's designed specifically for the financial services sector. Vermeg has extensive experience working with insurance clients and can customize Solife to meet sector-specific needs and regulatory requirements.,industry_specific,Solife
Can Solife be used in asset management?,"Yes, Solife is designed for the financial services industry and can be effectively used in asset management. Vermeg's solutions are built with deep understanding of various financial sectors. Contact Vermeg to discuss how Solife can be tailored to your specific asset management requirements.",industry_specific,Solife
Is Solife suitable for asset management organizations?,Solife is well-suited for asset management organizations as it's designed specifically for the financial services sector. Vermeg has extensive experience working with asset management clients and can customize Solife to meet sector-specific needs and regulatory requirements.,industry_specific,Solife
Can Collateral Email Channel Automation be used in banking?,"Yes, Collateral Email Channel Automation is designed for the financial services industry and can be effectively used in banking. Vermeg's solutions are built with deep understanding of various financial sectors. Contact Vermeg to discuss how Collateral Email Channel Automation can be tailored to your specific banking requirements.",industry_specific,Collateral Email Channel Automation
Is Collateral Email Channel Automation suitable for banking organizations?,Collateral Email Channel Automation is well-suited for banking organizations as it's designed specifically for the financial services sector. Vermeg has extensive experience working with banking clients and can customize Collateral Email Channel Automation to meet sector-specific needs and regulatory requirements.,industry_specific,Collateral Email Channel Automation
Can Collateral Email Channel Automation be used in insurance?,"Yes, Collateral Email Channel Automation is designed for the financial services industry and can be effectively used in insurance. Vermeg's solutions are built with deep understanding of various financial sectors. Contact Vermeg to discuss how Collateral Email Channel Automation can be tailored to your specific insurance requirements.",industry_specific,Collateral Email Channel Automation
Is Collateral Email Channel Automation suitable for insurance organizations?,Collateral Email Channel Automation is well-suited for insurance organizations as it's designed specifically for the financial services sector. Vermeg has extensive experience working with insurance clients and can customize Collateral Email Channel Automation to meet sector-specific needs and regulatory requirements.,industry_specific,Collateral Email Channel Automation
Can Collateral Email Channel Automation be used in asset management?,"Yes, Collateral Email Channel Automation is designed for the financial services industry and can be effectively used in asset management. Vermeg's solutions are built with deep understanding of various financial sectors. Contact Vermeg to discuss how Collateral Email Channel Automation can be tailored to your specific asset management requirements.",industry_specific,Collateral Email Channel Automation
Is Collateral Email Channel Automation suitable for asset management organizations?,Collateral Email Channel Automation is well-suited for asset management organizations as it's designed specifically for the financial services sector. Vermeg has extensive experience working with asset management clients and can customize Collateral Email Channel Automation to meet sector-specific needs and regulatory requirements.,industry_specific,Collateral Email Channel Automation
Can Individual Life & Health Insurance be used in banking?,"Yes, Individual Life & Health Insurance is designed for the financial services industry and can be effectively used in banking. Vermeg's solutions are built with deep understanding of various financial sectors. Contact Vermeg to discuss how Individual Life & Health Insurance can be tailored to your specific banking requirements.",industry_specific,Individual Life & Health Insurance
Is Individual Life & Health Insurance suitable for banking organizations?,Individual Life & Health Insurance is well-suited for banking organizations as it's designed specifically for the financial services sector. Vermeg has extensive experience working with banking clients and can customize Individual Life & Health Insurance to meet sector-specific needs and regulatory requirements.,industry_specific,Individual Life & Health Insurance
Can Individual Life & Health Insurance be used in insurance?,"Yes, Individual Life & Health Insurance is designed for the financial services industry and can be effectively used in insurance. Vermeg's solutions are built with deep understanding of various financial sectors. Contact Vermeg to discuss how Individual Life & Health Insurance can be tailored to your specific insurance requirements.",industry_specific,Individual Life & Health Insurance
Is Individual Life & Health Insurance suitable for insurance organizations?,Individual Life & Health Insurance is well-suited for insurance organizations as it's designed specifically for the financial services sector. Vermeg has extensive experience working with insurance clients and can customize Individual Life & Health Insurance to meet sector-specific needs and regulatory requirements.,industry_specific,Individual Life & Health Insurance
Can Individual Life & Health Insurance be used in asset management?,"Yes, Individual Life & Health Insurance is designed for the financial services industry and can be effectively used in asset management. Vermeg's solutions are built with deep understanding of various financial sectors. Contact Vermeg to discuss how Individual Life & Health Insurance can be tailored to your specific asset management requirements.",industry_specific,Individual Life & Health Insurance
Is Individual Life & Health Insurance suitable for asset management organizations?,Individual Life & Health Insurance is well-suited for asset management organizations as it's designed specifically for the financial services sector. Vermeg has extensive experience working with asset management clients and can customize Individual Life & Health Insurance to meet sector-specific needs and regulatory requirements.,industry_specific,Individual Life & Health Insurance
Can Oversight Limits be used in banking?,"Yes, Oversight Limits is designed for the financial services industry and can be effectively used in banking. Vermeg's solutions are built with deep understanding of various financial sectors. Contact Vermeg to discuss how Oversight Limits can be tailored to your specific banking requirements.",industry_specific,Oversight Limits
Is Oversight Limits suitable for banking organizations?,Oversight Limits is well-suited for banking organizations as it's designed specifically for the financial services sector. Vermeg has extensive experience working with banking clients and can customize Oversight Limits to meet sector-specific needs and regulatory requirements.,industry_specific,Oversight Limits
Can Oversight Limits be used in insurance?,"Yes, Oversight Limits is designed for the financial services industry and can be effectively used in insurance. Vermeg's solutions are built with deep understanding of various financial sectors. Contact Vermeg to discuss how Oversight Limits can be tailored to your specific insurance requirements.",industry_specific,Oversight Limits
Is Oversight Limits suitable for insurance organizations?,Oversight Limits is well-suited for insurance organizations as it's designed specifically for the financial services sector. Vermeg has extensive experience working with insurance clients and can customize Oversight Limits to meet sector-specific needs and regulatory requirements.,industry_specific,Oversight Limits
Can Oversight Limits be used in asset management?,"Yes, Oversight Limits is designed for the financial services industry and can be effectively used in asset management. Vermeg's solutions are built with deep understanding of various financial sectors. Contact Vermeg to discuss how Oversight Limits can be tailored to your specific asset management requirements.",industry_specific,Oversight Limits
Is Oversight Limits suitable for asset management organizations?,Oversight Limits is well-suited for asset management organizations as it's designed specifically for the financial services sector. Vermeg has extensive experience working with asset management clients and can customize Oversight Limits to meet sector-specific needs and regulatory requirements.,industry_specific,Oversight Limits
Can Client Data Collector be used in banking?,"Yes, Client Data Collector is designed for the financial services industry and can be effectively used in banking. Vermeg's solutions are built with deep understanding of various financial sectors. Contact Vermeg to discuss how Client Data Collector can be tailored to your specific banking requirements.",industry_specific,Client Data Collector
Is Client Data Collector suitable for banking organizations?,Client Data Collector is well-suited for banking organizations as it's designed specifically for the financial services sector. Vermeg has extensive experience working with banking clients and can customize Client Data Collector to meet sector-specific needs and regulatory requirements.,industry_specific,Client Data Collector
Can Client Data Collector be used in insurance?,"Yes, Client Data Collector is designed for the financial services industry and can be effectively used in insurance. Vermeg's solutions are built with deep understanding of various financial sectors. Contact Vermeg to discuss how Client Data Collector can be tailored to your specific insurance requirements.",industry_specific,Client Data Collector
Is Client Data Collector suitable for insurance organizations?,Client Data Collector is well-suited for insurance organizations as it's designed specifically for the financial services sector. Vermeg has extensive experience working with insurance clients and can customize Client Data Collector to meet sector-specific needs and regulatory requirements.,industry_specific,Client Data Collector
Can Client Data Collector be used in asset management?,"Yes, Client Data Collector is designed for the financial services industry and can be effectively used in asset management. Vermeg's solutions are built with deep understanding of various financial sectors. Contact Vermeg to discuss how Client Data Collector can be tailored to your specific asset management requirements.",industry_specific,Client Data Collector
Is Client Data Collector suitable for asset management organizations?,Client Data Collector is well-suited for asset management organizations as it's designed specifically for the financial services sector. Vermeg has extensive experience working with asset management clients and can customize Client Data Collector to meet sector-specific needs and regulatory requirements.,industry_specific,Client Data Collector
Can Easy Collateral be used in banking?,"Yes, Easy Collateral is designed for the financial services industry and can be effectively used in banking. Vermeg's solutions are built with deep understanding of various financial sectors. Contact Vermeg to discuss how Easy Collateral can be tailored to your specific banking requirements.",industry_specific,Easy Collateral
Is Easy Collateral suitable for banking organizations?,Easy Collateral is well-suited for banking organizations as it's designed specifically for the financial services sector. Vermeg has extensive experience working with banking clients and can customize Easy Collateral to meet sector-specific needs and regulatory requirements.,industry_specific,Easy Collateral
Can Easy Collateral be used in insurance?,"Yes, Easy Collateral is designed for the financial services industry and can be effectively used in insurance. Vermeg's solutions are built with deep understanding of various financial sectors. Contact Vermeg to discuss how Easy Collateral can be tailored to your specific insurance requirements.",industry_specific,Easy Collateral
Is Easy Collateral suitable for insurance organizations?,Easy Collateral is well-suited for insurance organizations as it's designed specifically for the financial services sector. Vermeg has extensive experience working with insurance clients and can customize Easy Collateral to meet sector-specific needs and regulatory requirements.,industry_specific,Easy Collateral
Can Easy Collateral be used in asset management?,"Yes, Easy Collateral is designed for the financial services industry and can be effectively used in asset management. Vermeg's solutions are built with deep understanding of various financial sectors. Contact Vermeg to discuss how Easy Collateral can be tailored to your specific asset management requirements.",industry_specific,Easy Collateral
Is Easy Collateral suitable for asset management organizations?,Easy Collateral is well-suited for asset management organizations as it's designed specifically for the financial services sector. Vermeg has extensive experience working with asset management clients and can customize Easy Collateral to meet sector-specific needs and regulatory requirements.,industry_specific,Easy Collateral
Can Money for Life be used in banking?,"Yes, Money for Life is designed for the financial services industry and can be effectively used in banking. Vermeg's solutions are built with deep understanding of various financial sectors. Contact Vermeg to discuss how Money for Life can be tailored to your specific banking requirements.",industry_specific,Money for Life
Is Money for Life suitable for banking organizations?,Money for Life is well-suited for banking organizations as it's designed specifically for the financial services sector. Vermeg has extensive experience working with banking clients and can customize Money for Life to meet sector-specific needs and regulatory requirements.,industry_specific,Money for Life
Can Money for Life be used in insurance?,"Yes, Money for Life is designed for the financial services industry and can be effectively used in insurance. Vermeg's solutions are built with deep understanding of various financial sectors. Contact Vermeg to discuss how Money for Life can be tailored to your specific insurance requirements.",industry_specific,Money for Life
Is Money for Life suitable for insurance organizations?,Money for Life is well-suited for insurance organizations as it's designed specifically for the financial services sector. Vermeg has extensive experience working with insurance clients and can customize Money for Life to meet sector-specific needs and regulatory requirements.,industry_specific,Money for Life
Can Money for Life be used in asset management?,"Yes, Money for Life is designed for the financial services industry and can be effectively used in asset management. Vermeg's solutions are built with deep understanding of various financial sectors. Contact Vermeg to discuss how Money for Life can be tailored to your specific asset management requirements.",industry_specific,Money for Life
Is Money for Life suitable for asset management organizations?,Money for Life is well-suited for asset management organizations as it's designed specifically for the financial services sector. Vermeg has extensive experience working with asset management clients and can customize Money for Life to meet sector-specific needs and regulatory requirements.,industry_specific,Money for Life
What are the technical requirements for Fast Track?,"The technical requirements for Fast Track depend on your specific deployment scenario, data volumes, and integration needs. Vermeg's technical team will work with you to assess your infrastructure and provide detailed technical specifications and requirements for Fast Track.",technical,Fast Track
Can Fast Track integrate with our existing systems?,"Yes, Fast Track is designed with integration capabilities to work with existing financial systems. Vermeg provides comprehensive integration support and can work with your IT team to ensure seamless connectivity with your current infrastructure and applications.",technical,Fast Track
What support does Vermeg provide for Fast Track?,"Vermeg provides comprehensive support for Fast Track including implementation services, training, ongoing technical support, maintenance, and updates. Our support team has deep expertise in Fast Track and is committed to ensuring your success with the platform.",support,Fast Track
What are the technical requirements for Solife?,"The technical requirements for Solife depend on your specific deployment scenario, data volumes, and integration needs. Vermeg's technical team will work with you to assess your infrastructure and provide detailed technical specifications and requirements for Solife.",technical,Solife
Can Solife integrate with our existing systems?,"Yes, Solife is designed with integration capabilities to work with existing financial systems. Vermeg provides comprehensive integration support and can work with your IT team to ensure seamless connectivity with your current infrastructure and applications.",technical,Solife
What support does Vermeg provide for Solife?,"Vermeg provides comprehensive support for Solife including implementation services, training, ongoing technical support, maintenance, and updates. Our support team has deep expertise in Solife and is committed to ensuring your success with the platform.",support,Solife
What are the technical requirements for Collateral Email Channel Automation?,"The technical requirements for Collateral Email Channel Automation depend on your specific deployment scenario, data volumes, and integration needs. Vermeg's technical team will work with you to assess your infrastructure and provide detailed technical specifications and requirements for Collateral Email Channel Automation.",technical,Collateral Email Channel Automation
Can Collateral Email Channel Automation integrate with our existing systems?,"Yes, Collateral Email Channel Automation is designed with integration capabilities to work with existing financial systems. Vermeg provides comprehensive integration support and can work with your IT team to ensure seamless connectivity with your current infrastructure and applications.",technical,Collateral Email Channel Automation
What support does Vermeg provide for Collateral Email Channel Automation?,"Vermeg provides comprehensive support for Collateral Email Channel Automation including implementation services, training, ongoing technical support, maintenance, and updates. Our support team has deep expertise in Collateral Email Channel Automation and is committed to ensuring your success with the platform.",support,Collateral Email Channel Automation
What are the technical requirements for Individual Life & Health Insurance?,"The technical requirements for Individual Life & Health Insurance depend on your specific deployment scenario, data volumes, and integration needs. Vermeg's technical team will work with you to assess your infrastructure and provide detailed technical specifications and requirements for Individual Life & Health Insurance.",technical,Individual Life & Health Insurance
Can Individual Life & Health Insurance integrate with our existing systems?,"Yes, Individual Life & Health Insurance is designed with integration capabilities to work with existing financial systems. Vermeg provides comprehensive integration support and can work with your IT team to ensure seamless connectivity with your current infrastructure and applications.",technical,Individual Life & Health Insurance
What support does Vermeg provide for Individual Life & Health Insurance?,"Vermeg provides comprehensive support for Individual Life & Health Insurance including implementation services, training, ongoing technical support, maintenance, and updates. Our support team has deep expertise in Individual Life & Health Insurance and is committed to ensuring your success with the platform.",support,Individual Life & Health Insurance
What are the technical requirements for Oversight Limits?,"The technical requirements for Oversight Limits depend on your specific deployment scenario, data volumes, and integration needs. Vermeg's technical team will work with you to assess your infrastructure and provide detailed technical specifications and requirements for Oversight Limits.",technical,Oversight Limits
Can Oversight Limits integrate with our existing systems?,"Yes, Oversight Limits is designed with integration capabilities to work with existing financial systems. Vermeg provides comprehensive integration support and can work with your IT team to ensure seamless connectivity with your current infrastructure and applications.",technical,Oversight Limits
What support does Vermeg provide for Oversight Limits?,"Vermeg provides comprehensive support for Oversight Limits including implementation services, training, ongoing technical support, maintenance, and updates. Our support team has deep expertise in Oversight Limits and is committed to ensuring your success with the platform.",support,Oversight Limits
What are the technical requirements for Client Data Collector?,"The technical requirements for Client Data Collector depend on your specific deployment scenario, data volumes, and integration needs. Vermeg's technical team will work with you to assess your infrastructure and provide detailed technical specifications and requirements for Client Data Collector.",technical,Client Data Collector
Can Client Data Collector integrate with our existing systems?,"Yes, Client Data Collector is designed with integration capabilities to work with existing financial systems. Vermeg provides comprehensive integration support and can work with your IT team to ensure seamless connectivity with your current infrastructure and applications.",technical,Client Data Collector
What support does Vermeg provide for Client Data Collector?,"Vermeg provides comprehensive support for Client Data Collector including implementation services, training, ongoing technical support, maintenance, and updates. Our support team has deep expertise in Client Data Collector and is committed to ensuring your success with the platform.",support,Client Data Collector
What are the technical requirements for Easy Collateral?,"The technical requirements for Easy Collateral depend on your specific deployment scenario, data volumes, and integration needs. Vermeg's technical team will work with you to assess your infrastructure and provide detailed technical specifications and requirements for Easy Collateral.",technical,Easy Collateral
Can Easy Collateral integrate with our existing systems?,"Yes, Easy Collateral is designed with integration capabilities to work with existing financial systems. Vermeg provides comprehensive integration support and can work with your IT team to ensure seamless connectivity with your current infrastructure and applications.",technical,Easy Collateral
What support does Vermeg provide for Easy Collateral?,"Vermeg provides comprehensive support for Easy Collateral including implementation services, training, ongoing technical support, maintenance, and updates. Our support team has deep expertise in Easy Collateral and is committed to ensuring your success with the platform.",support,Easy Collateral
What are the technical requirements for Money for Life?,"The technical requirements for Money for Life depend on your specific deployment scenario, data volumes, and integration needs. Vermeg's technical team will work with you to assess your infrastructure and provide detailed technical specifications and requirements for Money for Life.",technical,Money for Life
Can Money for Life integrate with our existing systems?,"Yes, Money for Life is designed with integration capabilities to work with existing financial systems. Vermeg provides comprehensive integration support and can work with your IT team to ensure seamless connectivity with your current infrastructure and applications.",technical,Money for Life
What support does Vermeg provide for Money for Life?,"Vermeg provides comprehensive support for Money for Life including implementation services, training, ongoing technical support, maintenance, and updates. Our support team has deep expertise in Money for Life and is committed to ensuring your success with the platform.",support,Money for Life
What are the technical requirements for Megara?,"The technical requirements for Megara depend on your specific deployment scenario, data volumes, and integration needs. Vermeg's technical team will work with you to assess your infrastructure and provide detailed technical specifications and requirements for Megara.",technical,Megara
Can Megara integrate with our existing systems?,"Yes, Megara is designed with integration capabilities to work with existing financial systems. Vermeg provides comprehensive integration support and can work with your IT team to ensure seamless connectivity with your current infrastructure and applications.",technical,Megara
What support does Vermeg provide for Megara?,"Vermeg provides comprehensive support for Megara including implementation services, training, ongoing technical support, maintenance, and updates. Our support team has deep expertise in Megara and is committed to ensuring your success with the platform.",support,Megara
What are the technical requirements for Digital Commercial Agreement?,"The technical requirements for Digital Commercial Agreement depend on your specific deployment scenario, data volumes, and integration needs. Vermeg's technical team will work with you to assess your infrastructure and provide detailed technical specifications and requirements for Digital Commercial Agreement.",technical,Digital Commercial Agreement
Can Digital Commercial Agreement integrate with our existing systems?,"Yes, Digital Commercial Agreement is designed with integration capabilities to work with existing financial systems. Vermeg provides comprehensive integration support and can work with your IT team to ensure seamless connectivity with your current infrastructure and applications.",technical,Digital Commercial Agreement
What support does Vermeg provide for Digital Commercial Agreement?,"Vermeg provides comprehensive support for Digital Commercial Agreement including implementation services, training, ongoing technical support, maintenance, and updates. Our support team has deep expertise in Digital Commercial Agreement and is committed to ensuring your success with the platform.",support,Digital Commercial Agreement
